{
	"format_version": "1.8.0",
	"animations": {
		"animation.model.draw": {
			"animation_length": 1.2,
			"bones": {
				"main": {
					"rotation": {
						"0.0": {
							"vector": [32.09413, -54.38778, -8.29667]
						},
						"0.25": {
							"vector": [1.77698, -9.99529, -4.30852]
						},
						"0.4": {
							"vector": [0.58201, -1.04064, 2.6563]
						},
						"0.5": {
							"vector": [0.33587, 0.38756, -0.40013]
						},
						"0.6": {
							"vector": [0, 0, 0]
						}
					},
					"position": {
						"0.0": {
							"vector": [0, -17.3, 0]
						},
						"0.1": {
							"vector": [0, -7.41, -4.07]
						},
						"0.25": {
							"vector": [-0.4, -1.2, -2.75]
						},
						"0.35": {
							"vector": [0.4, 0, -1.9]
						},
						"0.5": {
							"vector": [0, 0, 0]
						}
					}
				},
				"leftarm": {
					"rotation": {
						"0.0": {
							"vector": [0, 0, 0]
						},
						"0.2": {
							"vector": [1, 0, -22]
						},
						"0.4": {
							"vector": [0, 0, 0]
						}
					},
					"position": {
						"0.0": {
							"vector": [0, 0, 0]
						},
						"0.2": {
							"vector": [3.53901, 3.6754, 5.59783]
						},
						"0.4": {
							"vector": [0, 0, 0]
						}
					}
				}
			}
		},
		"animation.model.fire": {
			"loop": true,
			"animation_length": 0.16,
			"bones": {
				"action": {
					"position": {
						"0.0": {
							"vector": [0, 0, 0]
						},
						"0.04": {
							"vector": [0, 0, 11]
						}
					}
				},
				"main": {
					"rotation": {
						"0.0": {
							"vector": [0, 0, 0]
						},
						"0.04": {
							"vector": [1.40528, -0.8075, -3.33736]
						},
						"0.08": {
							"vector": [2.50198, -0.75289, 0.11115]
						},
						"0.12": {
							"vector": [0, 0, 0]
						}
					},
					"position": {
						"0.0": {
							"vector": [0, 0, 0]
						},
						"0.04": {
							"vector": [0, -0.2, -1.625]
						},
						"0.08": {
							"vector": [0, 0, 0]
						},
						"0.12": {
							"vector": [0, 0, 0]
						}
					}
				},
				"bone7": {
					"position": {
						"0.0": {
							"vector": [0, 0, 0]
						},
						"0.04": {
							"vector": [0, 0, 5.7]
						},
						"0.12": {
							"vector": [0, 0, 0]
						}
					}
				},
				"belt": {
					"position": {
						"0.0": {
							"vector": [0, 0, 0]
						},
						"0.04": {
							"vector": [0, 0, 9.9]
						},
						"0.12": {
							"vector": [0, 0, 0]
						}
					}
				},
				"bullet": {
					"rotation": {
						"0.0": {
							"vector": [0, 0, 0]
						},
						"0.08": {
							"vector": [217.5, -412.5, 0]
						}
					},
					"position": {
						"0.0": {
							"vector": [0, 0, 0]
						},
						"0.04": {
							"vector": [-17, 5, -1]
						},
						"0.08": {
							"vector": [-43, 7, 12]
						}
					},
					"scale": {
						"0.0": {
							"vector": [1, 1, 1]
						},
						"0.04": {
							"vector": [1, 1, 1]
						},
						"0.08": {
							"vector": [0, 0, 0]
						}
					}
				},
				"rightarm": {
					"rotation": {
						"vector": [0, 0, 0]
					},
					"position": {
						"0.0": {
							"vector": [0, 0, 0]
						},
						"0.04": {
							"vector": [0, 0, 2]
						},
						"0.08": {
							"vector": [0, 0, 0]
						}
					}
				},
				"leftarm": {
					"rotation": {
						"0.0": {
							"vector": [0, 0, 0]
						},
						"0.04": {
							"vector": [-2.5, 0, 0]
						},
						"0.12": {
							"vector": [0, 0, 0]
						}
					},
					"position": {
						"0.0": {
							"vector": [0, 0, 0]
						},
						"0.04": {
							"vector": [0, -1, 0]
						},
						"0.12": {
							"vector": [0, 0, 0]
						}
					}
				}
			}
		},
		"animation.model.reloadempty": {
			"animation_length": 2.66667,
			"blend_weight": "1",
			"bones": {
				"main": {
					"rotation": {
						"0.0": {
							"vector": [0, 0, 0]
						},
						"0.1667": {
							"vector": [1.72965, -0.26618, -2.00402]
						},
						"0.3333": {
							"vector": [1.7596, 0.04002, -19.11872]
						},
						"0.4333": {
							"vector": [3.00128, 0.24539, -21.74591]
						},
						"0.5": {
							"vector": [1.99354, 0.33386, -33.22869]
						},
						"0.6": {
							"vector": [2.6616, 0.78652, -28.2028]
						},
						"0.7333": {
							"vector": [3.47834, -0.24767, -17.49625]
						},
						"0.9333": {
							"vector": [2.99485, 0.22967, -20.97372]
						},
						"1.0": {
							"vector": [2.98503, 0.334, -22.97102]
						},
						"1.0667": {
							"vector": [3.50345, 0.03339, -13.47884]
						},
						"1.2": {
							"vector": [3.73366, 0.53142, -18.45848]
						},
						"1.3333": {
							"vector": [3.15196, 0.15136, -15.38599],
							"easing": "easeOutSine"
						},
						"1.5": {
							"vector": [1.71622, -1.30038, -32.42872]
						},
						"1.6": {
							"vector": [2.28734, -1.45088, -35.68577]
						},
						"1.6667": {
							"vector": [1.51318, -1.35242, -31.02827]
						},
						"1.7667": {
							"vector": [0.62587, -0.91111, -37.16626]
						},
						"1.8333": {
							"vector": [0.58553, -0.93755, -34.66608]
						},
						"1.9": {
							"vector": [1.62841, -0.97711, -34.6058]
						},
						"2.0": {
							"vector": [1.5342, -1.11833, -29.48188]
						},
						"2.2333": {
							"vector": [0.45938, -0.18327, 1.9237]
						},
						"2.4": {
							"vector": [0, 0, 0],
							"easing": "easeInSine"
						}
					},
					"position": {
						"0.0": {
							"vector": [0, 0, 0]
						},
						"0.1333": {
							"vector": [-1.675, -1.375, -4.3],
							"easing": "easeInSine"
						},
						"0.3": {
							"vector": [-1.07, -0.42, -7.05],
							"easing": "easeInSine"
						},
						"0.4": {
							"vector": [-1.07, -0.295, -8.445],
							"easing": "easeInSine"
						},
						"0.5": {
							"vector": [-1.07, -0.07, -8.87]
						},
						"0.6333": {
							"vector": [-1.27, -0.27, -7.815]
						},
						"0.7333": {
							"vector": [-1.07, -0.52, -7.01]
						},
						"0.8": {
							"vector": [-1.07, -0.67, -7.56]
						},
						"0.9": {
							"vector": [-1.07, -0.67, -7.96]
						},
						"1.0": {
							"vector": [-1.195, -0.67, -7.885]
						},
						"1.0667": {
							"vector": [-1.09, -0.72, -6.985]
						},
						"1.2333": {
							"vector": [-1.74, -1.02, -6.355],
							"easing": "easeOutSine"
						},
						"1.4333": {
							"vector": [-2.505, -1.47, -6.86]
						},
						"1.5667": {
							"vector": [-2.35, -1.945, -6.86]
						},
						"1.6333": {
							"vector": [-2.495, -1.88, -5.81]
						},
						"1.7333": {
							"vector": [-2.4, -1.79, -4.055]
						},
						"1.8333": {
							"vector": [-2.2, -1.79, -3.78]
						},
						"1.9": {
							"vector": [-2.655, -2.075, -6.82]
						},
						"2.0667": {
							"vector": [-2.73, -2.4, -5.07]
						},
						"2.2": {
							"vector": [-0.56, -1.295, 1.21],
							"easing": "easeOutSine"
						},
						"2.3333": {
							"vector": [0, 0, 0],
							"easing": "easeOutSine"
						}
					}
				},
				"leftarm": {
					"rotation": {
						"0.0": {
							"vector": [0, 0, 0]
						},
						"0.1667": {
							"vector": [14.54032, 1.93778, -15.1221]
						},
						"0.3333": {
							"vector": [11.25941, -21.85168, -21.40694]
						},
						"0.4": {
							"vector": [18.63239, -26.24523, -31.26199]
						},
						"0.4667": {
							"vector": [28.06208, -20.90301, -32.73639]
						},
						"0.5333": {
							"vector": [30.56208, -20.90301, -32.73639]
						},
						"0.6667": {
							"vector": [22.12554, -3.44801, -11.61915]
						},
						"0.8": {
							"vector": [-3.90725, 0.16817, 2.48475]
						},
						"0.9": {
							"vector": [-3.23411, -1.59143, 3.56231]
						},
						"1.0": {
							"vector": [-3.47516, -3.71861, 5.69156]
						},
						"1.0667": {
							"vector": [24.89698, 0.59273, 4.39618]
						},
						"1.1667": {
							"vector": [24.89698, 0.59273, 4.39618]
						},
						"1.2667": {
							"vector": [18.54572, -7.74306, 15.28758]
						},
						"1.3333": {
							"vector": [4.31353, -2.24112, 15.74673]
						},
						"1.4333": {
							"vector": [-11.37824, -8.63887, 25.45797]
						},
						"1.5333": {
							"vector": [-11.37824, -8.63887, 25.45797]
						},
						"1.6333": {
							"vector": [-15.12824, -8.63887, 25.45797]
						},
						"1.7333": {
							"vector": [-21.62824, -8.63887, 25.45797]
						},
						"1.8333": {
							"vector": [-21.62824, -8.63887, 25.45797]
						},
						"1.9333": {
							"vector": [-37.87824, -8.63887, 25.45797]
						},
						"2.0333": {
							"vector": [4.31353, -2.24112, 15.74673]
						},
						"2.1333": {
							"vector": [18.54572, -7.74306, 15.28758]
						},
						"2.1667": {
							"vector": [13.48664, -18.31558, 19.63814]
						},
						"2.2": {
							"vector": [10.7862, -15.5682, 16.69517]
						},
						"2.2333": {
							"vector": [8.46091, -10.40166, 11.89795]
						},
						"2.3333": {
							"vector": [0, 0, 0]
						}
					},
					"position": {
						"0.0": {
							"vector": [0, 0, 0]
						},
						"0.1667": {
							"vector": [18.17852, -20.55037, 33.7765]
						},
						"0.3333": {
							"vector": [0.75347, -14.25586, 17.74785]
						},
						"0.4": {
							"vector": [1.1572, -12.10711, 18.2485]
						},
						"0.4667": {
							"vector": [-5.3951, -9.30195, 12.3792]
						},
						"0.5333": {
							"vector": [-3.32, -9.66, -0.86]
						},
						"0.6667": {
							"vector": [-4.20949, -9.5269, 9.46339]
						},
						"0.7333": {
							"vector": [-4.35738, -10.90771, 11.55274]
						},
						"0.8": {
							"vector": [-3.01518, -9.80956, 10.6516]
						},
						"0.9": {
							"vector": [-5.35685, -9.90454, 9.62163]
						},
						"1.0": {
							"vector": [-5.35685, -9.90454, 9.62163]
						},
						"1.0667": {
							"vector": [-9.7527, -2.00718, 17.61531]
						},
						"1.1667": {
							"vector": [-11.09, -5.01, 18.95]
						},
						"1.2667": {
							"vector": [-9.505, -11.875, 25.665]
						},
						"1.3333": {
							"vector": [-13.43, -12.155, 23.63]
						},
						"1.4333": {
							"vector": [-17.35886, 1.61383, -0.10535]
						},
						"1.5333": {
							"vector": [-17.35886, 1.61383, -0.10535]
						},
						"1.6333": {
							"vector": [-16.15886, 0.36383, -0.10535]
						},
						"1.7333": {
							"vector": [-14.88386, -1.01117, 5.11965]
						},
						"1.8333": {
							"vector": [-14.88386, -1.01117, 5.11965]
						},
						"1.9333": {
							"vector": [-14.88386, -8.58617, 20.26965]
						},
						"2.0333": {
							"vector": [-13.43, -12.155, 23.63]
						},
						"2.1333": {
							"vector": [-9.505, -11.875, 25.665]
						},
						"2.2333": {
							"vector": [-1.55, -5.94, 12.83]
						},
						"2.3333": {
							"vector": [0, 0, 0]
						}
					}
				},
				"action": {
					"rotation": {
						"0.0": {
							"vector": [0, 0, 0]
						},
						"1.5333": {
							"vector": [0, 0, 0]
						},
						"1.8667": {
							"vector": [0, 0, 0]
						}
					},
					"position": {
						"0.0": {
							"vector": [0, 0, 0]
						},
						"1.5333": {
							"vector": [0, 0, 0]
						},
						"1.6333": {
							"vector": [0, 0, 2]
						},
						"1.7333": {
							"vector": [0, 0, 11]
						},
						"1.8333": {
							"vector": [0, 0, 11]
						},
						"1.8667": {
							"vector": [0, 0, 0]
						}
					}
				},
				"rightarm": {
					"rotation": {
						"vector": [0, 0, 0]
					},
					"position": {
						"vector": [0, 0, 0]
					}
				},
				"magazine": {
					"rotation": {
						"0.0": {
							"vector": [0, 0, 0]
						},
						"0.4": {
							"vector": [0, 0, 0]
						},
						"0.4333": {
							"vector": [-10.48085, -0.63744, -3.44153]
						},
						"0.4667": {
							"vector": [-11.85924, 0.04053, -12.61654]
						},
						"0.5333": {
							"vector": [-20.21848, -15.66557, -3.91563]
						},
						"0.6": {
							"vector": [-4.61249, -32.40953, -23.63269]
						},
						"0.7": {
							"vector": [-20.79153, 4.27759, 30.76498]
						},
						"1.0": {
							"vector": [-20.79153, 4.27759, 30.76498]
						},
						"1.0667": {
							"vector": [0, 0, 0]
						}
					},
					"position": {
						"0.0": {
							"vector": [0, 0, 0]
						},
						"0.4": {
							"vector": [0, 0, 0]
						},
						"0.4333": {
							"vector": [0, 0.01145, -0.37483]
						},
						"0.4667": {
							"vector": [-0.27046, -1.25585, -5.58609]
						},
						"0.5333": {
							"vector": [4.98611, -1.55047, -28.75968]
						},
						"0.6": {
							"vector": [8.01868, -12.21913, -52.5219],
							"easing": "easeInSine"
						},
						"0.7": {
							"vector": [16.00198, -60.59647, -94.46691]
						},
						"0.8333": {
							"vector": [16.43657, -86.28657, -95.81602]
						},
						"0.9333": {
							"vector": [7.44, -34.09, 44.78]
						},
						"1.0": {
							"vector": [1.43657, 0.71343, 20.18398]
						},
						"1.0667": {
							"vector": [0, 0, 0]
						}
					},
					"scale": {
						"0.0": {
							"vector": [1, 1, 1]
						},
						"0.9": {
							"vector": [1, 1, 1]
						},
						"0.9333": {
							"vector": [0, 0, 0]
						},
						"1.0667": {
							"vector": [0, 0, 0]
						}
					}
				},
				"bullet": {
					"position": {
						"vector": [0, -1, 0]
					}
				},
				"belt": {
					"position": {
						"1.4333": {
							"vector": [0, 0, 0]
						},
						"1.6333": {
							"vector": [0, 0, 0]
						},
						"1.7333": {
							"vector": [0, 0, 10]
						},
						"1.8333": {
							"vector": [0, 0, 10]
						},
						"1.9333": {
							"vector": [0, 0, 0]
						}
					}
				},
				"magazine2": {
					"rotation": {
						"0.0": {
							"vector": [0, 0, 0]
						},
						"0.0667": {
							"vector": [0, 0, 0]
						},
						"0.1667": {
							"vector": [27.5, 0, -45]
						},
						"0.3333": {
							"vector": [21.41048, -27.63271, -69.06824]
						},
						"0.4": {
							"vector": [19.23844, -24.99723, -76.00279]
						},
						"0.4667": {
							"vector": [30.95125, -32.30859, -67.9511]
						},
						"0.5333": {
							"vector": [49.76601, -19.9133, -69.90027]
						},
						"0.7": {
							"vector": [-1.65154, -6.80018, -22.99974]
						},
						"0.8": {
							"vector": [-11.70207, 1.06769, 5.14058]
						},
						"0.9": {
							"vector": [-17.98702, -0.69513, -2.13998]
						},
						"1.0": {
							"vector": [-18, 0, 0]
						},
						"1.0667": {
							"vector": [0, 0, 0]
						}
					},
					"position": {
						"0.0": {
							"vector": [0, 0, 0]
						},
						"0.0333": {
							"vector": [0, 0, 46]
						},
						"0.0667": {
							"vector": [18, -28, 46]
						},
						"0.1667": {
							"vector": [12.33112, -18.09429, 10.24052]
						},
						"0.3333": {
							"vector": [1.56798, -7.06264, 9.52643],
							"easing": "easeOutSine"
						},
						"0.4": {
							"vector": [1.56798, -7.06264, 9.52643],
							"easing": "easeOutSine"
						},
						"0.4667": {
							"vector": [1.81248, -5.52918, 1.24789]
						},
						"0.5333": {
							"vector": [4.63422, -5.17833, -10.31966]
						},
						"0.7": {
							"vector": [0.94, -3.9, -0.71]
						},
						"0.8": {
							"vector": [-0.28445, -0.79754, -0.04575],
							"easing": "easeOutSine"
						},
						"0.9": {
							"vector": [-0.17253, -0.90834, -0.02775],
							"easing": "linear"
						},
						"1.0": {
							"vector": [-0.17253, -0.90834, -0.02775],
							"easing": "easeOutSine"
						},
						"1.0667": {
							"vector": [0, 0, 0]
						}
					},
					"scale": {
						"0.0": {
							"vector": [0, 0, 0]
						},
						"0.0667": {
							"vector": [1, 1, 1]
						}
					}
				},
				"bone": {
					"scale": {
						"vector": [0, 0, 0]
					}
				}
			},
			"sound_effects": {
				"0.2": {
					"effect": "ak_magout"
				},
				"0.4333": {
					"effect": "m4_magout"
				},
				"0.7333": {
					"effect": "ak_magin"
				},
				"1.6333": {
					"effect": "ak_actionback"
				},
				"1.8333": {
					"effect": "ak_actionforward"
				},
				"1.9": {
					"effect": "foley_end"
				}
			}
		},
		"animation.model.reload": {
			"animation_length": 1.9,
			"blend_weight": "1",
			"bones": {
				"main": {
					"rotation": {
						"0.0": {
							"vector": [0, 0, 0]
						},
						"0.1667": {
							"vector": [1.74626, 0.11444, -8.74826]
						},
						"0.3": {
							"vector": [1.74996, 0.00218, -5.0714]
						},
						"0.4333": {
							"vector": [1.74461, 0.13728, -9.49791]
						},
						"0.5333": {
							"vector": [1.75773, -0.09047, -14.87072]
						},
						"0.6333": {
							"vector": [3.00128, 0.24539, -21.74591]
						},
						"0.7": {
							"vector": [1.99354, 0.33386, -28.22869]
						},
						"0.8": {
							"vector": [2.6616, 0.78652, -24.4528]
						},
						"0.9333": {
							"vector": [2.91824, 0.34684, -18.72948]
						},
						"1.0333": {
							"vector": [2.99485, 0.22967, -20.97372]
						},
						"1.1": {
							"vector": [2.98503, 0.334, -22.97102]
						},
						"1.2": {
							"vector": [3.49727, -0.21092, -9.4863]
						},
						"1.3": {
							"vector": [3.51757, 0.2381, -14.96701]
						},
						"1.4333": {
							"vector": [3.43745, -0.89446, -12.78173]
						},
						"1.6": {
							"vector": [0.25799, -0.08878, 2.31438]
						},
						"1.7333": {
							"vector": [0, 0, 0]
						}
					},
					"position": {
						"0.0": {
							"vector": [0, 0, 0]
						},
						"0.1667": {
							"vector": [-2.125, -1.375, -3.35],
							"easing": "linear"
						},
						"0.3333": {
							"vector": [-1.675, -1.375, -4.525],
							"easing": "easeInSine"
						},
						"0.4667": {
							"vector": [-1.07, -0.42, -7.05],
							"easing": "easeInSine"
						},
						"0.5667": {
							"vector": [-1.07, -0.295, -8.445],
							"easing": "easeInSine"
						},
						"0.7": {
							"vector": [-1.07, -0.07, -8.87]
						},
						"0.8333": {
							"vector": [-1.27, -0.27, -7.815]
						},
						"1.0": {
							"vector": [-1.07, -0.67, -7.96]
						},
						"1.1": {
							"vector": [-1.195, -0.67, -7.885]
						},
						"1.1667": {
							"vector": [-1.09, -0.72, -6.985]
						},
						"1.3": {
							"vector": [-1.265, -1.02, -5.605],
							"easing": "easeOutSine"
						},
						"1.5333": {
							"vector": [0.465, -0.37, -1.89],
							"easing": "linear"
						},
						"1.7": {
							"vector": [0, 0, 0],
							"easing": "easeOutSine"
						}
					}
				},
				"leftarm": {
					"rotation": {
						"0.0": {
							"vector": [0, 0, 0]
						},
						"0.1667": {
							"vector": [35.55751, 5.00107, -10.0788]
						},
						"0.3667": {
							"vector": [-2.47746, -1.47128, 19.35246]
						},
						"0.4333": {
							"vector": [-1.31514, -2.37025, 20.22542]
						},
						"0.5667": {
							"vector": [13.61189, -2.57993, 6.38776]
						},
						"0.6667": {
							"vector": [-3.90725, 0.16817, 2.48475]
						},
						"0.7333": {
							"vector": [-3.86489, -2.84257, 1.61725]
						},
						"0.8667": {
							"vector": [-3.90725, 0.16817, 2.48475]
						},
						"1.0": {
							"vector": [-3.23411, -1.59143, 3.56231]
						},
						"1.1": {
							"vector": [-3.47516, -3.71861, 5.69156]
						},
						"1.1667": {
							"vector": [24.89698, 0.59273, 4.39618]
						},
						"1.3": {
							"vector": [24.89698, 0.59273, 4.39618]
						},
						"1.4333": {
							"vector": [40.2628, 11.07554, 5.73162]
						},
						"1.5": {
							"vector": [24.16544, -0.88374, 4.13087]
						},
						"1.7333": {
							"vector": [0, 0, 0]
						}
					},
					"position": {
						"0.0": {
							"vector": [0, 0, 0]
						},
						"0.1667": {
							"vector": [11.935, -15.39, 34.7]
						},
						"0.3667": {
							"vector": [-4.8277, -9.85718, 11.76531]
						},
						"0.4333": {
							"vector": [-4.34, -9.61, 11.41]
						},
						"0.5667": {
							"vector": [-2.88, -10.585, 10.335]
						},
						"0.6667": {
							"vector": [3.50982, -13.18456, 6.6516]
						},
						"0.7333": {
							"vector": [1.83482, -15.05956, 6.0016]
						},
						"0.8": {
							"vector": [-0.63, -14.65, 6.06]
						},
						"0.8667": {
							"vector": [-1.84018, -12.60956, 6.8266]
						},
						"1.0": {
							"vector": [-2.75685, -13.37954, 4.74663]
						},
						"1.1": {
							"vector": [-4.14425, -13.95162, 4.80315]
						},
						"1.1667": {
							"vector": [-7.7527, -4.08218, 15.39031]
						},
						"1.3": {
							"vector": [-7.7527, -4.08218, 15.39031]
						},
						"1.4333": {
							"vector": [-7.75, -16.33, 15.39]
						},
						"1.5": {
							"vector": [-5.7527, -29.28218, 39.36531]
						},
						"1.6": {
							"vector": [4.95, -11.71, 15.75]
						},
						"1.7333": {
							"vector": [0, 0, 0]
						}
					}
				},
				"action": {
					"rotation": {
						"vector": [0, 0, 0]
					},
					"position": {
						"vector": [0, 0, 0]
					}
				},
				"rightarm": {
					"rotation": {
						"0.0": {
							"vector": [0, 0, 0]
						},
						"1.7333": {
							"vector": [0, 0, 0]
						}
					},
					"position": {
						"0.0": {
							"vector": [0, 0, 0]
						},
						"1.7333": {
							"vector": [0, 0, 0]
						}
					}
				},
				"magazine": {
					"rotation": {
						"0.0": {
							"vector": [0, 0, 0]
						},
						"0.5333": {
							"vector": [0, 0, 0]
						},
						"0.6667": {
							"vector": [-11.85924, 0.04053, -12.61654]
						},
						"0.7333": {
							"vector": [-8.40398, -7.68149, -9.09741]
						},
						"0.8667": {
							"vector": [-9.40845, -3.07288, -3.62851]
						},
						"1.0": {
							"vector": [-19.03623, -2.40876, -0.95684]
						},
						"1.1": {
							"vector": [-19.0928, -2.04422, 0.49929]
						},
						"1.1667": {
							"vector": [-1.0928, -2.04422, 0.49929]
						},
						"1.3": {
							"vector": [-1.0928, -2.04422, 0.49929]
						},
						"1.4333": {
							"vector": [-0.77937, -1.22909, -10.86875]
						},
						"1.5": {
							"vector": [32.84409, -0.28584, -40.45544]
						}
					},
					"position": {
						"0.0": {
							"vector": [0, 0, 0]
						},
						"0.5333": {
							"vector": [0, 0, 0]
						},
						"0.6667": {
							"vector": [-0.29321, -1.45193, -1.09042]
						},
						"0.7333": {
							"vector": [-0.94321, -2.27693, -1.09042]
						},
						"0.7667": {
							"vector": [-2.16, -2, -0.67]
						},
						"0.8": {
							"vector": [-3.175, -1.72, -0.25]
						},
						"0.8667": {
							"vector": [-3.79321, -1.15193, 0.58458]
						},
						"1.0": {
							"vector": [-4.015, -1.15, 0.58]
						},
						"1.1": {
							"vector": [-4.015, -1.15, 0.58]
						},
						"1.1667": {
							"vector": [-3.77, 0.275, -0.145]
						},
						"1.3": {
							"vector": [-3.77, 0.275, -0.145]
						},
						"1.4333": {
							"vector": [-5.63, -14.81, -0.15]
						},
						"1.5": {
							"vector": [-7.02, -26.12, 13.9]
						}
					}
				},
				"magazine2": {
					"rotation": {
						"0.0": {
							"vector": [0, 0, 0]
						},
						"0.0667": {
							"vector": [0, 0, 0]
						},
						"0.1667": {
							"vector": [27.5, 0, -45]
						},
						"0.3667": {
							"vector": [-7.33536, -7.49741, 3.95334]
						},
						"0.4333": {
							"vector": [-4.82095, -7.5743, 1.93741]
						},
						"0.5333": {
							"vector": [-4.82095, -7.5743, 1.93741]
						},
						"0.6667": {
							"vector": [-12.87859, -8.05339, -7.5438]
						},
						"0.7333": {
							"vector": [-12.30017, -10.66463, -7.63174]
						},
						"0.8667": {
							"vector": [-6.33953, 2.60832, -4.83393]
						},
						"1.0": {
							"vector": [-17.98702, -0.69513, -2.13998]
						},
						"1.1": {
							"vector": [-17.99892, -0.16871, -0.73078]
						},
						"1.1667": {
							"vector": [0, 0, 0]
						}
					},
					"position": {
						"0.0": {
							"vector": [0, 0, 0]
						},
						"0.0333": {
							"vector": [0, 0, 46]
						},
						"0.0667": {
							"vector": [18, -28, 46]
						},
						"0.1667": {
							"vector": [12.33112, -18.09429, 10.24052]
						},
						"0.3667": {
							"vector": [5.09, -0.3, 1.19]
						},
						"0.4333": {
							"vector": [5.09, -0.225, 0.54]
						},
						"0.5333": {
							"vector": [5.09, -0.225, -0.71]
						},
						"0.6667": {
							"vector": [5.075, -0.66, 0.115]
						},
						"0.7333": {
							"vector": [3.57, -2.075, 0.07]
						},
						"0.8667": {
							"vector": [-0.28445, -0.99754, -0.04575],
							"easing": "easeOutSine"
						},
						"1.0": {
							"vector": [-0.17253, -0.90834, -0.02775],
							"easing": "linear"
						},
						"1.1": {
							"vector": [-0.17253, -0.90834, -0.02775],
							"easing": "easeOutSine"
						},
						"1.1667": {
							"vector": [0, 0, 0]
						}
					},
					"scale": {
						"0.0": {
							"vector": [0, 0, 0]
						},
						"0.0667": {
							"vector": [1, 1, 1]
						},
						"1.7333": {
							"vector": [1, 1, 1]
						}
					}
				}
			},
			"sound_effects": {
				"0.2333": {
					"effect": "ak_magout"
				},
				"0.8": {
					"effect": "ak_magin"
				},
				"1.2667": {
					"effect": "foley_end"
				}
			}
		},
		"animation.model.inspect": {
			"animation_length": 4.26667,
			"bones": {
				"main": {
					"rotation": {
						"0.0": {
							"vector": [0, 0, 0]
						},
						"0.1667": {
							"vector": [-8.41746, -13.59608, -21.21259],
							"easing": "linear"
						},
						"0.3": {
							"vector": [-8.39812, -20.10111, -31.77688]
						},
						"0.4333": {
							"vector": [-9.55676, -20.88889, -28.55629]
						},
						"0.5333": {
							"vector": [-8.77652, -21.21647, -30.72851]
						},
						"0.7667": {
							"vector": [-9.4227, -20.94881, -28.93303]
						},
						"1.0": {
							"vector": [-3.1216, -20.98207, -46.44405]
						},
						"1.1333": {
							"vector": [-4.564, -20.73064, -42.44007]
						},
						"1.2333": {
							"vector": [-4.86325, -20.9153, -41.60203]
						},
						"1.3333": {
							"vector": [-4.58308, -20.97575, -42.38574]
						},
						"1.4667": {
							"vector": [-4.01131, -21.08802, -43.97908]
						},
						"1.6": {
							"vector": [-4.38767, -21.01662, -42.9316]
						},
						"1.7": {
							"vector": [-4.18847, -21.05622, -43.48691],
							"easing": "linear"
						},
						"2.0333": {
							"vector": [-16.91438, 5.38499, 54.40399],
							"easing": "linear"
						},
						"2.1667": {
							"vector": [-15.22513, 5.80082, 60.04554]
						},
						"2.3": {
							"vector": [-15.70981, 5.86025, 59.48558]
						},
						"2.4333": {
							"vector": [-15.93602, 7.03904, 62.69373]
						},
						"2.5667": {
							"vector": [-15.60896, 7.75082, 65.23442]
						},
						"2.7333": {
							"vector": [-15.71675, 7.52491, 64.42194]
						},
						"2.9": {
							"vector": [-15.56389, 7.84019, 65.55973]
						},
						"3.1": {
							"vector": [-15.61778, 7.73186, 65.16659]
						},
						"3.2667": {
							"vector": [-15.9801, 6.93689, 62.33342]
						},
						"3.4": {
							"vector": [-8.86998, 2.42135, 33.56191]
						},
						"3.5333": {
							"vector": [0, -1.75, -2.75]
						},
						"3.7": {
							"vector": [0, 0, 0]
						}
					},
					"position": {
						"0.0": {
							"vector": [0, 0, 0]
						},
						"0.3": {
							"vector": [-0.475, 1.475, -8.7]
						},
						"0.4": {
							"vector": [-0.195, 1, -7.7]
						},
						"0.5333": {
							"vector": [-0.03, 0.725, -7.7]
						},
						"0.7": {
							"vector": [0, 1.125, -7.7]
						},
						"0.9": {
							"vector": [0.125, 1.4, -8.275]
						},
						"1.2": {
							"vector": [-0.02, 1.475, -8]
						},
						"1.4": {
							"vector": [0.11, 1.425, -8.175]
						},
						"1.6667": {
							"vector": [0.275, 1.25, -7.975]
						},
						"1.8": {
							"vector": [-0.13, -1.19, -8.65]
						},
						"1.9667": {
							"vector": [-0.545, -1.325, -11.15]
						},
						"2.1333": {
							"vector": [-0.415, -1.395, -10.545]
						},
						"2.2667": {
							"vector": [-0.525, -1.455, -9.17]
						},
						"2.4": {
							"vector": [-0.49, -1.43, -9.85]
						},
						"2.5667": {
							"vector": [-0.455, -1.5, -9.24]
						},
						"2.7667": {
							"vector": [-0.53, -1.5, -9.27]
						},
						"3.0": {
							"vector": [-0.49, -1.41, -9.3]
						},
						"3.2333": {
							"vector": [-0.545, -1.325, -9.325]
						},
						"3.3667": {
							"vector": [-1.005, -0.61, -7.41]
						},
						"3.6333": {
							"vector": [0, 0, 0]
						}
					}
				},
				"leftarm": {
					"rotation": {
						"0.0": {
							"vector": [0, 0, 0]
						},
						"0.1667": {
							"vector": [37.18099, 13.37462, -17.62369]
						},
						"1.7333": {
							"vector": [37.18099, 13.37462, -17.62369]
						},
						"2.0333": {
							"vector": [-20, 0, -45]
						},
						"3.3": {
							"vector": [-20, 0, -45]
						},
						"3.5667": {
							"vector": [0, 0, 0]
						}
					},
					"position": {
						"0.0": {
							"vector": [0, 0, 0]
						},
						"0.1667": {
							"vector": [4.55775, -47.49377, 28.84018]
						},
						"1.7333": {
							"vector": [4.55775, -47.49377, 28.84018]
						},
						"2.0333": {
							"vector": [8.1735, 5.47279, -1.73319]
						},
						"3.3": {
							"vector": [8.1735, 5.47279, -1.73319]
						},
						"3.5667": {
							"vector": [0, 0, 0]
						}
					}
				}
			},
			"sound_effects": {
				"0.0": {
					"effect": "inspect_up"
				},
				"0.8": {
					"effect": "inspect_foley"
				},
				"1.3667": {
					"effect": "inspect_turn"
				},
				"3.2667": {
					"effect": "inspect_down"
				}
			}
		}
	},
	"geckolib_format_version": 2
}