{
	"format_version": "1.8.0",
	"animations": {
		"animation.model.draw": {
			"animation_length": 1.2,
			"bones": {
				"main": {
					"rotation": {
						"0.0": {
							"vector": [32.09413, -54.38778, -8.29667]
						},
						"0.25": {
							"vector": [1.77698, -9.99529, -4.30852]
						},
						"0.4": {
							"vector": [0.58201, -1.04064, 2.6563]
						},
						"0.5": {
							"vector": [0.33587, 0.38756, -0.40013]
						},
						"0.6": {
							"vector": [0, 0, 0]
						}
					},
					"position": {
						"0.0": {
							"vector": [0, -17.3, 0]
						},
						"0.1": {
							"vector": [0, -7.41, -4.07]
						},
						"0.25": {
							"vector": [-0.4, -1.2, -2.75]
						},
						"0.35": {
							"vector": [0.4, 0, -1.9]
						},
						"0.5": {
							"vector": [0, 0, 0]
						}
					}
				},
				"leftarm": {
					"rotation": {
						"0.0": {
							"vector": [0, 0, 0]
						},
						"0.2": {
							"vector": [1, 0, -22]
						},
						"0.4": {
							"vector": [0, 0, 0]
						}
					},
					"position": {
						"0.0": {
							"vector": [0, 0, 0]
						},
						"0.2": {
							"vector": [3.53901, 3.6754, 5.59783]
						},
						"0.4": {
							"vector": [0, 0, 0]
						}
					}
				}
			}
		},
		"animation.model.reload": {
			"animation_length": 1.9,
			"blend_weight": "1",
			"bones": {
				"main": {
					"rotation": {
						"0.0": {
							"vector": [0, 0, 0]
						},
						"0.1667": {
							"vector": [-6.75374, -7.98556, -8.74826]
						},
						"0.3": {
							"vector": [-10.75004, -12.09782, -5.0714]
						},
						"0.4333": {
							"vector": [-10.75539, -11.96272, -9.49791]
						},
						"0.5333": {
							"vector": [-10.74227, -12.19047, -14.87072]
						},
						"0.6333": {
							"vector": [-14.29872, -11.85461, -21.74591]
						},
						"0.7": {
							"vector": [-15.00646, -11.76614, -28.22869]
						},
						"0.8": {
							"vector": [-9.8384, -11.31348, -24.4528]
						},
						"0.9333": {
							"vector": [-9.58176, -11.75316, -18.72948]
						},
						"1.0333": {
							"vector": [-9.50515, -11.87033, -20.97372]
						},
						"1.1": {
							"vector": [-14.11497, -11.766, -22.97102]
						},
						"1.2": {
							"vector": [-16.00273, -12.31092, -9.4863]
						},
						"1.3": {
							"vector": [-8.98243, -11.8619, -14.96701]
						},
						"1.4333": {
							"vector": [-9.06255, -12.99446, -12.78173]
						},
						"1.6": {
							"vector": [-5.24201, -7.18878, 2.31438]
						},
						"1.7333": {
							"vector": [0, 0, 0]
						}
					},
					"position": {
						"0.0": {
							"vector": [0, 0, 0]
						},
						"0.1667": {
							"vector": [-2.425, -1.375, -3.35],
							"easing": "linear"
						},
						"0.3333": {
							"vector": [-1.675, -1.375, -4.525],
							"easing": "easeInSine"
						},
						"0.4667": {
							"vector": [-1.07, -0.42, -7.05],
							"easing": "easeInSine"
						},
						"0.5667": {
							"vector": [-1.07, -2.295, -8.445],
							"easing": "easeInSine"
						},
						"0.7": {
							"vector": [-2.07, -1.47, -8.87]
						},
						"0.8333": {
							"vector": [-1.27, -0.27, -7.815]
						},
						"1.0": {
							"vector": [-1.07, -0.67, -7.96]
						},
						"1.1": {
							"vector": [-1.195, -0.27, -7.885]
						},
						"1.1667": {
							"vector": [-1.09, 0.38, -6.985]
						},
						"1.3": {
							"vector": [-1.265, 0.08, -5.605],
							"easing": "easeOutSine"
						},
						"1.5333": {
							"vector": [0.865, -0.37, -1.89],
							"easing": "linear"
						},
						"1.7": {
							"vector": [0, 0, 0],
							"easing": "easeOutSine"
						}
					}
				},
				"leftarm": {
					"rotation": {
						"0.0": {
							"vector": [0, 0, 0]
						},
						"0.1667": {
							"vector": [35.55751, 5.00107, -10.0788]
						},
						"0.3667": {
							"vector": [-2.47746, -1.47128, 19.35246]
						},
						"0.4333": {
							"vector": [-1.31514, -2.37025, 20.22542]
						},
						"0.5667": {
							"vector": [13.61189, -2.57993, 6.38776]
						},
						"0.6667": {
							"vector": [-3.90725, 0.16817, 2.48475]
						},
						"0.7333": {
							"vector": [-3.86489, -2.84257, 1.61725]
						},
						"0.8667": {
							"vector": [-3.90725, 0.16817, 2.48475]
						},
						"1.0": {
							"vector": [-3.23411, -1.59143, 3.56231]
						},
						"1.1": {
							"vector": [-3.47516, -3.71861, 5.69156]
						},
						"1.1667": {
							"vector": [24.89698, 0.59273, 4.39618]
						},
						"1.3": {
							"vector": [24.89698, 0.59273, 4.39618]
						},
						"1.4333": {
							"vector": [40.2628, 11.07554, 5.73162]
						},
						"1.5": {
							"vector": [24.16544, -0.88374, 4.13087]
						},
						"1.7333": {
							"vector": [0, 0, 0]
						}
					},
					"position": {
						"0.0": {
							"vector": [0, 0, 0]
						},
						"0.1667": {
							"vector": [11.935, -10.39, 24.7]
						},
						"0.3667": {
							"vector": [3.1723, -4.85718, 11.76531]
						},
						"0.4333": {
							"vector": [3.66, -4.61, 11.41]
						},
						"0.5667": {
							"vector": [2.82, -2.9, 14.84]
						},
						"0.6667": {
							"vector": [0.50982, -8.18456, 8.6516]
						},
						"0.7333": {
							"vector": [-1.16518, -10.05956, 9.0016]
						},
						"0.8": {
							"vector": [-2.73, -8.15, 8.46]
						},
						"0.8667": {
							"vector": [-3.84018, -7.60956, 6.8266]
						},
						"1.0": {
							"vector": [-2.75685, -5.37954, 10.74663]
						},
						"1.1": {
							"vector": [-2.75685, -5.27954, 10.74663]
						},
						"1.1667": {
							"vector": [-2.7527, 0.91782, 15.39031]
						},
						"1.3": {
							"vector": [-2.7527, 0.91782, 15.39031]
						},
						"1.4333": {
							"vector": [-7.75, -16.33, 15.39]
						},
						"1.5": {
							"vector": [-5.7527, -29.28218, 39.36531]
						},
						"1.6": {
							"vector": [4.95, -11.71, 15.75]
						},
						"1.7333": {
							"vector": [0, 0, 0]
						}
					}
				},
				"action": {
					"rotation": {
						"vector": [0, 0, 0]
					},
					"position": {
						"vector": [0, 0, 0]
					}
				},
				"rightarm": {
					"rotation": {
						"0.0": {
							"vector": [0, 0, 0]
						},
						"1.7333": {
							"vector": [0, 0, 0]
						}
					},
					"position": {
						"0.0": {
							"vector": [0, 0, 0]
						},
						"1.7333": {
							"vector": [0, 0, 0]
						}
					}
				},
				"magazine": {
					"rotation": {
						"0.0": {
							"vector": [0, 0, 0]
						},
						"0.5333": {
							"vector": [0, 0, 0]
						},
						"0.6667": {
							"vector": [-11.85924, 0.04053, -12.61654]
						},
						"0.7333": {
							"vector": [-8.40398, -7.68149, -9.09741]
						},
						"0.8667": {
							"vector": [-9.40845, -3.07288, -3.62851]
						},
						"1.0": {
							"vector": [-19.03623, -2.40876, -0.95684]
						},
						"1.1": {
							"vector": [-19.0928, -2.04422, 0.49929]
						},
						"1.1667": {
							"vector": [-1.0928, -2.04422, 0.49929]
						},
						"1.3": {
							"vector": [-1.0928, -2.04422, 0.49929]
						},
						"1.4333": {
							"vector": [-0.77937, -1.22909, -10.86875]
						},
						"1.5": {
							"vector": [32.84409, -0.28584, -40.45544]
						}
					},
					"position": {
						"0.0": {
							"vector": [0, 0, 0]
						},
						"0.5333": {
							"vector": [0, 0, 0]
						},
						"0.6667": {
							"vector": [-0.29321, -1.45193, -1.09042]
						},
						"0.7333": {
							"vector": [-0.94321, -2.27693, -1.09042]
						},
						"0.7667": {
							"vector": [-2.16, -2, -0.67]
						},
						"0.8": {
							"vector": [-3.175, -1.72, -0.25]
						},
						"0.8667": {
							"vector": [-3.79321, -1.15193, 0.58458]
						},
						"1.0": {
							"vector": [-4.015, -1.15, 0.58]
						},
						"1.1": {
							"vector": [-4.015, -1.15, 0.58]
						},
						"1.1667": {
							"vector": [-3.77, 0.275, -0.145]
						},
						"1.3": {
							"vector": [-3.77, 0.275, -0.145]
						},
						"1.4333": {
							"vector": [-5.63, -14.81, -0.15]
						},
						"1.5": {
							"vector": [-7.02, -26.12, 13.9]
						}
					}
				},
				"magazine2": {
					"rotation": {
						"0.0": {
							"vector": [0, 0, 0]
						},
						"0.0667": {
							"vector": [0, 0, 0]
						},
						"0.1667": {
							"vector": [27.5, 0, -45]
						},
						"0.3667": {
							"vector": [-7.33536, -7.49741, 3.95334]
						},
						"0.4333": {
							"vector": [-4.82095, -7.5743, 1.93741]
						},
						"0.5333": {
							"vector": [-4.82095, -7.5743, 1.93741]
						},
						"0.6667": {
							"vector": [-12.87859, -8.05339, -7.5438]
						},
						"0.7333": {
							"vector": [-12.30017, -10.66463, -7.63174]
						},
						"0.8667": {
							"vector": [-6.33953, 2.60832, -4.83393]
						},
						"1.0": {
							"vector": [-17.98702, -0.69513, -2.13998]
						},
						"1.1": {
							"vector": [-17.99892, -0.16871, -0.73078]
						},
						"1.1667": {
							"vector": [0, 0, 0]
						}
					},
					"position": {
						"0.0": {
							"vector": [0, 0, 0]
						},
						"0.0333": {
							"vector": [0, 0, 46]
						},
						"0.0667": {
							"vector": [18, -28, 46]
						},
						"0.1667": {
							"vector": [12.33112, -18.09429, 10.24052]
						},
						"0.3667": {
							"vector": [5.09, -0.3, 1.19]
						},
						"0.4333": {
							"vector": [5.09, -0.225, 0.54]
						},
						"0.5333": {
							"vector": [5.09, -0.225, -0.71]
						},
						"0.6667": {
							"vector": [5.075, -3.66, -2.885]
						},
						"0.7333": {
							"vector": [3.57, -5.075, -2.93]
						},
						"0.8667": {
							"vector": [-0.28445, -2.99754, -3.04575],
							"easing": "easeOutSine"
						},
						"1.0": {
							"vector": [-0.17253, -0.90834, -5.02775],
							"easing": "linear"
						},
						"1.1": {
							"vector": [-0.17253, -0.90834, -4.02775],
							"easing": "easeOutSine"
						},
						"1.1667": {
							"vector": [0, 0, 0]
						}
					},
					"scale": {
						"0.0": {
							"vector": [0, 0, 0]
						},
						"0.0667": {
							"vector": [1, 1, 1]
						},
						"1.7333": {
							"vector": [1, 1, 1]
						}
					}
				}
			},
			"sound_effects": {
				"0.2333": {
					"effect": "ak_magout"
				},
				"0.8": {
					"effect": "ak_magin"
				},
				"1.2667": {
					"effect": "foley_end"
				}
			}
		},
		"animation.model.inspect": {
			"animation_length": 3.7,
			"bones": {
				"main": {
					"rotation": {
						"0.0": {
							"vector": [0, 0, 0]
						},
						"0.1667": {
							"vector": [-8.41746, -13.59608, -21.21259],
							"easing": "linear"
						},
						"0.3": {
							"vector": [-8.39812, -20.10111, -31.77688]
						},
						"0.4333": {
							"vector": [-9.55676, -20.88889, -28.55629]
						},
						"0.5333": {
							"vector": [-8.77652, -21.21647, -30.72851]
						},
						"0.7667": {
							"vector": [-9.4227, -20.94881, -28.93303]
						},
						"1.0": {
							"vector": [-3.1216, -20.98207, -46.44405]
						},
						"1.1333": {
							"vector": [-4.564, -20.73064, -42.44007]
						},
						"1.2333": {
							"vector": [-4.86325, -20.9153, -41.60203]
						},
						"1.3333": {
							"vector": [-4.58308, -20.97575, -42.38574]
						},
						"1.4667": {
							"vector": [-4.01131, -21.08802, -43.97908]
						},
						"1.6": {
							"vector": [-4.38767, -21.01662, -42.9316]
						},
						"1.7": {
							"vector": [-4.18847, -21.05622, -43.48691],
							"easing": "linear"
						},
						"2.0333": {
							"vector": [-16.91438, 5.38499, 54.40399],
							"easing": "linear"
						},
						"2.1667": {
							"vector": [-15.22513, 5.80082, 60.04554]
						},
						"2.3": {
							"vector": [-15.70981, 5.86025, 59.48558]
						},
						"2.4333": {
							"vector": [-15.93602, 7.03904, 62.69373]
						},
						"2.5667": {
							"vector": [-15.60896, 7.75082, 65.23442]
						},
						"2.7333": {
							"vector": [-15.71675, 7.52491, 64.42194]
						},
						"2.9": {
							"vector": [-15.56389, 7.84019, 65.55973]
						},
						"3.1": {
							"vector": [-15.61778, 7.73186, 65.16659]
						},
						"3.2667": {
							"vector": [-15.9801, 6.93689, 62.33342]
						},
						"3.4": {
							"vector": [-8.86998, 2.42135, 33.56191]
						},
						"3.5333": {
							"vector": [0, -1.75, -2.75]
						},
						"3.7": {
							"vector": [0, 0, 0]
						}
					},
					"position": {
						"0.0": {
							"vector": [0, 0, 0]
						},
						"0.3": {
							"vector": [-0.475, 1.475, -8.7]
						},
						"0.4": {
							"vector": [-0.195, 1, -7.7]
						},
						"0.5333": {
							"vector": [-0.03, 0.725, -7.7]
						},
						"0.7": {
							"vector": [0, 1.125, -7.7]
						},
						"0.9": {
							"vector": [0.125, 1.4, -8.275]
						},
						"1.2": {
							"vector": [-0.02, 1.475, -8]
						},
						"1.4": {
							"vector": [0.11, 1.425, -8.175]
						},
						"1.6667": {
							"vector": [0.275, 1.25, -7.975]
						},
						"1.8": {
							"vector": [-0.13, -1.19, -8.65]
						},
						"1.9667": {
							"vector": [-0.545, -1.325, -11.15]
						},
						"2.1333": {
							"vector": [-0.415, -1.395, -10.545]
						},
						"2.2667": {
							"vector": [-0.525, -1.455, -9.17]
						},
						"2.4": {
							"vector": [-0.49, -1.43, -9.85]
						},
						"2.5667": {
							"vector": [-0.455, -1.5, -9.24]
						},
						"2.7667": {
							"vector": [-0.53, -1.5, -9.27]
						},
						"3.0": {
							"vector": [-0.49, -1.41, -9.3]
						},
						"3.2333": {
							"vector": [-0.545, -1.325, -9.325]
						},
						"3.3667": {
							"vector": [-1.005, -0.61, -7.41]
						},
						"3.6333": {
							"vector": [0, 0, 0]
						}
					}
				},
				"leftarm": {
					"rotation": {
						"0.0": {
							"vector": [0, 0, 0]
						},
						"0.1667": {
							"vector": [37.18099, 13.37462, -17.62369]
						},
						"1.7333": {
							"vector": [37.18099, 13.37462, -17.62369]
						},
						"2.0333": {
							"vector": [-20, 0, -45]
						},
						"3.3": {
							"vector": [-20, 0, -45]
						},
						"3.5667": {
							"vector": [0, 0, 0]
						}
					},
					"position": {
						"0.0": {
							"vector": [0, 0, 0]
						},
						"0.1667": {
							"vector": [4.55775, -47.49377, 28.84018]
						},
						"1.7333": {
							"vector": [4.55775, -47.49377, 28.84018]
						},
						"2.0333": {
							"vector": [8.1735, 5.47279, -1.73319]
						},
						"3.3": {
							"vector": [8.1735, 5.47279, -1.73319]
						},
						"3.5667": {
							"vector": [0, 0, 0]
						}
					}
				}
			},
			"sound_effects": {
				"0.0": {
					"effect": "inspect_up"
				},
				"0.8": {
					"effect": "inspect_foley"
				},
				"1.3667": {
					"effect": "inspect_turn"
				},
				"3.2667": {
					"effect": "inspect_down"
				}
			}
		},
		"animation.model.fire": {
			"loop": true,
			"animation_length": 0.16667,
			"bones": {
				"main": {
					"rotation": {
						"0.0": {
							"vector": [0, 0, 0]
						},
						"0.0333": {
							"vector": [1.80185, 0.30493, -1.99542]
						},
						"0.1": {
							"vector": [-1.32, 0.09, -0.9]
						},
						"0.1333": {
							"vector": [0.6, 0, 0]
						}
					},
					"position": {
						"0.0": {
							"vector": [0, 0, 0]
						},
						"0.0333": {
							"vector": [0, -0.6, -4]
						},
						"0.1333": {
							"vector": [0, 0, 0]
						}
					}
				},
				"bone3": {
					"rotation": {
						"0.0": {
							"vector": [0, 0, 0]
						},
						"0.0333": {
							"vector": [0, 0, 27.5]
						},
						"0.1": {
							"vector": [0, 0, 0]
						}
					}
				},
				"rightarm": {
					"position": {
						"0.0": {
							"vector": [0, 0, 0]
						},
						"0.0333": {
							"vector": [0, 0, 2]
						}
					}
				},
				"belt": {
					"position": {
						"0.0": {
							"vector": [0.3, 0, 0]
						},
						"0.0667": {
							"vector": [0.3, 0, 7]
						}
					}
				}
			}
		},
		"animation.model.reloadempty": {
			"animation_length": 3.43333,
			"blend_weight": "1",
			"bones": {
				"main": {
					"rotation": {
						"0.0": {
							"vector": [0, 0, 0]
						},
						"0.1333": {
							"vector": [-14.02441, -12.77701, -2.22832]
						},
						"0.2333": {
							"vector": [-18.17601, -19.86361, -14.93374]
						},
						"0.2667": {
							"vector": [-19.65236, -18.59999, -11.80463]
						},
						"0.3667": {
							"vector": [-19.61919, -19.83654, -14.90525]
						},
						"0.4333": {
							"vector": [-18.75278, -21.06225, -22.60667]
						},
						"0.5": {
							"vector": [-18.38684, -21.25361, -28.18447]
						},
						"0.6667": {
							"vector": [-18.18474, -18.57072, -20.44608]
						},
						"0.8333": {
							"vector": [-17.98509, -17.91083, -21.04536]
						},
						"1.0": {
							"vector": [-17.77884, -18.34838, -22.05942]
						},
						"1.1667": {
							"vector": [-16.91568, -22.09019, -33.93543]
						},
						"1.2667": {
							"vector": [-17.72259, -21.33551, -27.92865]
						},
						"1.3667": {
							"vector": [-17.4915, -21.3163, -29.71086]
						},
						"1.5": {
							"vector": [-17.26175, -21.78596, -31.43]
						},
						"1.5667": {
							"vector": [-17.62291, -21.2524, -26.79594]
						},
						"1.6333": {
							"vector": [-17.20638, -21.48436, -28.16345]
						},
						"1.7333": {
							"vector": [-15.955, -22.80824, -40.46666]
						},
						"1.8667": {
							"vector": [-17.4957, -4.56422, -29.67841]
						},
						"1.9667": {
							"vector": [-5.86093, 12.10135, 10.15184]
						},
						"2.1": {
							"vector": [-1.91726, 24.02519, 20.07755]
						},
						"2.2": {
							"vector": [-1.57451, 16.42388, 25.18213]
						},
						"2.3": {
							"vector": [-2.12194, 16.87498, 29.49576]
						},
						"2.4667": {
							"vector": [-3.00973, 17.32497, 23.43459]
						},
						"2.5333": {
							"vector": [-1.57451, 16.42388, 25.18213]
						},
						"2.6": {
							"vector": [-2.12194, 16.87498, 29.49576]
						},
						"2.7": {
							"vector": [-3.00973, 17.32497, 23.43459]
						},
						"2.7667": {
							"vector": [-3.05055, 17.29896, 25.93831]
						},
						"2.8333": {
							"vector": [-2.00265, 17.24923, 25.90782]
						},
						"2.9333": {
							"vector": [2.90135, 8.00886, 31.04009]
						},
						"3.2": {
							"vector": [5.45938, 4.71673, 25.9237]
						},
						"3.3667": {
							"vector": [0, 0, 0],
							"easing": "easeInSine"
						}
					},
					"position": {
						"0.0": {
							"vector": [0, 0, 0]
						},
						"0.1": {
							"vector": [0, -0.455, -6.155]
						},
						"0.2": {
							"vector": [0, 0.325, -5.075]
						},
						"0.2667": {
							"vector": [-0.1, 0.63, -3.68]
						},
						"0.4": {
							"vector": [0.15, 0.33, -2.13]
						},
						"0.5": {
							"vector": [0.1, -0.07, -3.955]
						},
						"0.6333": {
							"vector": [-0.4, 0.33, -3.95]
						},
						"0.8": {
							"vector": [-0.75, -0.07, -3.95]
						},
						"0.9667": {
							"vector": [-0.505, -0.06, -3.95]
						},
						"1.1": {
							"vector": [0.295, 0.48, -3.95]
						},
						"1.2667": {
							"vector": [0.375, 0.76, -4.1]
						},
						"1.3333": {
							"vector": [0.13, 0.56, -4.1]
						},
						"1.4667": {
							"vector": [0.2, 0.285, -4.1]
						},
						"1.6333": {
							"vector": [0.105, 0.66, -4.4]
						},
						"1.7": {
							"vector": [-0.295, 1.135, -4.4]
						},
						"1.8333": {
							"vector": [0.955, 1.115, -4.4]
						},
						"2.0667": {
							"vector": [4.495, -1.47, -6.86]
						},
						"2.2": {
							"vector": [4.65, -1.945, -6.86]
						},
						"2.3": {
							"vector": [4.505, -1.88, -5.81]
						},
						"2.4333": {
							"vector": [4.6, -1.79, -4.055]
						},
						"2.5333": {
							"vector": [4.65, -1.945, -6.86]
						},
						"2.6": {
							"vector": [4.505, -1.88, -5.81]
						},
						"2.7": {
							"vector": [4.6, -1.79, -4.055]
						},
						"2.8": {
							"vector": [4.8, -1.79, -3.78]
						},
						"2.8667": {
							"vector": [4.345, -2.075, -6.82]
						},
						"3.0333": {
							"vector": [4.27, -2.4, -5.07]
						},
						"3.1667": {
							"vector": [2.44, -1.295, 1.21],
							"easing": "easeOutSine"
						},
						"3.3": {
							"vector": [0, 0, 0],
							"easing": "easeOutSine"
						}
					}
				},
				"leftarm": {
					"rotation": {
						"0.0": {
							"vector": [0, 0, 0]
						},
						"0.1667": {
							"vector": [-12.45685, -3.60238, 1.23312]
						},
						"0.2333": {
							"vector": [-17.75617, -6.61265, -2.11816]
						},
						"0.3333": {
							"vector": [-4.45685, -3.60238, 1.23312]
						},
						"0.3667": {
							"vector": [-4.45685, -3.60238, 1.23312]
						},
						"0.4333": {
							"vector": [7.29315, -3.60238, 1.23312]
						},
						"0.5333": {
							"vector": [20.41549, -2.15413, 7.31451]
						},
						"1.0333": {
							"vector": [20.41549, -2.15413, 7.31451]
						},
						"1.2": {
							"vector": [-28.82878, -9.59345, 9.83274]
						},
						"1.3": {
							"vector": [-28.59235, -8.97874, 8.4442]
						},
						"1.4667": {
							"vector": [1.73307, 1.68886, 4.08255]
						},
						"1.5333": {
							"vector": [4.08457, 2.24721, 6.32831]
						},
						"1.6333": {
							"vector": [-0.24985, 3.83974, 14.0114]
						},
						"1.6667": {
							"vector": [-6.24985, 3.83974, 14.0114]
						},
						"1.8": {
							"vector": [-6.24985, 3.83974, 14.0114]
						},
						"1.9": {
							"vector": [-8.61397, -8.81213, 15.72849]
						},
						"2.1": {
							"vector": [4.31353, -2.24112, 15.74673]
						},
						"2.2667": {
							"vector": [-11.37824, -8.63887, 25.45797]
						},
						"2.3667": {
							"vector": [-11.37824, -8.63887, 25.45797]
						},
						"2.4667": {
							"vector": [-15.12824, -8.63887, 25.45797]
						},
						"2.5333": {
							"vector": [-21.62824, -8.63887, 25.45797]
						},
						"2.6667": {
							"vector": [-21.62824, -8.63887, 25.45797]
						},
						"2.7667": {
							"vector": [-37.87824, -8.63887, 25.45797]
						},
						"2.8667": {
							"vector": [4.31353, -2.24112, 15.74673]
						},
						"2.9667": {
							"vector": [18.54572, -7.74306, 15.28758]
						},
						"3.0": {
							"vector": [13.48664, -18.31558, 19.63814]
						},
						"3.0333": {
							"vector": [10.7862, -15.5682, 16.69517]
						},
						"3.1667": {
							"vector": [0, 0, 0]
						}
					},
					"position": {
						"0.0": {
							"vector": [0, 0, 0]
						},
						"0.1667": {
							"vector": [1.65402, -3.31779, 9.68054]
						},
						"0.2333": {
							"vector": [2.60402, -4.66779, 7.95554]
						},
						"0.3333": {
							"vector": [-0.43115, -6.8873, 6.92795]
						},
						"0.3667": {
							"vector": [-0.43115, -6.8873, 6.92795]
						},
						"0.4333": {
							"vector": [-3.3285, -6.25461, 9.5594]
						},
						"0.5333": {
							"vector": [-5.45945, -22.53977, 17.81405]
						},
						"1.0333": {
							"vector": [-3.45945, -26.53977, 13.81405]
						},
						"1.2": {
							"vector": [-1.95966, -13.31987, 4.58383]
						},
						"1.3": {
							"vector": [-1.95966, -13.31987, 3.58383]
						},
						"1.3667": {
							"vector": [-3.4, -12.55, 8.445]
						},
						"1.4667": {
							"vector": [-3.8, -6.96, 14.12]
						},
						"1.5333": {
							"vector": [-3.8, -6.96, 14.12]
						},
						"1.6333": {
							"vector": [-2.87, -6.725, 14.93]
						},
						"1.6667": {
							"vector": [-3.395, -7.05, 13.18]
						},
						"1.8": {
							"vector": [-2.395, -7.05, 13.18]
						},
						"1.9": {
							"vector": [0, -8.88, 9.145]
						},
						"2.0333": {
							"vector": [-6.14, -8.96, 17.89]
						},
						"2.1": {
							"vector": [-7.43, -7.155, 20.63]
						},
						"2.2667": {
							"vector": [-13.35886, -0.38617, 5.89465]
						},
						"2.3667": {
							"vector": [-13.35886, -0.38617, 5.89465]
						},
						"2.4667": {
							"vector": [-13.15886, -0.63617, 5.89465]
						},
						"2.5333": {
							"vector": [-12.88386, -3.01117, 11.11965]
						},
						"2.6667": {
							"vector": [-11.88386, -2.01117, 11.11965]
						},
						"2.7667": {
							"vector": [-11.88386, -5.58617, 18.26965]
						},
						"2.8667": {
							"vector": [-13.43, -7.155, 11.63]
						},
						"2.9667": {
							"vector": [-7.505, -6.875, 13.665]
						},
						"3.0333": {
							"vector": [-1.55, -5.94, 12.83]
						},
						"3.1667": {
							"vector": [0, 0, 0]
						}
					}
				},
				"magazine": {
					"rotation": {
						"0.0": {
							"vector": [0, 0, 0]
						},
						"0.4": {
							"vector": [0, 0, 0]
						},
						"0.5667": {
							"vector": [9.75446, -1.72472, -8.29645]
						},
						"0.9333": {
							"vector": [9.75446, -1.72472, -8.29645]
						},
						"1.0333": {
							"vector": [9.75446, -1.72472, -8.29645]
						},
						"1.2": {
							"vector": [-11.15608, -1.87084, -3.58694]
						},
						"1.3": {
							"vector": [-11.05543, -2.40065, -6.28731]
						},
						"1.3667": {
							"vector": [-5.21299, -2.357, -8.81797]
						},
						"1.5333": {
							"vector": [-5.18708, -1.08984, -8.6822]
						},
						"1.6333": {
							"vector": [0, 0, 0]
						},
						"1.6667": {
							"vector": [0, 0, 0]
						}
					},
					"position": {
						"0.0": {
							"vector": [0, 0, 0]
						},
						"0.4": {
							"vector": [0, 0, 0]
						},
						"0.4667": {
							"vector": [0, -6, 0]
						},
						"0.5667": {
							"vector": [1.85, -36.775, 1.275]
						},
						"0.9333": {
							"vector": [1.85, -36.775, 1.275]
						},
						"1.0333": {
							"vector": [1.85, -21.775, 1.275]
						},
						"1.2": {
							"vector": [0.15, -2.145, -0.78]
						},
						"1.3": {
							"vector": [0.15, -2.145, -0.78]
						},
						"1.3667": {
							"vector": [0.575, -1.945, -0.18]
						},
						"1.4667": {
							"vector": [0.47, -1.5, -0.18]
						},
						"1.5333": {
							"vector": [0.77, -1.365, -0.18]
						},
						"1.6333": {
							"vector": [0, -0.75, 0]
						},
						"1.6667": {
							"vector": [0, 0, 0]
						}
					}
				},
				"action": {
					"position": {
						"2.4333": {
							"vector": [0, 0, 0]
						},
						"2.6333": {
							"vector": [0, 0, 0]
						},
						"2.7": {
							"vector": [0, 0, 11]
						},
						"2.8333": {
							"vector": [0, 0, 11]
						},
						"2.9333": {
							"vector": [0, 0, 0]
						}
					}
				},
				"bullet": {
					"scale": {
						"0.0": {
							"vector": [0, 0, 0]
						},
						"0.8333": {
							"vector": [0, 0, 0]
						},
						"0.8667": {
							"vector": [1, 1, 1]
						}
					}
				},
				"belt": {
					"position": {
						"2.4667": {
							"vector": [0, 0, 0]
						},
						"2.5333": {
							"vector": [0, 0, 6]
						},
						"2.6667": {
							"vector": [0, 0, 6]
						},
						"2.7333": {
							"vector": [0, 0, 0]
						}
					}
				},
				"slide": {
					"position": {
						"2.4667": {
							"vector": [0, 0, 0]
						},
						"2.5333": {
							"vector": [0, 0, 8]
						},
						"2.6667": {
							"vector": [0, 0, 8]
						},
						"2.7": {
							"vector": [0, 0, 0]
						}
					}
				},
				"magazine2": {
					"scale": {
						"vector": [0, 0, 0]
					}
				}
			},
			"sound_effects": {
				"0.3": {
					"effect": "m4_magout"
				},
				"0.5": {
					"effect": "foley_start"
				},
				"1.1": {
					"effect": "ak_magout"
				},
				"1.4": {
					"effect": "m4_magin"
				},
				"1.5667": {
					"effect": "foley_end"
				},
				"2.6333": {
					"effect": "ak_actionback"
				},
				"2.8667": {
					"effect": "ak_actionforward"
				}
			}
		}
	},
	"geckolib_format_version": 2
}