{
	"format_version": "1.8.0",
	"animations": {
		"animation.model.inspect": {
			"loop": true,
			"animation_length": 4.26667,
			"bones": {
				"main": {
					"rotation": {
						"0.0": {
							"vector": [0, 0, 0]
						},
						"0.1667": {
							"vector": [-9.10467, -25.95159, -19.19327],
							"easing": "linear"
						},
						"0.3": {
							"vector": [-9.18088, -30.72584, -29.96084]
						},
						"0.4333": {
							"vector": [-11.10933, -36.38799, -25.34713]
						},
						"0.5333": {
							"vector": [-10.06514, -35.52384, -28.03806]
						},
						"0.7667": {
							"vector": [-10.53586, -33.26173, -26.50426]
						},
						"1.0": {
							"vector": [-3.4941, -33.46148, -45.63456]
						},
						"1.1333": {
							"vector": [-5.10177, -33.18669, -41.26087]
						},
						"1.2333": {
							"vector": [-5.44096, -33.36535, -40.34312]
						},
						"1.3333": {
							"vector": [-5.12916, -33.43138, -41.1983]
						},
						"1.4667": {
							"vector": [-4.49196, -33.554, -42.93807]
						},
						"1.6": {
							"vector": [-4.91154, -33.47594, -41.79411]
						},
						"1.7": {
							"vector": [-4.68955, -33.51914, -42.40043],
							"easing": "linear"
						},
						"2.0333": {
							"vector": [-15.01528, 9.53318, 68.94603],
							"easing": "linear"
						},
						"2.1667": {
							"vector": [-13.25936, 9.51163, 74.71344]
						},
						"2.3": {
							"vector": [-13.71722, 9.69111, 74.12635]
						},
						"2.4333": {
							"vector": [-13.63502, 10.8884, 77.37459]
						},
						"2.5667": {
							"vector": [-13.131, 11.49451, 79.97102]
						},
						"2.7333": {
							"vector": [-13.29499, 11.30318, 79.14045]
						},
						"2.9": {
							"vector": [-13.06372, 11.56958, 80.30366]
						},
						"3.1": {
							"vector": [-13.14455, 11.47839, 79.90168]
						},
						"3.2667": {
							"vector": [-13.70447, 10.80068, 77.00658]
						},
						"3.4": {
							"vector": [-7.95076, 4.6277, 48.42796]
						},
						"3.5333": {
							"vector": [0, -1.75, -2.75]
						},
						"3.7": {
							"vector": [0, 0, 0]
						}
					},
					"position": {
						"0.0": {
							"vector": [0, 0, 0]
						},
						"0.2667": {
							"vector": [-0.475, 3.35, -8.7]
						},
						"0.4": {
							"vector": [-0.195, 0.25, -7.7]
						},
						"0.5667": {
							"vector": [-0.03, 1.5, -7.7]
						},
						"0.7": {
							"vector": [0, 1.375, -7.7]
						},
						"0.9": {
							"vector": [-0.125, 1.4, -8.275]
						},
						"1.2": {
							"vector": [-0.52, 1.475, -8]
						},
						"1.4": {
							"vector": [-0.39, 1.425, -8.175]
						},
						"1.6667": {
							"vector": [-0.225, 1.25, -7.975]
						},
						"1.8": {
							"vector": [-0.63, -3.19, -7.65]
						},
						"1.9667": {
							"vector": [2.455, -4.725, -6.15]
						},
						"2.1333": {
							"vector": [2.585, -3.395, -5.545]
						},
						"2.2667": {
							"vector": [2.475, -3.63, -4.17]
						},
						"2.4": {
							"vector": [2.435, -3.43, -4.25]
						},
						"2.5667": {
							"vector": [2.545, -3.425, -4.24]
						},
						"2.7667": {
							"vector": [2.47, -3.5, -4.27]
						},
						"3.0": {
							"vector": [2.51, -3.41, -4.3]
						},
						"3.2333": {
							"vector": [2.455, -3.325, -4.325]
						},
						"3.3667": {
							"vector": [1.995, -2.11, -2.41]
						},
						"3.5": {
							"vector": [-0.25, -2.31, 0.05]
						},
						"3.6333": {
							"vector": [0, 0, 0]
						}
					}
				},
				"leftarm": {
					"rotation": {
						"0.0": {
							"vector": [0, 0, 0]
						},
						"0.1667": {
							"vector": [0, 0, -2.5]
						},
						"1.7333": {
							"vector": [0, 0, -2.5]
						},
						"2.0333": {
							"vector": [40.04474, 32.12591, -85.41336]
						},
						"3.3": {
							"vector": [40.04474, 32.12591, -85.41336]
						},
						"3.5667": {
							"vector": [0, 0, 0]
						}
					},
					"position": {
						"0.0": {
							"vector": [0, 0, 0]
						},
						"0.1667": {
							"vector": [11.23986, -30.20851, 24.64864]
						},
						"1.7333": {
							"vector": [11.23986, -30.20851, 24.64864]
						},
						"2.0333": {
							"vector": [25.67676, 21.94955, 1.30539]
						},
						"3.3": {
							"vector": [25.67676, 21.94955, 1.30539]
						},
						"3.5667": {
							"vector": [0, 0, 0]
						}
					}
				},
				"rightarm": {
					"rotation": {
						"0.0": {
							"vector": [0, 0, 0]
						},
						"0.2333": {
							"vector": [-1.33627, 1.7593, 3.45399]
						},
						"1.7": {
							"vector": [-1.33627, 1.7593, 3.45399]
						},
						"2.0333": {
							"vector": [-4.86179, 33.49794, 3.19974]
						},
						"3.4333": {
							"vector": [-4.86179, 33.49794, 3.19974]
						},
						"3.6333": {
							"vector": [0, 0, 0]
						}
					},
					"position": {
						"0.0": {
							"vector": [0, 0, 0]
						},
						"0.1": {
							"vector": [-1.11225, -1.0752, 3.84361]
						},
						"0.2333": {
							"vector": [-2.75357, 0.56148, 1.68415]
						},
						"1.7": {
							"vector": [-2.75357, 0.56148, 1.68415]
						},
						"2.0333": {
							"vector": [11.9736, -1.44311, 0.89292]
						},
						"3.4333": {
							"vector": [11.9736, -1.44311, 0.89292]
						},
						"3.6333": {
							"vector": [0, 0, 0]
						}
					}
				}
			},
			"sound_effects": {
				"0.0": {
					"effect": "pistol_inspectup"
				},
				"0.7667": {
					"effect": "pistol_inspectfoley"
				},
				"1.6333": {
					"effect": "pistol_inspectturn"
				},
				"3.3333": {
					"effect": "pistol_inspectdown"
				}
			}
		},
		"animation.model.draw": {
			"animation_length": 0.83333,
			"bones": {
				"main": {
					"rotation": {
						"0.0": {
							"vector": [69.2641, 10.2925, 29.62277]
						},
						"0.2667": {
							"vector": [-6.2683, -1.09742, 2.95577]
						},
						"0.5333": {
							"vector": [0, 0, 0]
						},
						"0.8": {
							"vector": [0, 0, 0]
						}
					},
					"position": {
						"0.0": {
							"vector": [-9, -23, 3]
						},
						"0.3333": {
							"vector": [0, 0, -5.74]
						},
						"0.5": {
							"vector": [0, 0, 0]
						},
						"0.6": {
							"vector": [0, 0, 0]
						},
						"0.8": {
							"vector": [0, 0, 0]
						}
					}
				},
				"rightarm": {
					"rotation": {
						"0.0": {
							"vector": [0.77638, -0.2543, -22.09167]
						},
						"0.2333": {
							"vector": [0.18473, 2.91617, -5.73611]
						},
						"0.3333": {
							"vector": [0.06712, -0.02168, -5.1173]
						},
						"0.4333": {
							"vector": [0, 0, 0]
						}
					},
					"position": {
						"vector": [0, 0, 0]
					}
				},
				"leftarm": {
					"rotation": {
						"0.0": {
							"vector": [0, 0, 0]
						},
						"0.2667": {
							"vector": [-7.06854, 25.4449, 1.4377]
						},
						"0.4667": {
							"vector": [0, 0, 0]
						},
						"0.8333": {
							"vector": [0, 0, 0]
						}
					},
					"position": {
						"0.0": {
							"vector": [0, 0, 4]
						},
						"0.2667": {
							"vector": [5, 1, -2.22]
						},
						"0.4667": {
							"vector": [0, 0, 0]
						},
						"0.8333": {
							"vector": [0, 0, 0]
						}
					}
				},
				"bone": {
					"rotation": {
						"0.0": {
							"vector": [27.5, 0, 0]
						},
						"0.2": {
							"vector": [-5.42055, -8.76239, -7.26151]
						},
						"0.4333": {
							"vector": [0, 0, 0]
						},
						"0.7333": {
							"vector": [0, 0, 0]
						}
					}
				}
			}
		},
		"animation.model.reloadempty": {
			"animation_length": 2.96667,
			"bones": {
				"main": {
					"rotation": {
						"0.0": {
							"vector": [0, 0, 0]
						},
						"0.1333": {
							"vector": [-1.95915, -4.05854, -9.09872]
						},
						"0.2333": {
							"vector": [-1.41477, -2.23388, -13.91715]
						},
						"0.3667": {
							"vector": [-1.5368, 1.39534, 55.55287]
						},
						"0.5333": {
							"vector": [-4.18411, -2.54458, 27.51875]
						},
						"0.6333": {
							"vector": [-4.34715, -0.83484, 22.40168]
						},
						"0.9667": {
							"vector": [-9.13962, -35.02048, -50.82709]
						},
						"1.1": {
							"vector": [-17.90597, -32.33716, -42.6797]
						},
						"1.1667": {
							"vector": [-12.97658, -34.40544, -51.62706]
						},
						"1.2667": {
							"vector": [-17.76255, -31.6232, -29.55049]
						},
						"1.3667": {
							"vector": [-16.30743, -33.62419, -27.73766]
						},
						"1.5667": {
							"vector": [-20.11105, -27.99846, -32.85194]
						},
						"1.7": {
							"vector": [-11.5561, -7.72113, 9.20621]
						},
						"1.8": {
							"vector": [-2.67576, 6.83035, 58.65219]
						},
						"1.9": {
							"vector": [-1.44946, 5.79831, 51.1786]
						},
						"1.9667": {
							"vector": [-4.44875, 6.75205, 61.11378]
						},
						"2.0667": {
							"vector": [2.01443, 3.10128, 61.35401]
						},
						"2.1667": {
							"vector": [1.40172, 3.76288, 55.82364]
						},
						"2.3": {
							"vector": [1.32651, 1.73904, 57.02652]
						},
						"2.4667": {
							"vector": [0.95237, -1.17206, 34.56407]
						},
						"2.6667": {
							"vector": [0, 0, 0]
						}
					},
					"position": {
						"0.0": {
							"vector": [0, 0, 0]
						},
						"0.0667": {
							"vector": [0, -0.625, -3.275]
						},
						"0.2": {
							"vector": [-0.225, 1.4, -4.98]
						},
						"0.3333": {
							"vector": [-1.695, -6.525, -6.355]
						},
						"0.5": {
							"vector": [-1.99, -8.22, -6.35]
						},
						"0.7": {
							"vector": [-2.17, -4.77, -6.85]
						},
						"0.8333": {
							"vector": [-6.94, -1.09, -8.35]
						},
						"1.0": {
							"vector": [-6.94, 0.235, -8.35]
						},
						"1.1667": {
							"vector": [-7.32, 1.665, -9.07]
						},
						"1.2667": {
							"vector": [-5.37, -0.91, -9.545]
						},
						"1.3667": {
							"vector": [-5.795, -0.23, -9.54]
						},
						"1.5333": {
							"vector": [-5.86, -3.25, -9.54]
						},
						"1.7": {
							"vector": [1.44, -5.25, -9.54]
						},
						"1.8": {
							"vector": [2.47, -5.25, -8.99]
						},
						"1.9": {
							"vector": [2.49, -5.25, -7.815]
						},
						"1.9667": {
							"vector": [2.49, -5.25, -5.71]
						},
						"2.0667": {
							"vector": [2.49, -5.25, -10.31]
						},
						"2.2667": {
							"vector": [2.79, -5.5, -8.28]
						},
						"2.3667": {
							"vector": [2.34, -5.945, -4.605]
						},
						"2.5": {
							"vector": [-0.525, -2.635, -1.775]
						},
						"2.6333": {
							"vector": [0, 0, 0]
						}
					}
				},
				"rightarm": {
					"rotation": {
						"0.0": {
							"vector": [0, 0, 0]
						},
						"0.3333": {
							"vector": [0, 0, 0]
						},
						"0.3667": {
							"vector": [0.49921, 4.47925, -0.00759]
						},
						"0.5333": {
							"vector": [0, 0, 0]
						},
						"0.9667": {
							"vector": [3.1932, -1.2256, 0.25225]
						},
						"1.5667": {
							"vector": [3.1932, -1.2256, 0.25225]
						},
						"1.8": {
							"vector": [-16.75545, 25.26742, -0.7499]
						},
						"2.3": {
							"vector": [-16.75545, 25.26742, -0.7499]
						},
						"2.5333": {
							"vector": [0, 0, 0]
						}
					},
					"position": {
						"0.0": {
							"vector": [0, 0, 0]
						},
						"0.3333": {
							"vector": [0, 0, 0]
						},
						"0.3667": {
							"vector": [1.475, 0, 0]
						},
						"0.5333": {
							"vector": [0, 0, 0]
						},
						"0.9667": {
							"vector": [-0.55, 1.4, 0]
						},
						"1.5667": {
							"vector": [-0.55, 1.4, 0]
						},
						"1.8": {
							"vector": [10.50153, -4.53482, 1.47118]
						},
						"2.3": {
							"vector": [10.50153, -4.53482, 1.47118]
						},
						"2.5333": {
							"vector": [0, 0, 0]
						}
					}
				},
				"leftarm": {
					"rotation": {
						"0.0": {
							"vector": [0, 0, 0]
						},
						"0.1333": {
							"vector": [13.15907, -5.82536, -12.66519]
						},
						"0.2667": {
							"vector": [7.9251, 4.69749, -30.14925]
						},
						"0.6": {
							"vector": [7.9251, 4.69749, -30.14925]
						},
						"0.8": {
							"vector": [22.21291, 18.62239, 28.74197]
						},
						"0.9": {
							"vector": [22.21291, 18.62239, 28.74197]
						},
						"0.9667": {
							"vector": [-5.07442, -2.10137, 37.34794]
						},
						"1.1": {
							"vector": [-9.78905, -2.68616, 37.81886]
						},
						"1.1667": {
							"vector": [-16.15396, -4.98677, 35.52025]
						},
						"1.2667": {
							"vector": [-16.71725, -1.30656, 38.52966]
						},
						"1.3667": {
							"vector": [-16.71725, -1.30656, 38.52966]
						},
						"1.5333": {
							"vector": [12.40885, 16.00417, 22.87923]
						},
						"1.8": {
							"vector": [-2.20818, -14.55874, -89.71655]
						},
						"1.9": {
							"vector": [-3.11541, -14.48555, -85.46062]
						},
						"1.9667": {
							"vector": [-5.52295, -22.13425, -95.49618]
						},
						"2.0333": {
							"vector": [-17.72676, -25.36166, -84.42634]
						},
						"2.1333": {
							"vector": [-33.15956, -21.28369, -73.7765]
						},
						"2.4667": {
							"vector": [0, 0, 0]
						}
					},
					"position": {
						"0.0": {
							"vector": [0, 0, 0]
						},
						"0.2667": {
							"vector": [12.44153, -16.23524, 16.17273]
						},
						"0.6": {
							"vector": [12.44153, -16.23524, 16.17273]
						},
						"0.8": {
							"vector": [-14.19717, -27.98532, 8.20209]
						},
						"0.9": {
							"vector": [-14.19717, -27.98532, 8.20209]
						},
						"0.9667": {
							"vector": [-12.10768, -25.5219, 4.39033]
						},
						"1.1": {
							"vector": [-12.93, -26.49, 4.94]
						},
						"1.1667": {
							"vector": [-12.93, -24.34, 1.84]
						},
						"1.2667": {
							"vector": [-12.18, -14.09, -0.91]
						},
						"1.3667": {
							"vector": [-12.18, -14.09, -0.91]
						},
						"1.5333": {
							"vector": [-1.22934, -4.34148, 4.29643]
						},
						"1.6667": {
							"vector": [6.365, 8.01, 3.13]
						},
						"1.7333": {
							"vector": [6.75, 16.24, 2.35]
						},
						"1.8": {
							"vector": [5.23923, 24.4692, 1.56927]
						},
						"1.9": {
							"vector": [5.42864, 23.57483, 2.35822]
						},
						"1.9667": {
							"vector": [6.12026, 25.09428, 3.15807]
						},
						"2.0333": {
							"vector": [10.86807, 23.40564, 3.80806]
						},
						"2.1333": {
							"vector": [12.86076, 22.16764, 33.37958]
						},
						"2.3333": {
							"vector": [15.63659, 5.44384, 2.68052]
						},
						"2.4667": {
							"vector": [0, 0, 0]
						}
					}
				},
				"slide": {
					"position": {
						"0.0": {
							"vector": [0, 0, 5.5]
						},
						"2.0333": {
							"vector": [0, 0, 5.5]
						},
						"2.0667": {
							"vector": [0, 0, 0]
						}
					}
				},
				"magazine": {
					"rotation": {
						"0.0": {
							"vector": [0, 0, 0]
						},
						"0.2333": {
							"vector": [0, 0, 0]
						},
						"0.3667": {
							"vector": [0, 0, 0]
						},
						"0.5": {
							"vector": [11.38192, 5.68502, 46.30972]
						},
						"0.8": {
							"vector": [11.38192, 5.68502, 46.30972]
						},
						"0.9": {
							"vector": [3.50163, 1.74673, 3.35687]
						},
						"0.9667": {
							"vector": [2.46295, 1.80088, 2.10744]
						},
						"1.1": {
							"vector": [-2.5, 0, 0]
						},
						"1.1667": {
							"vector": [-1.25, 0, 0]
						},
						"1.2667": {
							"vector": [0, 0, 0]
						}
					},
					"position": {
						"0.0": {
							"vector": [0, 0, 0]
						},
						"0.2333": {
							"vector": [0, 0, 0]
						},
						"0.3667": {
							"vector": [0, -15, 4.5]
						},
						"0.5": {
							"vector": [-16.4, -27.525, 4.5]
						},
						"0.8": {
							"vector": [-16.4, -27.525, 4.5]
						},
						"0.9": {
							"vector": [0, -15.125, 3.275]
						},
						"0.9667": {
							"vector": [0, -15.025, 3.275]
						},
						"1.1": {
							"vector": [0, -15, 4.725]
						},
						"1.1667": {
							"vector": [0, -11.2, 3.85]
						},
						"1.2667": {
							"vector": [0, 0, 0]
						}
					}
				},
				"magazine2": {
					"scale": {
						"vector": [0, 0, 0]
					}
				}
			},
			"sound_effects": {
				"0.4333": {
					"effect": "pistol_magout"
				},
				"1.1333": {
					"effect": "pistol_magin"
				},
				"1.8667": {
					"effect": "pistol_slide"
				}
			}
		},
		"animation.model.reload": {
			"loop": true,
			"animation_length": 2.4,
			"bones": {
				"main": {
					"rotation": {
						"0.0": {
							"vector": [0, 0, 0]
						},
						"0.3": {
							"vector": [-9.72651, -19.14639, -25.18261]
						},
						"0.4333": {
							"vector": [-11.27229, -23.23324, -31.02061]
						},
						"0.5333": {
							"vector": [-11.99684, -26.69847, -31.60479]
						},
						"0.6667": {
							"vector": [-13.80625, -25.61715, -27.59468]
						},
						"0.8": {
							"vector": [-12.70612, -24.61567, -30.1244]
						},
						"0.9333": {
							"vector": [-14.41231, -21.31259, -25.68364]
						},
						"1.1": {
							"vector": [-12.20766, -22.20015, -29.60669]
						},
						"1.1667": {
							"vector": [-13.33941, -21.67869, -27.24703]
						},
						"1.3333": {
							"vector": [-10.86906, -21.87726, -37.13512]
						},
						"1.4333": {
							"vector": [-13.60239, -22.21142, -29.88126]
						},
						"1.5": {
							"vector": [-12.85305, -21.75948, -31.93166]
						},
						"1.6333": {
							"vector": [-14.15978, -20.03277, -28.25011]
						},
						"1.7667": {
							"vector": [-14.07123, -20.09374, -28.50822]
						},
						"1.9667": {
							"vector": [-5.5963, -2.79761, -10.07197]
						},
						"2.1": {
							"vector": [0, 0, 0]
						}
					},
					"position": {
						"0.0": {
							"vector": [0, 0, 0]
						},
						"0.1333": {
							"vector": [-1.47, -2.115, -2.09]
						},
						"0.2667": {
							"vector": [-4.325, -1.47, -9.18]
						},
						"0.4667": {
							"vector": [-5.25, 1.455, -10.505]
						},
						"0.6667": {
							"vector": [-5.6, -0.15, -11]
						},
						"0.8667": {
							"vector": [-4.47, 2.105, -11.25]
						},
						"1.1": {
							"vector": [-4.945, 3.86, -11.25]
						},
						"1.2667": {
							"vector": [-5.19, 3.21, -10.775]
						},
						"1.3333": {
							"vector": [-4.64, -0.515, -10.52]
						},
						"1.4667": {
							"vector": [-4.685, 0.73, -10.77]
						},
						"1.6333": {
							"vector": [-5.285, 0.955, -9.045]
						},
						"1.8": {
							"vector": [-4.205, -0.565, -7.415]
						},
						"1.9333": {
							"vector": [-2.1, -1.855, -3.71]
						},
						"2.0": {
							"vector": [0, 0, 0]
						}
					}
				},
				"magazine": {
					"rotation": {
						"0.0": {
							"vector": [0, 0, 0]
						},
						"0.4333": {
							"vector": [0, 0, 0]
						},
						"0.6333": {
							"vector": [0, 0, 0]
						},
						"0.7667": {
							"vector": [20.09271, 3.99691, -7.50549]
						},
						"0.8667": {
							"vector": [45.116, 3.98156, -10.76335]
						},
						"1.0333": {
							"vector": [36.48736, 5.17273, -12.3751]
						},
						"1.1333": {
							"vector": [34.98736, 5.17273, -12.3751]
						},
						"1.2667": {
							"vector": [34.98736, 5.17273, -12.3751]
						},
						"1.3333": {
							"vector": [34.98736, 5.17273, -12.3751]
						},
						"1.5": {
							"vector": [34.98736, 5.17273, -12.3751]
						},
						"1.7667": {
							"vector": [34.98736, 5.17273, -12.3751]
						}
					},
					"position": {
						"0.0": {
							"vector": [0, 0, 0]
						},
						"0.4333": {
							"vector": [0, 0, 0]
						},
						"0.6333": {
							"vector": [0, -15.05, 5.95]
						},
						"0.7667": {
							"vector": [-0.95, -16.23, 6.38]
						},
						"0.8667": {
							"vector": [-1.625, -14.88, 6.38]
						},
						"1.0333": {
							"vector": [-4.145, -14.355, 3.18]
						},
						"1.1333": {
							"vector": [-3.525, -14.35, 3.58]
						},
						"1.2667": {
							"vector": [-3.6, -11.25, 3.58]
						},
						"1.3333": {
							"vector": [-3.15, -0.475, 1.255]
						},
						"1.5": {
							"vector": [-3.15, -0.475, 1.255]
						},
						"1.7667": {
							"vector": [-7.78576, -19.70992, 14.82667]
						}
					}
				},
				"rightarm": {
					"rotation": {
						"0.0": {
							"vector": [0, 0, 0]
						},
						"0.2": {
							"vector": [0, 0, 0]
						},
						"0.4333": {
							"vector": [3.25, 0, -6.5]
						},
						"1.8": {
							"vector": [3.25, 0, -6.5]
						},
						"2.0667": {
							"vector": [0, 0, 0]
						}
					},
					"position": {
						"0.0": {
							"vector": [0, 0, 0]
						},
						"0.2": {
							"vector": [0, 0, 0]
						},
						"0.4333": {
							"vector": [1.39059, 1.16785, 2.67603]
						},
						"1.8": {
							"vector": [1.39059, 1.16785, 2.67603]
						},
						"2.0667": {
							"vector": [0, 0, 0]
						}
					}
				},
				"leftarm": {
					"rotation": {
						"0.0": {
							"vector": [0, 0, 0]
						},
						"0.1667": {
							"vector": [-2.94183, -0.84871, 0.53206]
						},
						"0.3333": {
							"vector": [-34.09719, -6.35962, 11.49277]
						},
						"0.4333": {
							"vector": [-34.85309, -7.37916, 13.49856]
						},
						"0.6333": {
							"vector": [-22.10309, -7.37916, 13.49856]
						},
						"0.7667": {
							"vector": [-8.82375, -6.15199, 16.50779]
						},
						"0.8667": {
							"vector": [-8.84435, -6.54321, 13.96378]
						},
						"1.0667": {
							"vector": [-8.93768, -2.9892, 11.20151]
						},
						"1.1333": {
							"vector": [-8.88098, -4.37074, 12.2772]
						},
						"1.2667": {
							"vector": [-5.38098, -4.37074, 12.2772]
						},
						"1.3333": {
							"vector": [-9.63098, -4.37074, 12.2772]
						},
						"1.5": {
							"vector": [-9.63098, -4.37074, 12.2772]
						},
						"1.7667": {
							"vector": [-9.63098, -4.37074, 12.2772]
						},
						"1.9667": {
							"vector": [-4.1828, -9.05978, 10.1076]
						},
						"2.1": {
							"vector": [0, 0, 0]
						}
					},
					"position": {
						"0.0": {
							"vector": [0, 0, 0]
						},
						"0.1667": {
							"vector": [3.06353, -27.8457, 6.5752]
						},
						"0.3333": {
							"vector": [-2.18586, -17.03057, -4.33257]
						},
						"0.4333": {
							"vector": [-2.49088, -15.52169, -5.59114]
						},
						"0.6333": {
							"vector": [-2.3499, -27.95239, 4.7977]
						},
						"0.7667": {
							"vector": [-3.4603, -23.9817, 8.73976]
						},
						"0.8667": {
							"vector": [-3.60656, -21.9953, 8.00679]
						},
						"1.0667": {
							"vector": [-5.19091, -21.36184, 6.5153]
						},
						"1.1333": {
							"vector": [-5.25548, -21.12283, 6.49328]
						},
						"1.2667": {
							"vector": [-5.38176, -15.62287, 7.71139]
						},
						"1.3333": {
							"vector": [-4.97485, -10.95553, 3.12322]
						},
						"1.5": {
							"vector": [-4.97485, -10.95553, 3.12322]
						},
						"1.7667": {
							"vector": [-11.69937, -28.42255, 14.96425]
						},
						"1.9667": {
							"vector": [-0.8059, -13.06757, 7.85156]
						},
						"2.1": {
							"vector": [0, 0, 0]
						}
					}
				},
				"magazine2": {
					"rotation": {
						"0.0": {
							"vector": [0, 0, 0]
						},
						"0.3333": {
							"vector": [-43.98368, -8.49607, 16.49469]
						},
						"0.4333": {
							"vector": [-43.98368, -8.49607, 16.49469]
						},
						"0.6333": {
							"vector": [-43.98368, -8.49607, 16.49469]
						},
						"0.7667": {
							"vector": [-10.62095, -11.32204, 2.83197]
						},
						"0.8667": {
							"vector": [6.72864, -6.27404, -8.11323]
						},
						"1.0333": {
							"vector": [-6.03705, 1.80088, 2.10744]
						},
						"1.1333": {
							"vector": [-6.25, 0, 0]
						},
						"1.2667": {
							"vector": [-1.25, 0, 0]
						},
						"1.3333": {
							"vector": [0, 0, 0]
						}
					},
					"position": {
						"0.0": {
							"vector": [12.425, -18.325, 3.725]
						},
						"0.0333": {
							"vector": [12.5093, -17.35891, 3.69373]
						},
						"0.1333": {
							"vector": [3.29324, -20.92333, 5.4236]
						},
						"0.3333": {
							"vector": [1.95787, -3.62636, 3.03066]
						},
						"0.4333": {
							"vector": [2.72213, -2.40245, 2.33931]
						},
						"0.6333": {
							"vector": [3.195, -16.625, 7.79]
						},
						"0.7667": {
							"vector": [3.2, -17.07, 7.79]
						},
						"0.8667": {
							"vector": [2.75, -15.12, 7.79]
						},
						"1.0333": {
							"vector": [-0.65, -15.025, 3.8]
						},
						"1.1333": {
							"vector": [0, -15, 3.525]
						},
						"1.2667": {
							"vector": [0, -11.2, 3.85]
						},
						"1.3333": {
							"vector": [0, 0, 0]
						}
					},
					"scale": {
						"0.0": {
							"vector": [0, 0, 0]
						},
						"0.0333": {
							"vector": [1, 1, 1]
						}
					}
				}
			},
			"sound_effects": {
				"0.3667": {
					"effect": "pistol_magout"
				},
				"1.1667": {
					"effect": "pistol_magin"
				}
			}
		},
		"animation.model.fire": {
			"loop": true,
			"animation_length": 0.13333,
			"bones": {
				"main": {
					"rotation": {
						"0.0": {
							"vector": [0, 0, 0]
						},
						"0.0333": {
							"vector": [-7.5095, -0.21782, 4.99527]
						},
						"0.1": {
							"vector": [0, 0, 0]
						}
					},
					"position": {
						"0.0": {
							"vector": [0, 0, 0]
						},
						"0.0333": {
							"vector": [0, 0, 1.7]
						},
						"0.1": {
							"vector": [0, 0, 0]
						}
					}
				},
				"rightarm": {
					"position": {
						"0.0": {
							"vector": [0, 0, 0]
						},
						"0.0333": {
							"vector": [0, 0, 3]
						},
						"0.1": {
							"vector": [0, 0, 0]
						}
					}
				},
				"leftarm": {
					"rotation": {
						"0.0": {
							"vector": [0, 0, 0]
						},
						"0.0333": {
							"vector": [0, 0, -2.5]
						},
						"0.1": {
							"vector": [0, 0, 0]
						}
					},
					"position": {
						"0.0": {
							"vector": [0, 0, 0]
						},
						"0.0333": {
							"vector": [0.5, 0, 0]
						},
						"0.1": {
							"vector": [0, 0, 0]
						}
					}
				},
				"slide": {
					"rotation": {
						"vector": [0, 0, 0]
					},
					"position": {
						"0.0": {
							"vector": [0, 0, 0]
						},
						"0.0333": {
							"vector": [0, 0, 5]
						},
						"0.1": {
							"vector": [0, 0, 0]
						}
					}
				}
			}
		}
	},
	"geckolib_format_version": 2
}