{
	"format_version": "1.8.0",
	"animations": {
		"animation.model.fire": {
			"loop": true,
			"animation_length": 0.16,
			"bones": {
				"action": {
					"position": {
						"0.0": {
							"vector": [0, 0, 0]
						},
						"0.04": {
							"vector": [0, 0, 11]
						}
					}
				},
				"main": {
					"rotation": {
						"0.0": {
							"vector": [0, 0, 0]
						},
						"0.04": {
							"vector": [0.45618, 0.37366, -0.07996]
						},
						"0.08": {
							"vector": [2.50198, -0.75289, 0.11115]
						},
						"0.12": {
							"vector": [0, 0, 0]
						}
					},
					"position": {
						"0.0": {
							"vector": [0, 0, 0]
						},
						"0.04": {
							"vector": [0, -0.2, -1.625]
						},
						"0.08": {
							"vector": [0, 0, 0]
						},
						"0.12": {
							"vector": [0, 0, 0]
						}
					}
				},
				"bone7": {
					"position": {
						"0.0": {
							"vector": [0, 0, 0]
						},
						"0.04": {
							"vector": [0, 0, 4.7]
						},
						"0.12": {
							"vector": [0, 0, 0]
						}
					}
				},
				"belt": {
					"position": {
						"0.0": {
							"vector": [0, 0, 0]
						},
						"0.04": {
							"vector": [0, 0, 9.9]
						},
						"0.12": {
							"vector": [0, 0, 0]
						}
					}
				},
				"rightarm": {
					"rotation": {
						"vector": [0, 0, 0]
					},
					"position": {
						"0.0": {
							"vector": [0, 0, 0]
						},
						"0.04": {
							"vector": [0, 0, 2]
						},
						"0.08": {
							"vector": [0, 0, 0]
						}
					}
				},
				"leftarm": {
					"rotation": {
						"0.0": {
							"vector": [0, 0, 0]
						},
						"0.04": {
							"vector": [-2.5, 0, 0]
						},
						"0.12": {
							"vector": [0, 0, 0]
						}
					},
					"position": {
						"0.0": {
							"vector": [0, 0, 0]
						},
						"0.04": {
							"vector": [0, -1, 0]
						},
						"0.12": {
							"vector": [0, 0, 0]
						}
					}
				}
			}
		},
		"animation.model.reloadempty": {
			"animation_length": 3.26667,
			"blend_weight": "1",
			"bones": {
				"main": {
					"rotation": {
						"0.0": {
							"vector": [0, 0, 0]
						},
						"0.2333": {
							"vector": [-4.39429, -6.49256, -23.49645],
							"easing": "linear"
						},
						"0.3667": {
							"vector": [-4.80173, -6.28941, -34.28999]
						},
						"0.5": {
							"vector": [-3.91388, -4.5802, -28.56425]
						},
						"0.6333": {
							"vector": [-1.30058, -5.98905, -43.07017],
							"easing": "linear"
						},
						"0.8": {
							"vector": [-3.88336, -3.48836, -14.55049],
							"easing": "linear"
						},
						"1.0": {
							"vector": [-1.85548, -3.66398, -26.06421],
							"easing": "linear"
						},
						"1.2": {
							"vector": [-3.07242, -3.60057, -24.70072]
						},
						"1.3333": {
							"vector": [-0.88824, -4.9266, -36.06163]
						},
						"1.4": {
							"vector": [-0.8498, -5.11328, -41.89004]
						},
						"1.4667": {
							"vector": [-1.15683, -5.25282, -43.70385]
						},
						"1.6": {
							"vector": [-0.10032, -4.90598, -40.32712]
						},
						"1.7": {
							"vector": [0.93382, -5.05647, -46.09441]
						},
						"1.8": {
							"vector": [0.50551, -5.59243, -40.57704]
						},
						"1.9667": {
							"vector": [3.73366, 0.53142, -18.45848]
						},
						"2.1": {
							"vector": [3.11794, -1.28879, -11.95966],
							"easing": "easeOutSine"
						},
						"2.2333": {
							"vector": [2.19717, -2.8875, 4.55501]
						},
						"2.3333": {
							"vector": [1.91381, -3.36755, 3.36757]
						},
						"2.4667": {
							"vector": [0.83527, -3.38727, 12.88739]
						},
						"2.6": {
							"vector": [0.3939, -3.11353, 11.89203]
						},
						"2.6667": {
							"vector": [1.52942, -2.79345, 9.14566]
						},
						"2.8": {
							"vector": [1.60205, -2.75246, 7.64446]
						},
						"2.9333": {
							"vector": [0.57123, -1.64048, 13.12849]
						},
						"3.1333": {
							"vector": [0, 0, 0]
						}
					},
					"position": {
						"0.0": {
							"vector": [0, 0, 0]
						},
						"0.1667": {
							"vector": [-2.275, -0.075, -7.7],
							"easing": "linear"
						},
						"0.3333": {
							"vector": [-1.63, 0.175, -13.77]
						},
						"0.5": {
							"vector": [-1.605, -0.565, -15.995]
						},
						"0.6333": {
							"vector": [-1.455, -0.12, -15.295]
						},
						"0.7667": {
							"vector": [-0.705, -0.42, -13.59]
						},
						"0.9": {
							"vector": [-1.305, -0.9, -13.59]
						},
						"1.1333": {
							"vector": [-1.055, -1.33, -13.59]
						},
						"1.3": {
							"vector": [-2.035, -0.75, -13.59]
						},
						"1.4": {
							"vector": [-2.65, -0.46, -13.59]
						},
						"1.4333": {
							"vector": [-2.835, -0.44, -13.59]
						},
						"1.6": {
							"vector": [-2.475, -0.465, -13.59]
						},
						"1.6667": {
							"vector": [-2.76, 0, -13.59]
						},
						"1.7667": {
							"vector": [-2.035, -0.35, -13.59]
						},
						"1.8667": {
							"vector": [-2.26, -1.87, -12.89]
						},
						"2.0": {
							"vector": [-1.74, -1.02, -6.355],
							"easing": "easeOutSine"
						},
						"2.1333": {
							"vector": [-0.94, -1.615, -4.405],
							"easing": "easeInSine"
						},
						"2.3": {
							"vector": [-0.94, -2.41, -2.855]
						},
						"2.4": {
							"vector": [-0.94, -2.41, -2.25]
						},
						"2.5": {
							"vector": [-0.94, -2.41, -0.5]
						},
						"2.5667": {
							"vector": [-0.815, -2.41, 0.075]
						},
						"2.6333": {
							"vector": [-0.81, -2.41, -2.15]
						},
						"2.8333": {
							"vector": [0.15, -1.27, 0.885],
							"easing": "easeInSine"
						},
						"3.0": {
							"vector": [0.04, -0.37, 1.21]
						},
						"3.1": {
							"vector": [0, 0, 0],
							"easing": "easeOutSine"
						}
					}
				},
				"leftarm": {
					"rotation": {
						"0.0": {
							"vector": [0, 0, 0]
						},
						"0.1": {
							"vector": [-13.85344, -12.85598, 8.31771]
						},
						"0.2333": {
							"vector": [-26.05246, -10.77454, 1.07277]
						},
						"0.4": {
							"vector": [-26.32892, -0.2825, 7.4106]
						},
						"0.6": {
							"vector": [22.3102, -3.26883, -3.48109]
						},
						"0.8667": {
							"vector": [22.3102, -3.26883, -3.48109]
						},
						"1.3": {
							"vector": [8.86456, 0.89726, 5.89107]
						},
						"1.4": {
							"vector": [2.816, -5.39837, 11.50414]
						},
						"1.4667": {
							"vector": [2.98731, -7.13478, 8.46031]
						},
						"1.5333": {
							"vector": [3.03708, -4.7436, 7.10095]
						},
						"1.6": {
							"vector": [3.07031, -3.22189, 6.23587]
						},
						"1.6667": {
							"vector": [-9.82304, -7.28554, 9.94572]
						},
						"1.8": {
							"vector": [-9.82304, -7.28554, 9.94572]
						},
						"1.9667": {
							"vector": [-9.82, -7.29, 9.95]
						},
						"2.0667": {
							"vector": [-14.61664, -9.03722, 8.15032]
						},
						"2.8667": {
							"vector": [-14.61664, -9.03722, 8.15032]
						},
						"3.0333": {
							"vector": [1.36884, -11.39236, 9.74312]
						},
						"3.1333": {
							"vector": [0, 0, 0]
						}
					},
					"position": {
						"0.0": {
							"vector": [0, 0, 0]
						},
						"0.1": {
							"vector": [5.775, -7.235, 17.31]
						},
						"0.2333": {
							"vector": [2.1, -7.825, 28.625]
						},
						"0.4": {
							"vector": [2.1, -7.825, 28.625]
						},
						"0.6": {
							"vector": [1.85, -13.54, 50.08]
						},
						"0.8667": {
							"vector": [1.85, -13.54, 50.08]
						},
						"1.3": {
							"vector": [-5.975, -13.54, 36.53]
						},
						"1.4": {
							"vector": [-6.67, -12.74, 31.93]
						},
						"1.4667": {
							"vector": [-6.92, -11.41, 31.18]
						},
						"1.5333": {
							"vector": [-5.69, -11.005, 31.18]
						},
						"1.6": {
							"vector": [-5.27, -8.16, 31.18]
						},
						"1.6667": {
							"vector": [-5.27, -9.51, 31.505]
						},
						"1.8": {
							"vector": [-5.27, -9.51, 31.505]
						},
						"1.9667": {
							"vector": [-5.27, -9.51, 31.51]
						},
						"2.0667": {
							"vector": [-5.27, -7.51, 29.51]
						},
						"2.8667": {
							"vector": [-5.27, -7.51, 29.51]
						},
						"3.0": {
							"vector": [-0.03, -3.75, 14.76]
						},
						"3.1": {
							"vector": [1.49, -1.22, 4.8]
						},
						"3.1333": {
							"vector": [0, 0, 0]
						}
					}
				},
				"rightarm": {
					"rotation": {
						"0.0": {
							"vector": [0, 0, 0]
						},
						"0.2": {
							"vector": [3.73557, -18.02538, -9.64747]
						},
						"1.9667": {
							"vector": [0, 0, 0]
						},
						"2.0667": {
							"vector": [1.36471, 2.12722, -1.89153]
						},
						"2.2333": {
							"vector": [-5.82102, -17.37461, -31.55764]
						},
						"2.3667": {
							"vector": [-9.2311, -20.70418, -30.29272]
						},
						"2.4667": {
							"vector": [-5.48152, -28.11499, -35.99407]
						},
						"2.5667": {
							"vector": [-0.47761, -30.13329, -43.57433]
						},
						"2.6667": {
							"vector": [-30.72761, -58.47458, -18.78634]
						},
						"2.9": {
							"vector": [0, 0, 0]
						}
					},
					"position": {
						"0.0": {
							"vector": [0, 0, 0]
						},
						"0.2": {
							"vector": [-6.025, -0.6, -0.05]
						},
						"1.9667": {
							"vector": [0, 0, 0]
						},
						"2.0667": {
							"vector": [-3.86617, -0.95193, 2.99611]
						},
						"2.2333": {
							"vector": [-6.21042, 0.59544, 10.01009],
							"easing": "easeOutSine"
						},
						"2.2667": {
							"vector": [-6.21042, 0.59544, 10.01009]
						},
						"2.3667": {
							"vector": [-6.11, -0.825, 10.41]
						},
						"2.4667": {
							"vector": [-7.035, -1.52, 17.885]
						},
						"2.5667": {
							"vector": [-7.035, -1.87, 17.885]
						},
						"2.6333": {
							"vector": [-10.105, -6.87, 23.505]
						},
						"2.7": {
							"vector": [-14.575, -12.22, 25.93]
						},
						"2.9": {
							"vector": [0, 0, 0]
						}
					}
				},
				"magazine": {
					"rotation": {
						"0.0": {
							"vector": [0, 0, 0]
						},
						"0.6": {
							"vector": [0, 0, 0]
						},
						"0.7333": {
							"vector": [2.25, 0, 0]
						},
						"0.8": {
							"vector": [2.44214, -11.82358, 20.66088]
						},
						"0.9333": {
							"vector": [13.43603, -19.61846, 18.21905]
						},
						"1.4": {
							"vector": [1.71325, 7.98276, 5.47336]
						},
						"1.4667": {
							"vector": [-2.016, -4.63434, 2.63205]
						},
						"1.5333": {
							"vector": [-3.01375, -0.43221, 2.35147]
						},
						"1.6": {
							"vector": [-4, 0, 0]
						},
						"1.6667": {
							"vector": [0, 0, 0]
						}
					},
					"position": {
						"0.0": {
							"vector": [0, 0, 0]
						},
						"0.6": {
							"vector": [0, 0, 0]
						},
						"0.7333": {
							"vector": [0, -7, 0]
						},
						"0.8": {
							"vector": [-9.73605, -10.12348, 1.31698]
						},
						"0.9333": {
							"vector": [-22.345, -27.34, 6.11]
						},
						"1.3": {
							"vector": [-3.685, -11.515, 3.39]
						},
						"1.4": {
							"vector": [0, -7.4, 0]
						},
						"1.4667": {
							"vector": [-0.95, -6.675, -1.3]
						},
						"1.5333": {
							"vector": [-0.47, -6.64, -1.65]
						},
						"1.6": {
							"vector": [0, -4.85, -2]
						},
						"1.6667": {
							"vector": [0, 0, 0]
						}
					}
				},
				"bolt": {
					"rotation": {
						"0.0": {
							"vector": [0, 0, 0]
						},
						"2.0667": {
							"vector": [0, 0, 0]
						}
					},
					"position": {
						"0.0": {
							"vector": [0, 0, 7.75]
						},
						"2.0667": {
							"vector": [0, 0, 7.75]
						},
						"2.1333": {
							"vector": [0, 0, -0.25]
						}
					}
				},
				"bullet": {
					"rotation": {
						"0.0": {
							"vector": [0, 0, 0]
						},
						"1.1667": {
							"vector": [0, 0, 0]
						}
					},
					"position": {
						"0.0": {
							"vector": [0, -1, 0]
						},
						"1.0667": {
							"vector": [0, -1, 0]
						},
						"1.1667": {
							"vector": [0, 0, 0]
						}
					}
				},
				"magazine2": {
					"scale": {
						"vector": [0, 0, 0]
					}
				},
				"belt": {
					"position": {
						"2.3667": {
							"vector": [0, 0, 0]
						},
						"2.4667": {
							"vector": [0, 0, 6]
						},
						"2.5667": {
							"vector": [0, 0, 6.2]
						},
						"2.6333": {
							"vector": [0, 0, 0]
						}
					}
				}
			},
			"sound_effects": {
				"0.5": {
					"effect": "ak_magout"
				},
				"0.9": {
					"effect": "foley_start"
				},
				"1.4": {
					"effect": "ak_magin"
				},
				"2.3667": {
					"effect": "ak_actionback"
				},
				"2.5667": {
					"effect": "ak_actionforward"
				},
				"2.7": {
					"effect": "foley_end"
				}
			}
		},
		"animation.model.draw": {
			"animation_length": 1.2,
			"bones": {
				"main": {
					"rotation": {
						"0.0": {
							"vector": [32.09413, -54.38778, -8.29667]
						},
						"0.35": {
							"vector": [0.50518, -5.08075, 6.8716],
							"easing": "easeOutSine"
						},
						"0.5": {
							"vector": [0.32389, -0.60235, -2.1558],
							"easing": "linear"
						},
						"0.6": {
							"vector": [0, 0, 0],
							"easing": "linear"
						}
					},
					"position": {
						"0.0": {
							"vector": [0, -17.3, 0]
						},
						"0.25": {
							"vector": [-0.4, -2.525, -1.625],
							"easing": "linear"
						},
						"0.4": {
							"vector": [-0.05, 0, -4.49],
							"easing": "linear"
						},
						"0.55": {
							"vector": [0, 0, 0],
							"easing": "linear"
						}
					}
				},
				"leftarm": {
					"rotation": {
						"0.0": {
							"vector": [0, 0, 0]
						},
						"0.2": {
							"vector": [1, 0, -22]
						},
						"0.4": {
							"vector": [0, 0, 0]
						}
					},
					"position": {
						"0.0": {
							"vector": [0, 0, 0]
						},
						"0.2": {
							"vector": [3.53901, 3.6754, 5.59783]
						},
						"0.4": {
							"vector": [0, 0, 0]
						}
					}
				}
			}
		},
		"animation.model.inspect": {
			"animation_length": 4.26667,
			"bones": {
				"main": {
					"rotation": {
						"0.0": {
							"vector": [0, 0, 0]
						},
						"0.1667": {
							"vector": [-8.41746, -13.59608, -21.21259],
							"easing": "linear"
						},
						"0.3": {
							"vector": [-8.39812, -20.10111, -31.77688]
						},
						"0.4333": {
							"vector": [-9.55676, -20.88889, -28.55629]
						},
						"0.5333": {
							"vector": [-8.77652, -21.21647, -30.72851]
						},
						"0.7667": {
							"vector": [-9.4227, -20.94881, -28.93303]
						},
						"1.0": {
							"vector": [-3.1216, -20.98207, -46.44405]
						},
						"1.1333": {
							"vector": [-4.564, -20.73064, -42.44007]
						},
						"1.2333": {
							"vector": [-4.86325, -20.9153, -41.60203]
						},
						"1.3333": {
							"vector": [-4.58308, -20.97575, -42.38574]
						},
						"1.4667": {
							"vector": [-4.01131, -21.08802, -43.97908]
						},
						"1.6": {
							"vector": [-4.38767, -21.01662, -42.9316]
						},
						"1.7": {
							"vector": [-4.18847, -21.05622, -43.48691],
							"easing": "linear"
						},
						"2.0333": {
							"vector": [-16.91438, 5.38499, 54.40399],
							"easing": "linear"
						},
						"2.1667": {
							"vector": [-15.22513, 5.80082, 60.04554]
						},
						"2.3": {
							"vector": [-15.70981, 5.86025, 59.48558]
						},
						"2.4333": {
							"vector": [-15.93602, 7.03904, 62.69373]
						},
						"2.5667": {
							"vector": [-15.60896, 7.75082, 65.23442]
						},
						"2.7333": {
							"vector": [-15.71675, 7.52491, 64.42194]
						},
						"2.9": {
							"vector": [-15.56389, 7.84019, 65.55973]
						},
						"3.1": {
							"vector": [-15.61778, 7.73186, 65.16659]
						},
						"3.2667": {
							"vector": [-15.9801, 6.93689, 62.33342]
						},
						"3.4": {
							"vector": [-8.86998, 2.42135, 33.56191]
						},
						"3.5333": {
							"vector": [0, -1.75, -2.75]
						},
						"3.7": {
							"vector": [0, 0, 0]
						}
					},
					"position": {
						"0.0": {
							"vector": [0, 0, 0]
						},
						"0.3": {
							"vector": [-0.475, 4.475, -11.7]
						},
						"0.4": {
							"vector": [-0.195, 4, -10.7]
						},
						"0.5333": {
							"vector": [-0.03, 3.725, -10.7]
						},
						"0.7": {
							"vector": [0, 4.125, -10.7]
						},
						"0.9": {
							"vector": [0.125, 4.4, -11.275]
						},
						"1.2": {
							"vector": [-0.02, 4.475, -11]
						},
						"1.4": {
							"vector": [0.11, 4.425, -11.175]
						},
						"1.6667": {
							"vector": [0.275, 4.25, -10.975]
						},
						"1.8": {
							"vector": [0.87, 0.81, -8.65]
						},
						"1.9667": {
							"vector": [1.455, -1.325, -9.15]
						},
						"2.1333": {
							"vector": [1.585, -1.395, -8.545]
						},
						"2.2667": {
							"vector": [1.475, -1.455, -7.17]
						},
						"2.4": {
							"vector": [1.51, -1.43, -7.85]
						},
						"2.5667": {
							"vector": [1.545, -1.5, -7.24]
						},
						"2.7667": {
							"vector": [1.47, -1.5, -7.27]
						},
						"3.0": {
							"vector": [1.51, -1.41, -7.3]
						},
						"3.2333": {
							"vector": [1.455, -1.325, -7.325]
						},
						"3.3667": {
							"vector": [-0.005, -0.61, -6.41]
						},
						"3.6333": {
							"vector": [0, 0, 0]
						}
					}
				},
				"leftarm": {
					"rotation": {
						"0.0": {
							"vector": [0, 0, 0]
						},
						"0.1667": {
							"vector": [0, 0, -2.5]
						},
						"3.2667": {
							"vector": [0, 0, -2.5]
						},
						"3.5667": {
							"vector": [0, 0, 0]
						}
					},
					"position": {
						"0.0": {
							"vector": [0, 0, 0]
						},
						"0.1667": {
							"vector": [8.07465, -38.39626, 26.63411]
						},
						"3.2667": {
							"vector": [8.07465, -38.39626, 26.63411]
						},
						"3.5667": {
							"vector": [0, 0, 0]
						}
					}
				}
			},
			"sound_effects": {
				"0.0": {
					"effect": "inspect_up"
				},
				"0.8": {
					"effect": "inspect_foley"
				},
				"1.3667": {
					"effect": "inspect_turn"
				},
				"3.2667": {
					"effect": "inspect_down"
				}
			}
		},
		"animation.model.reload": {
			"animation_length": 2.63333,
			"bones": {
				"main": {
					"rotation": {
						"0.0": {
							"vector": [0, 0, 0]
						},
						"0.2": {
							"vector": [-0.85481, -1.26427, -15.91545]
						},
						"0.3": {
							"vector": [-2.94286, -2.81107, -16.85575]
						},
						"0.4": {
							"vector": [-3.82999, -2.56266, -11.85652]
						},
						"0.5333": {
							"vector": [-3.62968, -2.59655, -22.62482]
						},
						"0.6667": {
							"vector": [-4.08445, -1.82444, -18.10087]
						},
						"0.8": {
							"vector": [-3.99699, -2.23968, -30.04313]
						},
						"0.9333": {
							"vector": [-3.95656, -1.74242, -30.07772]
						},
						"1.0": {
							"vector": [-3.83437, -1.99727, -33.82105]
						},
						"1.1": {
							"vector": [-3.93346, -1.79402, -30.8263]
						},
						"1.2": {
							"vector": [-3.59454, -2.40258, -40.06251]
						},
						"1.3": {
							"vector": [-3.7803, -1.84743, -35.33519]
						},
						"1.4": {
							"vector": [-2.28408, -1.58999, -33.95273]
						},
						"1.6333": {
							"vector": [-0.80401, 0.25613, 3.09889],
							"easing": "linear"
						},
						"1.7667": {
							"vector": [0, 0, 0]
						}
					},
					"position": {
						"0.0": {
							"vector": [0, 0, 0]
						},
						"0.1667": {
							"vector": [0, 0.175, -8.185],
							"easing": "easeOutSine"
						},
						"0.2667": {
							"vector": [-0.25, 0, -13.45],
							"easing": "linear"
						},
						"0.4": {
							"vector": [-0.425, 0.105, -12.67]
						},
						"0.5": {
							"vector": [-0.43, 0.04, -12.88]
						},
						"0.6333": {
							"vector": [-0.425, -1.095, -13.17]
						},
						"0.7333": {
							"vector": [-0.48, -1.725, -13.96]
						},
						"0.8667": {
							"vector": [-0.6, -0.77, -14.65]
						},
						"0.9333": {
							"vector": [-0.7, -0.37, -14.825]
						},
						"1.0": {
							"vector": [-0.6, -0.27, -15.4]
						},
						"1.1": {
							"vector": [-0.7, -0.02, -15.4]
						},
						"1.1667": {
							"vector": [-1, 0.73, -15.2]
						},
						"1.2667": {
							"vector": [-0.75, 0.18, -15.025]
						},
						"1.4": {
							"vector": [-0.24, -0.53, -9.33]
						},
						"1.5333": {
							"vector": [-0.1, -0.735, -3.33],
							"easing": "linear"
						},
						"1.7": {
							"vector": [0, 0, 0]
						}
					}
				},
				"bolt2": {
					"rotation": {
						"vector": [0, 0, 0]
					},
					"position": {
						"vector": [0, 0, 0]
					}
				},
				"leftarm": {
					"rotation": {
						"0.0": {
							"vector": [0, 0, 0]
						},
						"0.2": {
							"vector": [22.26382, 17.40326, 15.34608]
						},
						"0.4333": {
							"vector": [-9.71723, -5.34576, 6.99675]
						},
						"0.5333": {
							"vector": [-9.71723, -5.34576, 6.99675]
						},
						"0.6667": {
							"vector": [-9.71723, -5.34576, 6.99675]
						},
						"0.7333": {
							"vector": [-9.71723, -5.34576, 6.99675]
						},
						"0.8": {
							"vector": [8.28563, 8.5485, 21.85182]
						},
						"0.9": {
							"vector": [8.87657, 11.81068, 19.99537]
						},
						"1.0": {
							"vector": [6.55369, 8.29938, 18.8433]
						},
						"1.1": {
							"vector": [1.55369, 8.29938, 18.8433]
						},
						"1.1667": {
							"vector": [-2.94631, 8.29938, 18.8433]
						},
						"1.3": {
							"vector": [-2.94631, 8.29938, 18.8433]
						},
						"1.4667": {
							"vector": [21.96658, 21.48777, 14.13441]
						},
						"1.7": {
							"vector": [0, 0, 0]
						}
					},
					"position": {
						"0.0": {
							"vector": [0, 0, 0]
						},
						"0.2": {
							"vector": [9.08517, -26.66289, 54.29794]
						},
						"0.2667": {
							"vector": [11.20127, -22.82484, 50.05731]
						},
						"0.4333": {
							"vector": [3.40721, -12.41122, 34.08731]
						},
						"0.5333": {
							"vector": [3.41784, -12.47399, 34.0909]
						},
						"0.6667": {
							"vector": [3.09467, -21.83323, 34.09054]
						},
						"0.7333": {
							"vector": [1.15659, -23.4767, 34.08892]
						},
						"0.8": {
							"vector": [-1.83208, -17.49838, 38.33334]
						},
						"0.9": {
							"vector": [-2.2132, -17.73566, 37.8648]
						},
						"1.0": {
							"vector": [-2.82355, -17.74604, 38.78673]
						},
						"1.1": {
							"vector": [-2.90864, -16.85446, 37.14173]
						},
						"1.1667": {
							"vector": [-2.41381, -13.14923, 35.31712]
						},
						"1.3": {
							"vector": [-2.56128, -13.11848, 35.32033]
						},
						"1.4667": {
							"vector": [-1.21996, -26.39065, 44.29321]
						},
						"1.5667": {
							"vector": [5.15, -15.53, 11.61]
						},
						"1.7": {
							"vector": [0, 0, 0]
						}
					}
				},
				"bolt": {
					"rotation": {
						"vector": [0, 0, 0]
					},
					"position": {
						"vector": [0, 0, 0]
					}
				},
				"rightarm": {
					"rotation": {
						"0.0": {
							"vector": [0, 0, 0]
						},
						"0.2": {
							"vector": [3.73557, -18.02538, -9.64747]
						},
						"1.4": {
							"vector": [3.73557, -18.02538, -9.64747]
						},
						"1.6": {
							"vector": [0, 0, 0]
						}
					},
					"position": {
						"0.0": {
							"vector": [0, 0, 0]
						},
						"0.2": {
							"vector": [-6.025, -0.6, -0.05]
						},
						"1.4": {
							"vector": [-6.025, -0.6, -0.05]
						},
						"1.6": {
							"vector": [0, 0, 0]
						}
					}
				},
				"magazine": {
					"rotation": {
						"0.0": {
							"vector": [0, 0, 0]
						},
						"0.4333": {
							"vector": [0, 0, 0]
						},
						"0.5333": {
							"vector": [0, 0, 0]
						},
						"0.6333": {
							"vector": [0, 0, 0]
						},
						"0.6667": {
							"vector": [0.02618, -0.99966, -1.50023]
						},
						"0.7333": {
							"vector": [0.02618, -0.99966, -1.50023]
						},
						"0.8": {
							"vector": [-7, -2.5, -1.75]
						},
						"0.9": {
							"vector": [-6.68657, 1.51142, -2.17882]
						},
						"1.0": {
							"vector": [0, 0, 0]
						},
						"1.1667": {
							"vector": [0, 0, 0]
						},
						"1.3": {
							"vector": [0, 0, 0]
						},
						"1.4667": {
							"vector": [6.67653, 0.99546, -8.44193]
						}
					},
					"position": {
						"0.0": {
							"vector": [0, 0, 0]
						},
						"0.4333": {
							"vector": [0, 0, 0]
						},
						"0.5333": {
							"vector": [0, 0, 0]
						},
						"0.6333": {
							"vector": [0, -8.2, 0]
						},
						"0.6667": {
							"vector": [0, -9.375, 0]
						},
						"0.7333": {
							"vector": [-1.45, -9.375, 0]
						},
						"0.8": {
							"vector": [-1.45, -6.975, -2.225]
						},
						"0.9": {
							"vector": [-3.63, -7.92, -2.13]
						},
						"1.0": {
							"vector": [-3.75, -8, 0]
						},
						"1.1": {
							"vector": [-3.75, -6.025, 0]
						},
						"1.1667": {
							"vector": [-3.75, 0, 0]
						},
						"1.3": {
							"vector": [-3.75, 0, 0]
						},
						"1.4667": {
							"vector": [-1.9, -24.25, 4.875]
						},
						"1.5667": {
							"vector": [-1.9, -30.475, 13.38]
						}
					}
				},
				"magazine2": {
					"rotation": {
						"0.0": {
							"vector": [0, 0, 0]
						},
						"0.0667": {
							"vector": [0, 0, 0]
						},
						"0.1333": {
							"vector": [9.14281, -5.42636, -11.79396]
						},
						"0.4333": {
							"vector": [0, -0.5, 0.75]
						},
						"0.5333": {
							"vector": [0, -0.5, 0.75]
						},
						"0.6333": {
							"vector": [0, 0, 0]
						},
						"0.6667": {
							"vector": [0.02618, -0.99966, -1.50023]
						},
						"0.7333": {
							"vector": [0.02618, -0.99966, -1.50023]
						},
						"0.8": {
							"vector": [-6.88507, -2.80223, -4.23433]
						},
						"0.9": {
							"vector": [-6.68657, 1.51142, -2.17882]
						},
						"1.0": {
							"vector": [0, 0, 0]
						},
						"1.1667": {
							"vector": [0, 0, 0]
						}
					},
					"position": {
						"0.0": {
							"vector": [0, 0, 0]
						},
						"0.0333": {
							"vector": [0, 0, 46]
						},
						"0.0667": {
							"vector": [18, -28, 46]
						},
						"0.1333": {
							"vector": [17.2, -22.545, 15.25]
						},
						"0.2667": {
							"vector": [8.40432, -9.55361, 5.6641]
						},
						"0.4333": {
							"vector": [3.85, -1.425, 0]
						},
						"0.5333": {
							"vector": [3.85, -1.425, 0]
						},
						"0.6333": {
							"vector": [4, -8.2, 0]
						},
						"0.6667": {
							"vector": [4, -9.375, 0]
						},
						"0.7333": {
							"vector": [2.55, -9.375, 0]
						},
						"0.8": {
							"vector": [2.3, -8.2, -2.225]
						},
						"0.9": {
							"vector": [0.37, -7.445, -2.13]
						},
						"1.0": {
							"vector": [0, -8, 0]
						},
						"1.1": {
							"vector": [0, -6.025, 0]
						},
						"1.1667": {
							"vector": [0, 0, 0]
						}
					},
					"scale": {
						"0.0": {
							"vector": [0, 0, 0]
						},
						"0.0667": {
							"vector": [0, 0, 0]
						},
						"0.1": {
							"vector": [1, 1, 1]
						}
					}
				}
			},
			"sound_effects": {
				"0.0": {
					"effect": "foley_start"
				},
				"0.4333": {
					"effect": "ak_magout"
				},
				"0.9667": {
					"effect": "ak_magin"
				},
				"1.2667": {
					"effect": "foley_end"
				}
			}
		}
	},
	"geckolib_format_version": 2
}