{
	"format_version": "1.8.0",
	"animations": {
		"animation.model.draw": {
			"loop": true,
			"animation_length": 1.2,
			"bones": {
				"main": {
					"rotation": {
						"0.0": {
							"vector": [32.09413, -54.38778, -8.29667]
						},
						"0.35": {
							"vector": [0.50518, -5.08075, 6.8716],
							"easing": "easeOutSine"
						},
						"0.5": {
							"vector": [0.32389, -0.60235, -2.1558],
							"easing": "linear"
						},
						"0.6": {
							"vector": [0, 0, 0],
							"easing": "linear"
						}
					},
					"position": {
						"0.0": {
							"vector": [0, -17.3, 0]
						},
						"0.25": {
							"vector": [-0.4, -2.525, -1.625],
							"easing": "linear"
						},
						"0.4": {
							"vector": [-0.05, 0, -2.49],
							"easing": "linear"
						},
						"0.55": {
							"vector": [0, 0, 0],
							"easing": "linear"
						}
					}
				},
				"leftarm": {
					"rotation": {
						"0.0": {
							"vector": [0, 0, 0]
						},
						"0.2": {
							"vector": [1, 0, -22]
						},
						"0.4": {
							"vector": [0, 0, 0]
						}
					},
					"position": {
						"0.0": {
							"vector": [0, 0, 0]
						},
						"0.2": {
							"vector": [3.53901, 3.6754, 5.59783]
						},
						"0.4": {
							"vector": [0, 0, 0]
						}
					}
				}
			}
		},
		"animation.model.inspect": {
			"animation_length": 5.13333,
			"bones": {
				"main": {
					"rotation": {
						"0.0": {
							"vector": [0, 0, 0]
						},
						"0.1667": {
							"vector": [-9.10467, -25.95159, -19.19327],
							"easing": "linear"
						},
						"0.3": {
							"vector": [-9.18088, -30.72584, -29.96084]
						},
						"0.4333": {
							"vector": [-11.10933, -36.38799, -25.34713]
						},
						"0.5333": {
							"vector": [-10.06514, -35.52384, -28.03806]
						},
						"0.7667": {
							"vector": [-10.53586, -33.26173, -26.50426]
						},
						"1.0": {
							"vector": [-3.4941, -33.46148, -45.63456]
						},
						"1.1333": {
							"vector": [-5.10177, -33.18669, -41.26087]
						},
						"1.2333": {
							"vector": [-5.44096, -33.36535, -40.34312]
						},
						"1.3333": {
							"vector": [-5.12916, -33.43138, -41.1983]
						},
						"1.4667": {
							"vector": [-4.49196, -33.554, -42.93807]
						},
						"1.6": {
							"vector": [-4.91154, -33.47594, -41.79411]
						},
						"1.7": {
							"vector": [-4.68955, -33.51914, -42.40043],
							"easing": "linear"
						},
						"2.0333": {
							"vector": [-15.01528, 9.53318, 68.94603],
							"easing": "linear"
						},
						"2.1667": {
							"vector": [-13.25936, 9.51163, 74.71344]
						},
						"2.3": {
							"vector": [-13.71722, 9.69111, 74.12635]
						},
						"2.4333": {
							"vector": [-13.63502, 10.8884, 77.37459]
						},
						"2.5667": {
							"vector": [-13.131, 11.49451, 79.97102]
						},
						"2.7333": {
							"vector": [-13.29499, 11.30318, 79.14045]
						},
						"2.9": {
							"vector": [-13.06372, 11.56958, 80.30366]
						},
						"3.1": {
							"vector": [-13.14455, 11.47839, 79.90168]
						},
						"3.2667": {
							"vector": [-13.70447, 10.80068, 77.00658]
						},
						"3.4": {
							"vector": [-7.95076, 4.6277, 48.42796]
						},
						"3.5333": {
							"vector": [0, -1.75, -2.75]
						},
						"3.7": {
							"vector": [0, 0, 0]
						}
					},
					"position": {
						"0.0": {
							"vector": [0, 0, 0]
						},
						"0.2667": {
							"vector": [-0.475, 3.35, -8.7]
						},
						"0.4": {
							"vector": [-0.195, 0.25, -7.7]
						},
						"0.5667": {
							"vector": [-0.03, 1.5, -7.7]
						},
						"0.7": {
							"vector": [0, 1.375, -7.7]
						},
						"0.9": {
							"vector": [-0.125, 1.4, -8.275]
						},
						"1.2": {
							"vector": [-0.52, 1.475, -8]
						},
						"1.4": {
							"vector": [-0.39, 1.425, -8.175]
						},
						"1.6667": {
							"vector": [-0.225, 1.25, -7.975]
						},
						"1.8": {
							"vector": [-0.63, -3.19, -7.65]
						},
						"1.9667": {
							"vector": [2.455, -4.725, -6.15]
						},
						"2.1333": {
							"vector": [2.585, -3.395, -5.545]
						},
						"2.2667": {
							"vector": [2.475, -3.63, -4.17]
						},
						"2.4": {
							"vector": [2.435, -3.43, -4.25]
						},
						"2.5667": {
							"vector": [2.545, -3.425, -4.24]
						},
						"2.7667": {
							"vector": [2.47, -3.5, -4.27]
						},
						"3.0": {
							"vector": [2.51, -3.41, -4.3]
						},
						"3.2333": {
							"vector": [2.455, -3.325, -4.325]
						},
						"3.3667": {
							"vector": [1.995, -2.11, -2.41]
						},
						"3.5": {
							"vector": [-0.25, -2.31, 0.05]
						},
						"3.6333": {
							"vector": [0, 0, 0]
						}
					}
				},
				"leftarm": {
					"rotation": {
						"0.0": {
							"vector": [0, 0, 0]
						},
						"0.1667": {
							"vector": [0, 0, -2.5]
						},
						"1.7333": {
							"vector": [0, 0, -2.5]
						},
						"2.0333": {
							"vector": [40.04474, 32.12591, -85.41336]
						},
						"3.3": {
							"vector": [40.04474, 32.12591, -85.41336]
						},
						"3.5667": {
							"vector": [0, 0, 0]
						}
					},
					"position": {
						"0.0": {
							"vector": [0, 0, 0]
						},
						"0.1667": {
							"vector": [11.23986, -30.20851, 24.64864]
						},
						"1.7333": {
							"vector": [11.23986, -30.20851, 24.64864]
						},
						"2.0333": {
							"vector": [25.67676, 21.94955, 1.30539]
						},
						"3.3": {
							"vector": [25.67676, 21.94955, 1.30539]
						},
						"3.5667": {
							"vector": [0, 0, 0]
						}
					}
				},
				"rightarm": {
					"rotation": {
						"0.0": {
							"vector": [0, 0, 0]
						},
						"0.2333": {
							"vector": [-1.33627, 1.7593, 3.45399]
						},
						"1.7": {
							"vector": [-1.33627, 1.7593, 3.45399]
						},
						"2.0333": {
							"vector": [-4.86179, 33.49794, 3.19974]
						},
						"3.4333": {
							"vector": [-4.86179, 33.49794, 3.19974]
						},
						"3.6333": {
							"vector": [0, 0, 0]
						}
					},
					"position": {
						"0.0": {
							"vector": [0, 0, 0]
						},
						"0.1": {
							"vector": [-1.11225, -1.0752, 3.84361]
						},
						"0.2333": {
							"vector": [-2.75357, 0.56148, 1.68415]
						},
						"1.7": {
							"vector": [-2.75357, 0.56148, 1.68415]
						},
						"2.0333": {
							"vector": [11.9736, -1.44311, 0.89292]
						},
						"3.4333": {
							"vector": [11.9736, -1.44311, 0.89292]
						},
						"3.6333": {
							"vector": [0, 0, 0]
						}
					}
				}
			},
			"sound_effects": {
				"0.0": {
					"effect": "pistol_inspectup"
				},
				"0.7667": {
					"effect": "pistol_inspectfoley"
				},
				"1.6333": {
					"effect": "pistol_inspectturn"
				},
				"3.3333": {
					"effect": "pistol_inspectdown"
				}
			}
		},
		"animation.model.reloadempty": {
			"animation_length": 2.6,
			"bones": {
				"main": {
					"rotation": {
						"0.0": {
							"vector": [0, 0, 0]
						},
						"0.1": {
							"vector": [-1.95915, -4.05854, -9.09872]
						},
						"0.2": {
							"vector": [-1.41477, -2.23388, -6.61715]
						},
						"0.3": {
							"vector": [-1.5368, 1.39534, 28.15287]
						},
						"0.4333": {
							"vector": [-4.18411, -2.54458, 20.81875]
						},
						"0.5333": {
							"vector": [-4.34715, -0.83484, 25.80168]
						},
						"0.8": {
							"vector": [-9.13962, -35.02048, -50.82709]
						},
						"0.9": {
							"vector": [-17.90597, -32.33716, -42.6797]
						},
						"0.9667": {
							"vector": [-12.97658, -34.40544, -51.62706]
						},
						"1.0333": {
							"vector": [-17.76255, -31.6232, -42.95049]
						},
						"1.2667": {
							"vector": [-20.11105, -27.99846, -32.85194]
						},
						"1.3667": {
							"vector": [-11.5561, -7.72113, 9.20621]
						},
						"1.4667": {
							"vector": [-2.67576, 6.83035, 58.65219]
						},
						"1.5333": {
							"vector": [-1.44946, 5.79831, 51.1786]
						},
						"1.6": {
							"vector": [-4.44875, 6.75205, 61.11378]
						},
						"1.6667": {
							"vector": [2.01443, 3.10128, 61.35401]
						},
						"1.7667": {
							"vector": [1.40172, 3.76288, 55.82364]
						},
						"1.8667": {
							"vector": [1.32651, 1.73904, 57.02652]
						},
						"2.0": {
							"vector": [0.95237, -1.17206, 34.56407]
						},
						"2.1667": {
							"vector": [0, 0, 0]
						}
					},
					"position": {
						"0.0": {
							"vector": [0, 0, 0]
						},
						"0.0667": {
							"vector": [0, -0.625, -3.275]
						},
						"0.1667": {
							"vector": [-0.225, 1.4, -4.98]
						},
						"0.2667": {
							"vector": [-1.695, -6.525, -6.355]
						},
						"0.4": {
							"vector": [-1.99, -8.22, -6.35]
						},
						"0.5667": {
							"vector": [-2.17, -4.77, -6.85]
						},
						"0.7": {
							"vector": [-6.94, -1.09, -8.35]
						},
						"0.8333": {
							"vector": [-6.94, 0.235, -8.35]
						},
						"0.9667": {
							"vector": [-7.32, 1.665, -9.07]
						},
						"1.0333": {
							"vector": [-5.82, -0.535, -9.545]
						},
						"1.2333": {
							"vector": [-5.86, -3.25, -9.54]
						},
						"1.3667": {
							"vector": [1.44, -5.25, -9.54]
						},
						"1.4667": {
							"vector": [2.47, -5.25, -8.99]
						},
						"1.5333": {
							"vector": [2.49, -5.25, -7.815]
						},
						"1.6": {
							"vector": [2.49, -5.25, -5.71]
						},
						"1.6667": {
							"vector": [2.49, -5.25, -10.31]
						},
						"1.8333": {
							"vector": [2.79, -5.5, -8.28]
						},
						"1.9333": {
							"vector": [2.34, -5.945, -4.605]
						},
						"2.0333": {
							"vector": [-0.525, -2.635, -1.775]
						},
						"2.1333": {
							"vector": [0, 0, 0]
						}
					}
				},
				"slide": {
					"position": {
						"0.0": {
							"vector": [0, 0, 4]
						},
						"1.6": {
							"vector": [0, 0, 4]
						},
						"1.6333": {
							"vector": [0, 0, 0]
						}
					}
				},
				"rightarm": {
					"rotation": {
						"0.0": {
							"vector": [0, 0, 0]
						},
						"0.2667": {
							"vector": [0, 0, 0]
						},
						"0.3": {
							"vector": [0.49921, 4.47925, -0.00759]
						},
						"0.4333": {
							"vector": [0, 0, 0]
						},
						"1.2667": {
							"vector": [0, 0, 0]
						},
						"1.4667": {
							"vector": [-16.75545, 25.26742, -0.7499]
						},
						"1.8667": {
							"vector": [-16.75545, 25.26742, -0.7499]
						},
						"2.0667": {
							"vector": [0, 0, 0]
						}
					},
					"position": {
						"0.0": {
							"vector": [0, 0, 0]
						},
						"0.2667": {
							"vector": [0, 0, 0]
						},
						"0.3": {
							"vector": [1.475, 0, 0]
						},
						"0.4333": {
							"vector": [0, 0, 0]
						},
						"1.2667": {
							"vector": [0, 0, 0]
						},
						"1.4667": {
							"vector": [10.50153, -4.53482, 1.47118]
						},
						"1.8667": {
							"vector": [10.50153, -4.53482, 1.47118]
						},
						"2.0667": {
							"vector": [0, 0, 0]
						}
					}
				},
				"leftarm": {
					"rotation": {
						"0.0": {
							"vector": [0, 0, 0]
						},
						"0.1": {
							"vector": [13.15907, -5.82536, -12.66519]
						},
						"0.2333": {
							"vector": [7.9251, 4.69749, -30.14925]
						},
						"0.5": {
							"vector": [7.9251, 4.69749, -30.14925]
						},
						"0.6667": {
							"vector": [22.21291, 18.62239, 28.74197]
						},
						"0.7333": {
							"vector": [22.21291, 18.62239, 28.74197]
						},
						"0.8": {
							"vector": [-5.07442, -2.10137, 37.34794]
						},
						"0.9": {
							"vector": [-9.78905, -2.68616, 37.81886]
						},
						"0.9667": {
							"vector": [-16.15396, -4.98677, 35.52025]
						},
						"1.0333": {
							"vector": [-16.71725, -1.30656, 38.52966]
						},
						"1.1333": {
							"vector": [-16.71725, -1.30656, 38.52966]
						},
						"1.2333": {
							"vector": [12.40885, 16.00417, 22.87923]
						},
						"1.4667": {
							"vector": [-2.20818, -14.55874, -89.71655]
						},
						"1.5333": {
							"vector": [-3.11541, -14.48555, -85.46062]
						},
						"1.6": {
							"vector": [-5.52295, -22.13425, -95.49618]
						},
						"1.6333": {
							"vector": [-17.72676, -25.36166, -84.42634]
						},
						"1.7333": {
							"vector": [-33.15956, -21.28369, -73.7765]
						},
						"2.0": {
							"vector": [0, 0, 0]
						}
					},
					"position": {
						"0.0": {
							"vector": [0, 0, 0]
						},
						"0.2333": {
							"vector": [12.44153, -16.23524, 16.17273]
						},
						"0.5": {
							"vector": [12.44153, -16.23524, 16.17273]
						},
						"0.6667": {
							"vector": [-14.19717, -27.98532, 8.20209]
						},
						"0.7333": {
							"vector": [-14.19717, -27.98532, 8.20209]
						},
						"0.8": {
							"vector": [-12.10768, -25.5219, 4.39033]
						},
						"0.9": {
							"vector": [-12.93, -26.49, 4.94]
						},
						"0.9667": {
							"vector": [-12.93, -24.34, 1.84]
						},
						"1.0333": {
							"vector": [-12.18, -14.09, -0.91]
						},
						"1.1333": {
							"vector": [-12.18, -14.09, -0.91]
						},
						"1.2333": {
							"vector": [-1.22934, -4.34148, 4.29643]
						},
						"1.4667": {
							"vector": [5.23923, 24.4692, 1.56927]
						},
						"1.5333": {
							"vector": [5.42864, 23.57483, 2.35822]
						},
						"1.6": {
							"vector": [6.12026, 25.09428, 3.15807]
						},
						"1.6333": {
							"vector": [10.86807, 23.40564, 3.80806]
						},
						"1.7333": {
							"vector": [12.86076, 22.16764, 33.37958]
						},
						"1.9": {
							"vector": [15.63659, 5.44384, 2.68052]
						},
						"2.0": {
							"vector": [0, 0, 0]
						}
					}
				},
				"magazine": {
					"rotation": {
						"0.0": {
							"vector": [0, 0, 0]
						},
						"0.2": {
							"vector": [0, 0, 0]
						},
						"0.3": {
							"vector": [0, 0, 0]
						},
						"0.4": {
							"vector": [11.38192, 5.68502, 46.30972]
						},
						"0.6667": {
							"vector": [11.38192, 5.68502, 46.30972]
						},
						"0.7333": {
							"vector": [3.50163, 1.74673, 3.35687]
						},
						"0.8": {
							"vector": [2.46295, 1.80088, 2.10744]
						},
						"0.9": {
							"vector": [0, 0, 0]
						},
						"0.9667": {
							"vector": [0, 0, 0]
						},
						"1.0333": {
							"vector": [0, 0, 0]
						}
					},
					"position": {
						"0.0": {
							"vector": [0, 0, 0]
						},
						"0.2": {
							"vector": [0, 0, 0]
						},
						"0.3": {
							"vector": [0, -15, 4.5]
						},
						"0.4": {
							"vector": [-16.4, -27.525, 4.5]
						},
						"0.6667": {
							"vector": [-16.4, -27.525, 4.5]
						},
						"0.7333": {
							"vector": [0, -15.125, 3.275]
						},
						"0.8": {
							"vector": [0, -16.025, 3.275]
						},
						"0.9": {
							"vector": [0, -15, 4.725]
						},
						"0.9667": {
							"vector": [0, -11.2, 3.75]
						},
						"1.0333": {
							"vector": [0, 0, 0]
						}
					}
				}
			},
			"sound_effects": {
				"0.0667": {
					"effect": "pistol_magout"
				},
				"0.7": {
					"effect": "pistol_magin"
				},
				"1.5667": {
					"effect": "pistol_slide"
				}
			}
		},
		"animation.model.reload": {
			"animation_length": 2.2,
			"bones": {
				"main": {
					"rotation": {
						"0.0": {
							"vector": [0, 0, 0]
						},
						"0.1": {
							"vector": [-1.95915, -4.05854, -9.09872]
						},
						"0.2": {
							"vector": [-1.41477, -2.23388, -6.61715]
						},
						"0.3": {
							"vector": [-1.5368, 1.39534, 28.15287]
						},
						"0.4333": {
							"vector": [-4.18411, -2.54458, 20.81875]
						},
						"0.5333": {
							"vector": [-4.34715, -0.83484, 25.80168]
						},
						"0.8": {
							"vector": [-9.13962, -35.02048, -50.82709]
						},
						"0.9": {
							"vector": [-17.90597, -32.33716, -42.6797]
						},
						"0.9667": {
							"vector": [-12.97658, -34.40544, -51.62706]
						},
						"1.0333": {
							"vector": [-17.76255, -31.6232, -42.95049]
						},
						"1.1333": {
							"vector": [-16.30743, -33.62419, -45.63766]
						},
						"1.2667": {
							"vector": [-20.11105, -27.99846, -32.85194]
						},
						"1.4": {
							"vector": [-12.23767, -13.86757, -12.58035]
						},
						"1.5": {
							"vector": [0, 0, 0]
						}
					},
					"position": {
						"0.0": {
							"vector": [0, 0, 0]
						},
						"0.0667": {
							"vector": [0, -0.625, -3.275]
						},
						"0.1667": {
							"vector": [-0.225, 1.4, -4.98]
						},
						"0.2667": {
							"vector": [-1.695, -6.525, -6.355]
						},
						"0.4": {
							"vector": [-1.99, -8.22, -6.35]
						},
						"0.5667": {
							"vector": [-2.17, -4.77, -6.85]
						},
						"0.7": {
							"vector": [-6.94, -1.09, -8.35]
						},
						"0.8333": {
							"vector": [-6.94, 0.235, -8.35]
						},
						"0.9667": {
							"vector": [-7.32, 1.665, -9.07]
						},
						"1.0333": {
							"vector": [-5.82, -0.535, -9.545]
						},
						"1.1333": {
							"vector": [-6.17, 0.145, -9.54]
						},
						"1.3667": {
							"vector": [-2.93, -2.23, -0.045]
						},
						"1.4667": {
							"vector": [0, 0, 0]
						}
					}
				},
				"leftarm": {
					"rotation": {
						"0.0": {
							"vector": [0, 0, 0]
						},
						"0.1": {
							"vector": [13.15907, -5.82536, -12.66519]
						},
						"0.2333": {
							"vector": [7.9251, 4.69749, -30.14925]
						},
						"0.5": {
							"vector": [7.9251, 4.69749, -30.14925]
						},
						"0.6667": {
							"vector": [22.21291, 18.62239, 28.74197]
						},
						"0.7333": {
							"vector": [22.21291, 18.62239, 28.74197]
						},
						"0.8": {
							"vector": [-5.07442, -2.10137, 37.34794]
						},
						"0.9": {
							"vector": [-9.78905, -2.68616, 37.81886]
						},
						"0.9667": {
							"vector": [-16.15396, -4.98677, 35.52025]
						},
						"1.0333": {
							"vector": [-16.71725, -1.30656, 38.52966]
						},
						"1.1333": {
							"vector": [-16.71725, -1.30656, 38.52966]
						},
						"1.3333": {
							"vector": [0, 0, 0]
						}
					},
					"position": {
						"0.0": {
							"vector": [0, 0, 0]
						},
						"0.2333": {
							"vector": [12.44153, -16.23524, 16.17273]
						},
						"0.5": {
							"vector": [12.44153, -16.23524, 16.17273]
						},
						"0.6667": {
							"vector": [-14.19717, -27.98532, 8.20209]
						},
						"0.7333": {
							"vector": [-14.19717, -27.98532, 8.20209]
						},
						"0.8": {
							"vector": [-12.10768, -25.5219, 4.39033]
						},
						"0.9": {
							"vector": [-12.93, -26.49, 4.94]
						},
						"0.9667": {
							"vector": [-12.93, -24.34, 1.84]
						},
						"1.0333": {
							"vector": [-12.18, -14.09, -0.91]
						},
						"1.1333": {
							"vector": [-12.18, -14.09, -0.91]
						},
						"1.3333": {
							"vector": [0, 0, 0]
						}
					}
				},
				"magazine": {
					"rotation": {
						"0.0": {
							"vector": [0, 0, 0]
						},
						"0.2": {
							"vector": [0, 0, 0]
						},
						"0.3": {
							"vector": [0, 0, 0]
						},
						"0.4": {
							"vector": [11.38192, 5.68502, 46.30972]
						},
						"0.6667": {
							"vector": [11.38192, 5.68502, 46.30972]
						},
						"0.7333": {
							"vector": [3.50163, 1.74673, 3.35687]
						},
						"0.8": {
							"vector": [2.46295, 1.80088, 2.10744]
						},
						"0.9": {
							"vector": [0, 0, 0]
						},
						"0.9667": {
							"vector": [0, 0, 0]
						},
						"1.0333": {
							"vector": [0, 0, 0]
						}
					},
					"position": {
						"0.0": {
							"vector": [0, 0, 0]
						},
						"0.2": {
							"vector": [0, 0, 0]
						},
						"0.3": {
							"vector": [0, -15, 4.5]
						},
						"0.4": {
							"vector": [-16.4, -27.525, 4.5]
						},
						"0.6667": {
							"vector": [-16.4, -27.525, 4.5]
						},
						"0.7333": {
							"vector": [0, -15.125, 3.275]
						},
						"0.8": {
							"vector": [0, -16.025, 3.275]
						},
						"0.9": {
							"vector": [0, -15, 4.725]
						},
						"0.9667": {
							"vector": [0, -11.2, 3.75]
						},
						"1.0333": {
							"vector": [0, 0, 0]
						}
					}
				},
				"rightarm": {
					"rotation": {
						"0.0": {
							"vector": [0, 0, 0]
						},
						"0.2667": {
							"vector": [0, 0, 0]
						},
						"0.3": {
							"vector": [0.49921, 4.47925, -0.00759]
						},
						"0.4333": {
							"vector": [0, 0, 0]
						}
					},
					"position": {
						"0.0": {
							"vector": [0, 0, 0]
						},
						"0.2667": {
							"vector": [0, 0, 0]
						},
						"0.3": {
							"vector": [1.475, 0, 0]
						},
						"0.4333": {
							"vector": [0, 0, 0]
						}
					}
				}
			},
			"sound_effects": {
				"0.0667": {
					"effect": "pistol_magout"
				},
				"0.7": {
					"effect": "pistol_magin"
				}
			}
		},
		"animation.model.fire": {
			"animation_length": 0.35,
			"bones": {
				"main": {
					"rotation": {
						"0.0": {
							"vector": [0, 0, 2.5]
						},
						"0.05": {
							"vector": [-6.07131, -2.87413, -3.05273]
						},
						"0.15": {
							"vector": [0, 0, 2.5]
						}
					},
					"position": {
						"0.0": {
							"vector": [0, 0, 0]
						},
						"0.05": {
							"vector": [0, -1, 5.225]
						},
						"0.15": {
							"vector": [0, 0, 0]
						}
					}
				},
				"slide": {
					"position": {
						"0.0": {
							"vector": [0, 0, 0]
						},
						"0.05": {
							"vector": [0, 0, 5]
						},
						"0.1": {
							"vector": [0, 0, 5]
						},
						"0.15": {
							"vector": [0, 0, 0]
						}
					}
				},
				"hammer": {
					"rotation": {
						"0.0": {
							"vector": [0, 0, 0]
						},
						"0.05": {
							"vector": [57.5, 0, 0]
						}
					},
					"position": {
						"vector": [0, 0, 0]
					}
				},
				"gun": {
					"position": {
						"vector": [0, 0, 0]
					}
				}
			}
		}
	},
	"geckolib_format_version": 2
}