{
	"format_version": "1.8.0",
	"animations": {
		"animation.model.draw": {
			"animation_length": 0.75,
			"bones": {
				"main": {
					"rotation": {
						"0.0": {
							"vector": [32.09413, -54.38778, -8.29667]
						},
						"0.35": {
							"vector": [1.77698, -9.99529, -4.30852]
						},
						"0.55": {
							"vector": [0.58201, -1.04064, 2.6563]
						},
						"0.65": {
							"vector": [0.33587, 0.38756, -0.40013]
						},
						"0.75": {
							"vector": [0, 0, 0]
						}
					},
					"position": {
						"0.0": {
							"vector": [0, -17.3, 0]
						},
						"0.2": {
							"vector": [0, -7.41, -4.07]
						},
						"0.35": {
							"vector": [-0.4, -1.2, -2.75]
						},
						"0.5": {
							"vector": [0.4, 0, -1.9]
						},
						"0.65": {
							"vector": [0, 0, 0]
						}
					}
				},
				"leftarm": {
					"rotation": {
						"0.0": {
							"vector": [0, 0, 0]
						},
						"0.2": {
							"vector": [1, 0, -22]
						},
						"0.4": {
							"vector": [0, 0, 0]
						}
					},
					"position": {
						"0.0": {
							"vector": [0, 0, 0]
						},
						"0.2": {
							"vector": [3.53901, 3.6754, 5.59783]
						},
						"0.4": {
							"vector": [0, 0, 0]
						}
					}
				}
			}
		},
		"animation.model.inspect": {
			"animation_length": 4.26667,
			"bones": {
				"main": {
					"rotation": {
						"0.0": {
							"vector": [0, 0, 0]
						},
						"0.1667": {
							"vector": [-8.41746, -13.59608, -21.21259],
							"easing": "linear"
						},
						"0.3": {
							"vector": [-8.39812, -20.10111, -31.77688]
						},
						"0.4333": {
							"vector": [-9.55676, -20.88889, -28.55629]
						},
						"0.5333": {
							"vector": [-8.77652, -21.21647, -30.72851]
						},
						"0.7667": {
							"vector": [-9.4227, -20.94881, -28.93303]
						},
						"1.0": {
							"vector": [-3.1216, -20.98207, -46.44405]
						},
						"1.1333": {
							"vector": [-4.564, -20.73064, -42.44007]
						},
						"1.2333": {
							"vector": [-4.86325, -20.9153, -41.60203]
						},
						"1.3333": {
							"vector": [-4.58308, -20.97575, -42.38574]
						},
						"1.4667": {
							"vector": [-4.01131, -21.08802, -43.97908]
						},
						"1.6": {
							"vector": [-4.38767, -21.01662, -42.9316]
						},
						"1.7": {
							"vector": [-4.18847, -21.05622, -43.48691],
							"easing": "linear"
						},
						"2.0333": {
							"vector": [-16.91438, 5.38499, 54.40399],
							"easing": "linear"
						},
						"2.1667": {
							"vector": [-15.22513, 5.80082, 60.04554]
						},
						"2.3": {
							"vector": [-15.70981, 5.86025, 59.48558]
						},
						"2.4333": {
							"vector": [-15.93602, 7.03904, 62.69373]
						},
						"2.5667": {
							"vector": [-15.60896, 7.75082, 65.23442]
						},
						"2.7333": {
							"vector": [-15.71675, 7.52491, 64.42194]
						},
						"2.9": {
							"vector": [-15.56389, 7.84019, 65.55973]
						},
						"3.1": {
							"vector": [-15.61778, 7.73186, 65.16659]
						},
						"3.2667": {
							"vector": [-15.9801, 6.93689, 62.33342]
						},
						"3.4": {
							"vector": [-8.86998, 2.42135, 33.56191]
						},
						"3.5333": {
							"vector": [0, -1.75, -2.75]
						},
						"3.7": {
							"vector": [0, 0, 0]
						}
					},
					"position": {
						"0.0": {
							"vector": [0, 0, 0]
						},
						"0.3": {
							"vector": [-0.475, 1.475, -8.7]
						},
						"0.4": {
							"vector": [-0.195, 1, -7.7]
						},
						"0.5333": {
							"vector": [-0.03, 0.725, -7.7]
						},
						"0.7": {
							"vector": [0, 1.125, -7.7]
						},
						"0.9": {
							"vector": [0.125, 1.4, -8.275]
						},
						"1.2": {
							"vector": [-0.02, 1.475, -8]
						},
						"1.4": {
							"vector": [0.11, 1.425, -8.175]
						},
						"1.6667": {
							"vector": [0.275, 1.25, -7.975]
						},
						"1.8": {
							"vector": [-0.13, -1.19, -8.65]
						},
						"1.9667": {
							"vector": [-0.545, -1.325, -11.15]
						},
						"2.1333": {
							"vector": [-0.415, -1.395, -10.545]
						},
						"2.2667": {
							"vector": [-0.525, -1.455, -9.17]
						},
						"2.4": {
							"vector": [-0.49, -1.43, -9.85]
						},
						"2.5667": {
							"vector": [-0.455, -1.5, -9.24]
						},
						"2.7667": {
							"vector": [-0.53, -1.5, -9.27]
						},
						"3.0": {
							"vector": [-0.49, -1.41, -9.3]
						},
						"3.2333": {
							"vector": [-0.545, -1.325, -9.325]
						},
						"3.3667": {
							"vector": [-1.005, -0.61, -7.41]
						},
						"3.6333": {
							"vector": [0, 0, 0]
						}
					}
				},
				"leftarm": {
					"rotation": {
						"0.0": {
							"vector": [0, 0, 0]
						},
						"0.1667": {
							"vector": [0.54134, -8.8511, 5.32464]
						},
						"0.7667": {
							"vector": [0.54134, -8.8511, 5.32464]
						},
						"1.0": {
							"vector": [-2.49009, -19.65792, 18.81073]
						},
						"1.7333": {
							"vector": [-2.49009, -19.65792, 18.81073]
						},
						"2.0333": {
							"vector": [5, 0, -45]
						},
						"3.3": {
							"vector": [5, 0, -45]
						},
						"3.5667": {
							"vector": [0, 0, 0]
						}
					},
					"position": {
						"0.0": {
							"vector": [0, 0, 0]
						},
						"0.1667": {
							"vector": [-1.46084, 1.31902, 6.29582]
						},
						"0.7667": {
							"vector": [-1.46084, 1.31902, 6.29582]
						},
						"1.0": {
							"vector": [-7.785, -0.63, 4.3]
						},
						"1.7333": {
							"vector": [-7.785, -0.63, 4.3]
						},
						"2.0333": {
							"vector": [8.35, 15.55, 10.305]
						},
						"3.3": {
							"vector": [8.35, 15.55, 10.305]
						},
						"3.5667": {
							"vector": [0, 0, 0]
						}
					}
				}
			},
			"sound_effects": {
				"0.0": {
					"effect": "inspect_up"
				},
				"0.8": {
					"effect": "inspect_foley"
				},
				"1.3667": {
					"effect": "inspect_turn"
				},
				"3.2667": {
					"effect": "inspect_down"
				}
			}
		},
		"animation.model.reload": {
			"animation_length": 4.46667,
			"bones": {
				"main": {
					"rotation": {
						"0.0": {
							"vector": [0, 0, 0]
						},
						"0.1333": {
							"vector": [0, 0, 0]
						},
						"0.2667": {
							"vector": [1.24832, -1.32056, 4.972]
						},
						"0.3667": {
							"vector": [1.33499, -0.32433, 4.97075]
						},
						"0.4333": {
							"vector": [1.50746, -1.14099, 7.07869]
						},
						"0.5": {
							"vector": [1.63966, -2.00992, 11.18634]
						},
						"0.6": {
							"vector": [1.95589, -1.43889, 8.95108]
						},
						"0.7333": {
							"vector": [1.88829, 0.31471, 8.63137]
						},
						"0.9": {
							"vector": [1.79644, 0.70052, 4.26463]
						},
						"1.0": {
							"vector": [1.79151, 0.19692, 3.37336]
						},
						"1.0667": {
							"vector": [1.80055, -0.32222, 1.73147]
						},
						"1.2": {
							"vector": [1.78176, -0.73181, -3.40845]
						},
						"1.3667": {
							"vector": [1.9503, 0.48349, 3.95437]
						},
						"1.5333": {
							"vector": [1.52566, -0.04003, 2.50842]
						},
						"1.7": {
							"vector": [1.00607, -0.34421, 4.26055]
						},
						"1.8": {
							"vector": [0.70126, 0.13844, 2.82183]
						},
						"1.9333": {
							"vector": [0.30755, -0.41118, 1.19686]
						},
						"2.0333": {
							"vector": [0.28747, -0.42547, 3.9469]
						},
						"2.1333": {
							"vector": [0.30755, -0.41118, 1.19686]
						},
						"2.2333": {
							"vector": [0.28747, -0.42547, 3.9469]
						},
						"2.3333": {
							"vector": [0.29667, 0.0809, 2.69947]
						},
						"2.4333": {
							"vector": [-2.41259, -10.6825, 15.53066]
						},
						"2.6": {
							"vector": [0.05104, -18.58204, 20.16836]
						},
						"2.7": {
							"vector": [-3.70703, -17.3367, 20.12246]
						},
						"2.8": {
							"vector": [-3.87572, -17.64871, 21.48715]
						},
						"2.9667": {
							"vector": [-3.93295, -18.05973, 20.42762]
						},
						"3.0667": {
							"vector": [-3.83963, -17.62464, 20.9107]
						},
						"3.1667": {
							"vector": [-3.67507, -17.25305, 19.86273]
						},
						"3.4": {
							"vector": [1.95589, -1.43889, 8.95108]
						},
						"3.4667": {
							"vector": [2.22408, -0.66362, 8.22713]
						},
						"3.5667": {
							"vector": [3.12872, -1.63257, 12.69393]
						},
						"3.6333": {
							"vector": [3.2013, -2.21544, 9.65547]
						},
						"3.6667": {
							"vector": [3.23485, -1.41046, 8.69869]
						},
						"3.7667": {
							"vector": [2.3556, -1.37027, 2.48612]
						},
						"3.9": {
							"vector": [1.64823, 0.65515, 5.03854]
						},
						"4.0333": {
							"vector": [0, 0, 0]
						}
					},
					"position": {
						"0.0": {
							"vector": [0, 0, 0]
						},
						"0.1333": {
							"vector": [0, 0, 0]
						},
						"0.2333": {
							"vector": [0, -2.325, 0]
						},
						"0.3333": {
							"vector": [-0.45, -4.33, 3]
						},
						"0.4333": {
							"vector": [-1.4, -5.55, 6]
						},
						"0.5667": {
							"vector": [-1.17, -5.8, 6]
						},
						"0.7": {
							"vector": [-0.77, -5.875, 6]
						},
						"0.8667": {
							"vector": [-1.17, -4.1, 2.25]
						},
						"1.0": {
							"vector": [-0.63, -3.555, -0.175]
						},
						"1.1333": {
							"vector": [0.725, -3.47, -0.435]
						},
						"1.2667": {
							"vector": [0.665, -4.035, -0.285]
						},
						"1.4333": {
							"vector": [0.515, -4.4, -0.62]
						},
						"1.6": {
							"vector": [0.75, -4.3, -0.27]
						},
						"1.7667": {
							"vector": [-0.02, -3.45, 0.005]
						},
						"1.9": {
							"vector": [-0.595, -3.685, -1.12]
						},
						"2.0": {
							"vector": [-0.645, -3.31, -1.37]
						},
						"2.1333": {
							"vector": [0.03, -3.21, -1.37]
						},
						"2.2": {
							"vector": [-0.925, -3.31, -1.37]
						},
						"2.3333": {
							"vector": [-0.52, -3.61, -1.37]
						},
						"2.5333": {
							"vector": [-0.445, -3.735, 1.805]
						},
						"2.6667": {
							"vector": [-0.315, -4.19, 3.325]
						},
						"2.7667": {
							"vector": [-0.435, -4.14, 3.725]
						},
						"2.9": {
							"vector": [-0.355, -4.215, 2.92]
						},
						"3.0333": {
							"vector": [-0.05, -4.22, 2.92]
						},
						"3.1667": {
							"vector": [-0.15, -4.22, 2.92]
						},
						"3.3667": {
							"vector": [-1.17, -5.8, 5]
						},
						"3.4667": {
							"vector": [-1.17, -5.975, 5]
						},
						"3.5333": {
							"vector": [-1.17, -7.02, 5]
						},
						"3.6333": {
							"vector": [-1.17, -6.845, 5]
						},
						"3.7667": {
							"vector": [-1.03, -4.79, 2.425]
						},
						"3.9": {
							"vector": [-0.62, -0.82, 1.43]
						},
						"4.0333": {
							"vector": [0, 0, 0]
						}
					}
				},
				"cover": {
					"rotation": {
						"0.1333": {
							"vector": [0, 0, 0]
						},
						"0.4": {
							"vector": [0, 0, 0]
						},
						"0.6": {
							"vector": [-67.5, 0, 0]
						},
						"0.6667": {
							"vector": [-67.5, 0, 0]
						},
						"3.4333": {
							"vector": [-67.5, 0, 0]
						},
						"3.5333": {
							"vector": [0, 0, 0]
						}
					},
					"position": {
						"0.1333": {
							"vector": [0, 0, 0]
						},
						"0.4": {
							"vector": [0, 0, 0]
						},
						"3.5333": {
							"vector": [0, 0, 0]
						}
					}
				},
				"leftarm": {
					"rotation": {
						"0.0": {
							"vector": [0, 0, 0]
						},
						"0.1": {
							"vector": [-8.77991, -4.8701, 0.72863]
						},
						"0.3333": {
							"vector": [-1.40347, -13.03975, -9.96036]
						},
						"0.4": {
							"vector": [-1.40347, -13.03975, -9.96036]
						},
						"0.6": {
							"vector": [18.7312, -14.17012, -19.18167]
						},
						"0.6667": {
							"vector": [18.7312, -14.17012, -19.18167]
						},
						"0.9333": {
							"vector": [7.00751, -4.38629, -6.29833]
						},
						"1.0333": {
							"vector": [7.00751, -4.38629, -6.29833]
						},
						"2.3333": {
							"vector": [7.00751, -4.38629, -6.29833]
						},
						"2.5667": {
							"vector": [-3.75664, 8.27266, -22.71526]
						},
						"2.7": {
							"vector": [1.96151, 2.04666, -17.38782]
						},
						"2.8": {
							"vector": [12.38627, -0.86666, -17.71008]
						},
						"2.9667": {
							"vector": [24.71429, -13.71967, -36.67642]
						},
						"3.0333": {
							"vector": [24.71429, -13.71967, -36.67642]
						},
						"3.3667": {
							"vector": [18.7312, -14.17012, -19.18167]
						},
						"3.4333": {
							"vector": [14.7312, -14.17012, -19.18167]
						},
						"3.5333": {
							"vector": [-16.99269, -12.15962, -12.07145]
						},
						"3.6333": {
							"vector": [-16.99269, -12.15962, -12.07145]
						},
						"3.9333": {
							"vector": [-21.82846, -8.10642, -8.04763]
						},
						"4.2333": {
							"vector": [0, 0, 0]
						}
					},
					"position": {
						"0.0": {
							"vector": [0, 0, 0]
						},
						"0.1": {
							"vector": [2.81, -0.51, 19.275]
						},
						"0.2333": {
							"vector": [0.98, 14.11, 18.06]
						},
						"0.3333": {
							"vector": [-1.9, 19.325, 17.15]
						},
						"0.4": {
							"vector": [-1.9, 19.325, 17.15]
						},
						"0.5": {
							"vector": [-4.9, 31.955, 12.425]
						},
						"0.6": {
							"vector": [-6.775, 40.23, 8.05]
						},
						"0.6667": {
							"vector": [-6.775, 40.23, 8.05]
						},
						"0.8": {
							"vector": [-3.52582, 20.04521, 14.57734]
						},
						"0.9333": {
							"vector": [6.39621, -5.7665, 18.7403]
						},
						"1.0333": {
							"vector": [6.39621, -5.7665, 18.7403]
						},
						"2.3333": {
							"vector": [6.39621, -5.7665, 18.7403]
						},
						"2.4667": {
							"vector": [4.52, 16.88, 13.62]
						},
						"2.5667": {
							"vector": [-0.57, 25.9, 9.55]
						},
						"2.7": {
							"vector": [-0.3, 26.05, 9.48]
						},
						"2.8": {
							"vector": [1.94, 25.12, 10.41]
						},
						"2.9667": {
							"vector": [-0.38, 25.2, 9.99]
						},
						"3.0333": {
							"vector": [-0.38, 25.2, 9.99]
						},
						"3.2": {
							"vector": [0.37, 25.88, 6.55]
						},
						"3.3667": {
							"vector": [-6.775, 35.23, 9.05]
						},
						"3.4333": {
							"vector": [-5.95, 35.23, 7.75]
						},
						"3.5333": {
							"vector": [-2.775, 24.2, 9.6]
						},
						"3.6333": {
							"vector": [-2.775, 24.2, 9.6]
						},
						"3.7667": {
							"vector": [10.105, 5.51, 11.35]
						},
						"3.8667": {
							"vector": [9.245, 1.5, 5.29]
						},
						"3.9333": {
							"vector": [4.53, 0.58, -0.775]
						},
						"4.2333": {
							"vector": [0, 0, 0]
						}
					}
				},
				"magazine": {
					"rotation": {
						"0.1333": {
							"vector": [0, 0, 0]
						},
						"1.0333": {
							"vector": [0, 0, 0]
						},
						"1.1333": {
							"vector": [0, 0, 0]
						},
						"1.2": {
							"vector": [0.5056, -3.96797, -13.51751]
						},
						"1.3333": {
							"vector": [3.50439, 0.03188, -13.48225]
						},
						"1.5333": {
							"vector": [3.50439, 0.03188, -13.48225]
						},
						"1.7": {
							"vector": [1.73532, -0.24319, 1.75495]
						},
						"1.8667": {
							"vector": [0, 0, -4]
						},
						"1.9333": {
							"vector": [0, -3, 3.08]
						},
						"2.0": {
							"vector": [0.09813, -1.49679, -2.21128]
						},
						"2.0667": {
							"vector": [0, 0, 0]
						},
						"2.1333": {
							"vector": [0, 0, 0]
						}
					},
					"position": {
						"0.1333": {
							"vector": [0, 0, 0]
						},
						"1.0333": {
							"vector": [0, 0, 0]
						},
						"1.1333": {
							"vector": [3.15, 0, 0]
						},
						"1.2": {
							"vector": [5.45, -2.25, 0]
						},
						"1.3333": {
							"vector": [17.275, -20.65, 0]
						},
						"1.5333": {
							"vector": [17.275, -20.65, 0]
						},
						"1.7": {
							"vector": [13.285, -4.42, 0]
						},
						"1.8667": {
							"vector": [3.425, 0, 0]
						},
						"1.9333": {
							"vector": [3.18, -0.425, 0]
						},
						"2.0": {
							"vector": [3.18, -0.225, 0]
						},
						"2.0667": {
							"vector": [2.375, 0, 0]
						},
						"2.1333": {
							"vector": [0, 0, 0]
						}
					}
				},
				"bullet": {
					"rotation": {
						"0.0": {
							"vector": [0, 0, 0]
						},
						"1.2": {
							"vector": [0, 0, 0]
						},
						"2.6": {
							"vector": [0, 0, 0]
						},
						"2.6667": {
							"vector": [0, 0, 0]
						},
						"2.7667": {
							"vector": [0, 0, 0]
						},
						"2.9": {
							"vector": [0, 0, 0]
						}
					},
					"position": {
						"0.0": {
							"vector": [0, 0, 0]
						},
						"1.2": {
							"vector": [0, 0, 0]
						},
						"2.6": {
							"vector": [0, 0, 0]
						},
						"2.6667": {
							"vector": [0.175, 0.375, 0]
						},
						"2.7667": {
							"vector": [0.175, 0.375, 0]
						},
						"2.9": {
							"vector": [0, 0, 0]
						}
					}
				},
				"bullet2": {
					"rotation": {
						"0.1667": {
							"vector": [0, 0, 0]
						},
						"0.2667": {
							"vector": [0, 0, -19]
						},
						"0.4": {
							"vector": [0, 0, 16.54]
						},
						"0.5667": {
							"vector": [0, 0, -2.4]
						},
						"1.1": {
							"vector": [0, 0, 0]
						},
						"1.1667": {
							"vector": [0, 0, -27]
						},
						"1.2": {
							"vector": [0, 0, -27]
						},
						"1.2333": {
							"vector": [0, 0, -27]
						},
						"1.2667": {
							"vector": [0, 0, -68.25]
						},
						"1.3333": {
							"vector": [0, 0, -90.75]
						},
						"1.3667": {
							"vector": [0, 0, -90.75]
						},
						"1.4": {
							"vector": [0, 0, 19.75]
						},
						"2.5667": {
							"vector": [0, 0, 19.75]
						},
						"2.7667": {
							"vector": [0, 0, 19.75]
						},
						"2.8333": {
							"vector": [0, 0, 3.5]
						},
						"2.9333": {
							"vector": [0, 0, -5.5]
						},
						"3.0667": {
							"vector": [0, 0, 0]
						},
						"3.1667": {
							"vector": [0, 0, 3.75]
						},
						"3.4333": {
							"vector": [0, 0, 0]
						}
					},
					"position": {
						"0.1667": {
							"vector": [0, 0, 0]
						},
						"0.2667": {
							"vector": [0, 0, 0]
						},
						"0.4": {
							"vector": [0.175, 0, 0]
						},
						"1.1": {
							"vector": [0, 0, 0]
						},
						"1.1667": {
							"vector": [-0.075, 0, 0]
						},
						"1.2": {
							"vector": [-0.075, 0, 0]
						},
						"1.2333": {
							"vector": [-0.075, 0, 0]
						},
						"1.2667": {
							"vector": [-0.27, -0.3, 0]
						},
						"1.3333": {
							"vector": [-0.27, -0.3, 0]
						},
						"1.3667": {
							"vector": [-0.27, -0.3, 0]
						},
						"1.4": {
							"vector": [0.23, 0.025, 0]
						},
						"2.5667": {
							"vector": [0.23, 0.025, 0]
						},
						"2.7667": {
							"vector": [0.23, 0.025, 0]
						},
						"2.8333": {
							"vector": [0.33, 0.53, 0]
						},
						"2.9333": {
							"vector": [0.33, 0.53, 0]
						},
						"3.0667": {
							"vector": [0, 0, 0]
						},
						"3.1667": {
							"vector": [0.075, 0, 0]
						},
						"3.4333": {
							"vector": [0, 0, 0]
						}
					}
				},
				"bullet3": {
					"rotation": {
						"0.1667": {
							"vector": [0, 0, 0]
						},
						"0.2667": {
							"vector": [0, 0, 40]
						},
						"0.4": {
							"vector": [0, 0, 21.98]
						},
						"0.5667": {
							"vector": [0, 0, 10.37]
						},
						"0.7333": {
							"vector": [0, 0, -5.87]
						},
						"1.0": {
							"vector": [0, 0, 0]
						},
						"1.1": {
							"vector": [0, 0, -15.5]
						},
						"1.1333": {
							"vector": [0, 0, -31]
						},
						"1.1667": {
							"vector": [0, 0, -31]
						},
						"1.2333": {
							"vector": [0, 0, -31]
						},
						"1.2667": {
							"vector": [0, 0, -21.25]
						},
						"1.3333": {
							"vector": [0, 0, -37]
						},
						"1.3667": {
							"vector": [0, 0, -37]
						},
						"1.4": {
							"vector": [0, 0, 123.25]
						},
						"2.1333": {
							"vector": [0, 0, 123.25]
						},
						"2.2333": {
							"vector": [1.80917, -0.15016, 127.49776]
						},
						"2.5667": {
							"vector": [0, 0, 123.25]
						},
						"2.7": {
							"vector": [0, 0, 123.25]
						},
						"2.7667": {
							"vector": [0, 0, 75.75]
						},
						"2.8333": {
							"vector": [0, 0, 14.5]
						},
						"2.9333": {
							"vector": [0, 0, 13.5]
						},
						"3.0667": {
							"vector": [0, 0, 0]
						},
						"3.1667": {
							"vector": [0, 0, -11.25]
						},
						"3.3": {
							"vector": [0, 0, -2.25]
						},
						"3.4333": {
							"vector": [0, 0, 0]
						}
					},
					"position": {
						"0.1667": {
							"vector": [0, 0, 0]
						},
						"0.2667": {
							"vector": [-0.35, 0.125, 0]
						},
						"0.4": {
							"vector": [0.485, 0, 0]
						},
						"0.5667": {
							"vector": [0.075, 0.15, 0]
						},
						"0.7333": {
							"vector": [-0.025, 0.09, 0]
						},
						"1.0": {
							"vector": [0, 0, 0]
						},
						"1.1": {
							"vector": [-0.125, 0, 0]
						},
						"1.1667": {
							"vector": [-0.845, -0.275, 0]
						},
						"1.2333": {
							"vector": [-0.845, -0.275, 0]
						},
						"1.2667": {
							"vector": [-1.825, -0.98, 0]
						},
						"1.3333": {
							"vector": [-1.995, -1.48, 0]
						},
						"1.3667": {
							"vector": [-1.995, -1.48, 0]
						},
						"1.4": {
							"vector": [1.05, -0.305, 0]
						},
						"2.1333": {
							"vector": [1.05, -0.305, 0]
						},
						"2.2333": {
							"vector": [1.225, -0.3, 0]
						},
						"2.5667": {
							"vector": [1.05, -0.305, 0]
						},
						"2.7": {
							"vector": [1.05, -0.305, 0]
						},
						"2.7667": {
							"vector": [0.975, -0.175, 0]
						},
						"2.8333": {
							"vector": [0.405, 0.63, 0]
						},
						"2.9333": {
							"vector": [0.2, 0.73, 0]
						},
						"3.0667": {
							"vector": [0, 0, 0]
						},
						"3.1667": {
							"vector": [0, -0.15, 0]
						},
						"3.3": {
							"vector": [0, -0.15, 0]
						},
						"3.4333": {
							"vector": [0, 0, 0]
						}
					}
				},
				"bullet4": {
					"rotation": {
						"0.1667": {
							"vector": [0, 0, 0]
						},
						"0.2667": {
							"vector": [0, 0, -17]
						},
						"0.4": {
							"vector": [0, 0, -26.91]
						},
						"0.5667": {
							"vector": [0, 0, -10.93]
						},
						"0.7333": {
							"vector": [0, 0, 1.52]
						},
						"1.0": {
							"vector": [0, 0, 0]
						},
						"1.1": {
							"vector": [0, 0, -2.25]
						},
						"1.1333": {
							"vector": [0, 0, 13.75]
						},
						"1.1667": {
							"vector": [0, 0, -8.75]
						},
						"1.2": {
							"vector": [0, 0, -8.75]
						},
						"1.2667": {
							"vector": [0, 0, -1]
						},
						"1.3333": {
							"vector": [-0.64153, 7.2487, -21.22291]
						},
						"1.3667": {
							"vector": [-0.64153, 7.2487, -21.22291]
						},
						"1.4": {
							"vector": [-3.57093, 2.60919, 143.76965]
						},
						"2.1333": {
							"vector": [-3.57093, 2.60919, 143.76965]
						},
						"2.2333": {
							"vector": [-3.79606, 2.7258, 149.02318]
						},
						"2.5667": {
							"vector": [-3.57093, 2.60919, 143.76965]
						},
						"2.7": {
							"vector": [-0.05837, 3.66609, 60.71433]
						},
						"2.7667": {
							"vector": [-0.3873, 7.00835, -13.97244]
						},
						"2.8333": {
							"vector": [-0.2531, 6.85317, -9.72315]
						},
						"2.9333": {
							"vector": [-0.18681, 6.76711, -7.47382]
						},
						"3.0667": {
							"vector": [0, 0, 0]
						},
						"3.1667": {
							"vector": [0, 0, 6]
						},
						"3.3": {
							"vector": [0, 0, 10.5]
						},
						"3.4333": {
							"vector": [0, 0, 0]
						}
					},
					"position": {
						"0.1667": {
							"vector": [0, 0, 0]
						},
						"0.2667": {
							"vector": [0.575, 0, 0]
						},
						"0.4": {
							"vector": [0.995, 0, 0]
						},
						"0.5667": {
							"vector": [0.47, 0.25, 0]
						},
						"0.7333": {
							"vector": [0.14, 0.1, 0]
						},
						"1.0": {
							"vector": [0, 0, 0]
						},
						"1.1": {
							"vector": [-0.3, -0.175, 0]
						},
						"1.1333": {
							"vector": [-0.8, -0.545, 0]
						},
						"1.1667": {
							"vector": [-1.35, -0.815, 0]
						},
						"1.2": {
							"vector": [-1.35, -0.815, 0]
						},
						"1.2333": {
							"vector": [-1.475, -0.8, 0]
						},
						"1.2667": {
							"vector": [-2.05, -1.295, 0]
						},
						"1.3333": {
							"vector": [-3.025, -2.375, 0]
						},
						"1.3667": {
							"vector": [-3.025, -2.375, 0]
						},
						"1.4": {
							"vector": [3.13, -2.745, 0]
						},
						"2.1333": {
							"vector": [3.13, -2.745, 0]
						},
						"2.2333": {
							"vector": [3.305, -2.915, 0]
						},
						"2.5667": {
							"vector": [3.13, -2.745, 0]
						},
						"2.7": {
							"vector": [2.855, -2.465, 0]
						},
						"2.7667": {
							"vector": [2.21, -1.62, 0]
						},
						"2.8333": {
							"vector": [0.51, 0.455, 0]
						},
						"2.9333": {
							"vector": [0.26, 0.685, 0]
						},
						"3.0667": {
							"vector": [0, 0, 0]
						},
						"3.1667": {
							"vector": [-0.05, -0.075, 0]
						},
						"3.3": {
							"vector": [0.2, -0.08, 0]
						},
						"3.4333": {
							"vector": [0, 0, 0]
						}
					}
				},
				"bullet5": {
					"rotation": {
						"0.1667": {
							"vector": [0, 0, 0]
						},
						"0.2667": {
							"vector": [0, 0, 13.25]
						},
						"0.4": {
							"vector": [0, 0, 4.09]
						},
						"0.5667": {
							"vector": [0, 0, 9.7]
						},
						"0.7333": {
							"vector": [0, 0, 15.22]
						},
						"1.0": {
							"vector": [0, 0, 0]
						},
						"1.0333": {
							"vector": [0, 0, 7.25]
						},
						"1.1": {
							"vector": [0, 0, -17.75]
						},
						"1.1333": {
							"vector": [0, 0, -31.5]
						},
						"1.2": {
							"vector": [0, 0, -21.5]
						},
						"1.2333": {
							"vector": [0, 0, -21.5]
						},
						"1.2667": {
							"vector": [0, 0, -48.25]
						},
						"1.3333": {
							"vector": [0, 0, -60.5]
						},
						"1.3667": {
							"vector": [0, 0, -60.5]
						},
						"1.4": {
							"vector": [0, 0, 52]
						},
						"2.1333": {
							"vector": [0, 0, 52]
						},
						"2.2333": {
							"vector": [0, 0, 59.25]
						},
						"2.5667": {
							"vector": [0, 0, 52]
						},
						"2.7": {
							"vector": [0, 0, -27.75]
						},
						"2.7667": {
							"vector": [0, 0, -30]
						},
						"2.8333": {
							"vector": [0, 0, -24.75]
						},
						"2.9333": {
							"vector": [0, 0, -22]
						},
						"3.0667": {
							"vector": [0, 0, 0]
						},
						"3.1667": {
							"vector": [0, 0, 4.25]
						},
						"3.3": {
							"vector": [0, 0, -9.25]
						},
						"3.4333": {
							"vector": [0, 0, 0]
						}
					},
					"position": {
						"0.1667": {
							"vector": [0, 0, 0]
						},
						"0.2667": {
							"vector": [-0.1, -0.325, 0]
						},
						"0.4": {
							"vector": [0.32, -0.395, 0]
						},
						"0.5667": {
							"vector": [0.03, -0.09, 0]
						},
						"0.7333": {
							"vector": [0.02, -0.01, 0]
						},
						"1.0": {
							"vector": [0, 0, 0]
						},
						"1.0333": {
							"vector": [-0.21, -0.08, 0]
						},
						"1.1": {
							"vector": [-0.575, -0.3, 0]
						},
						"1.1333": {
							"vector": [-0.62, -0.675, 0]
						},
						"1.1667": {
							"vector": [-1.72, -1.055, 0]
						},
						"1.2": {
							"vector": [-1.72, -0.985, 0]
						},
						"1.2333": {
							"vector": [-1.72, -0.985, 0]
						},
						"1.2667": {
							"vector": [-2.195, -1.43, 0]
						},
						"1.3333": {
							"vector": [-3.365, -2.655, 0]
						},
						"1.3667": {
							"vector": [-3.365, -2.655, 0]
						},
						"1.4": {
							"vector": [4.765, -5.05, 0]
						},
						"2.1333": {
							"vector": [4.765, -5.05, 0]
						},
						"2.2333": {
							"vector": [4.765, -5.05, 0]
						},
						"2.5667": {
							"vector": [4.765, -5.05, 0]
						},
						"2.7": {
							"vector": [3.985, -3.05, 0]
						},
						"2.7667": {
							"vector": [2.03, -1.675, 0]
						},
						"2.8333": {
							"vector": [0.455, 0.405, 0]
						},
						"2.9333": {
							"vector": [0.225, 0.76, 0]
						},
						"3.0667": {
							"vector": [0, 0, 0]
						},
						"3.1667": {
							"vector": [-0.1, 0, 0]
						},
						"3.3": {
							"vector": [0.325, 0, 0]
						},
						"3.4333": {
							"vector": [0, 0, 0]
						}
					}
				},
				"bullet6": {
					"rotation": {
						"0.1667": {
							"vector": [0, 0, 0]
						},
						"0.2667": {
							"vector": [0, 0, 7.25]
						},
						"0.4": {
							"vector": [0, 0, 7.25]
						},
						"0.5667": {
							"vector": [0, 0, 0.99]
						},
						"0.7333": {
							"vector": [0, 0, -6.64]
						},
						"1.0": {
							"vector": [0, 0, 0]
						},
						"1.0333": {
							"vector": [0, 0, 1.75]
						},
						"1.1333": {
							"vector": [0, 0, 23.75]
						},
						"1.1667": {
							"vector": [0, 0, 29.5]
						},
						"1.2": {
							"vector": [0, 0, 35.25]
						},
						"1.2333": {
							"vector": [0, 0, 32.5]
						},
						"1.2667": {
							"vector": [0, 0, 43.25]
						},
						"1.3333": {
							"vector": [0, 0, 29.75]
						},
						"1.3667": {
							"vector": [0, 0, 29.75]
						},
						"1.4": {
							"vector": [0, 0, 2.25]
						},
						"2.1333": {
							"vector": [0, 0, 2.25]
						},
						"2.2333": {
							"vector": [0, 0, 12.5]
						},
						"2.5667": {
							"vector": [0, 0, 2.25]
						},
						"2.7": {
							"vector": [0.00081, 1.24742, 13.08028]
						},
						"2.7667": {
							"vector": [-0.27113, 1.88319, 2.84636]
						},
						"2.8333": {
							"vector": [-1.14228, 2.97208, -17.89347]
						},
						"2.9333": {
							"vector": [-1.63125, 3.33323, -26.89949]
						},
						"3.0667": {
							"vector": [0, 0, 0]
						},
						"3.1667": {
							"vector": [0, 0, 2.5]
						},
						"3.3": {
							"vector": [0, 0, 0]
						}
					},
					"position": {
						"0.1667": {
							"vector": [0, 0, 0]
						},
						"0.2667": {
							"vector": [0.1, -0.05, 0]
						},
						"0.4": {
							"vector": [0.23, -0.04, 0]
						},
						"0.5667": {
							"vector": [0.17, 0.045, 0]
						},
						"0.7333": {
							"vector": [0.325, 0.18, 0]
						},
						"1.0": {
							"vector": [0, 0, 0]
						},
						"1.0333": {
							"vector": [0, 0, 0]
						},
						"1.1333": {
							"vector": [-1.45, -0.625, 0]
						},
						"1.1667": {
							"vector": [-2.325, -1.105, 0]
						},
						"1.2": {
							"vector": [-2.325, -0.775, 0]
						},
						"1.2333": {
							"vector": [-2.325, -0.775, 0]
						},
						"1.2667": {
							"vector": [-3.295, -1.845, 0]
						},
						"1.3333": {
							"vector": [-4.615, -3.39, 0]
						},
						"1.3667": {
							"vector": [-4.615, -3.39, 0]
						},
						"1.4": {
							"vector": [6.165, -5.615, 0]
						},
						"2.1333": {
							"vector": [6.165, -5.615, 0]
						},
						"2.2333": {
							"vector": [5.995, -5.695, 0]
						},
						"2.5667": {
							"vector": [6.165, -5.615, 0]
						},
						"2.7": {
							"vector": [3.17, -3.02, 0]
						},
						"2.7667": {
							"vector": [1.145, -1.72, 0]
						},
						"2.8333": {
							"vector": [-0.285, 0.18, 0]
						},
						"2.9333": {
							"vector": [-0.49, 0.605, 0]
						},
						"3.0667": {
							"vector": [0, 0, 0]
						},
						"3.1667": {
							"vector": [-0.05, 0.075, 0]
						},
						"3.3": {
							"vector": [0, 0, 0]
						}
					}
				},
				"bullet7": {
					"rotation": {
						"0.1667": {
							"vector": [0, 0, 0]
						},
						"0.6": {
							"vector": [0, 0, 0]
						},
						"1.0": {
							"vector": [0, 0, 0]
						},
						"1.0667": {
							"vector": [0, 0, -4]
						},
						"1.1333": {
							"vector": [0, 0, 6.5]
						},
						"1.1667": {
							"vector": [0, 0, 37.75]
						},
						"1.2": {
							"vector": [0, 0, 54]
						},
						"1.2333": {
							"vector": [0, 0, 81.25]
						},
						"1.2667": {
							"vector": [0, 0, 86]
						},
						"1.3333": {
							"vector": [0, 0, 55]
						},
						"1.3667": {
							"vector": [0, 0, 55]
						},
						"1.4": {
							"vector": [0, 0, -15.75]
						},
						"1.9": {
							"vector": [0, 0, -15.75]
						},
						"2.0": {
							"vector": [0, 0, -10.25]
						},
						"2.1": {
							"vector": [0, 0, -19.72]
						},
						"2.5667": {
							"vector": [0, 0, -15.75]
						},
						"2.7": {
							"vector": [0, 0, 34]
						},
						"2.7667": {
							"vector": [0, 0, 45]
						},
						"2.8333": {
							"vector": [0, 0, 3.25]
						},
						"2.9333": {
							"vector": [0, 0, -2.75]
						},
						"3.0667": {
							"vector": [0, 0, 0]
						},
						"3.2": {
							"vector": [0, 0, 0]
						}
					},
					"position": {
						"0.1667": {
							"vector": [0, 0, 0]
						},
						"0.6": {
							"vector": [0, 0, 0]
						},
						"0.7333": {
							"vector": [0.035, 0, 0]
						},
						"1.0": {
							"vector": [-0.125, 0, 0]
						},
						"1.0667": {
							"vector": [-0.05, 0, 0]
						},
						"1.1": {
							"vector": [-0.55, 0, 0]
						},
						"1.1333": {
							"vector": [-0.925, -0.15, 0]
						},
						"1.1667": {
							"vector": [-1.68, -0.675, 0]
						},
						"1.2": {
							"vector": [-1.63, 0.045, 0]
						},
						"1.2333": {
							"vector": [-1.63, 0.1, 0]
						},
						"1.2667": {
							"vector": [-2.255, -0.825, 0]
						},
						"1.3333": {
							"vector": [-3.95, -2.57, 0]
						},
						"1.3667": {
							"vector": [-3.95, -2.57, 0]
						},
						"1.4": {
							"vector": [6.225, -5.595, 0]
						},
						"1.9": {
							"vector": [6.225, -5.595, 0]
						},
						"2.0": {
							"vector": [6.18, -5.6, 0]
						},
						"2.1": {
							"vector": [6.19, -5.65, 0]
						},
						"2.5667": {
							"vector": [6.225, -5.595, 0]
						},
						"2.7": {
							"vector": [3.33, -2.55, 0]
						},
						"2.7667": {
							"vector": [1.13, -1.35, 0]
						},
						"2.8333": {
							"vector": [-0.545, -0.125, 0]
						},
						"2.9333": {
							"vector": [-0.9, 0.095, 0]
						},
						"3.0667": {
							"vector": [0, 0, 0]
						},
						"3.2": {
							"vector": [0, 0, 0]
						}
					}
				},
				"bullet8": {
					"rotation": {
						"0.1667": {
							"vector": [0, 0, 0]
						},
						"1.0": {
							"vector": [0, 0, -1.75]
						},
						"1.1667": {
							"vector": [0, 0, 0]
						},
						"1.2": {
							"vector": [0, 0, 17.75]
						},
						"1.2333": {
							"vector": [-2.38934, 1.92533, 54.50983]
						},
						"1.2667": {
							"vector": [-3.3988, 1.30711, 39.48873]
						},
						"1.3333": {
							"vector": [-4.16573, 0.51269, 25.49026]
						},
						"1.3667": {
							"vector": [-4.16573, 0.51269, 25.49026]
						},
						"1.4": {
							"vector": [0.32223, -1.0596, 3.28227]
						},
						"1.9": {
							"vector": [0.32223, -1.0596, 3.28227]
						},
						"2.0": {
							"vector": [0.48348, -1.20055, 11.78263]
						},
						"2.1": {
							"vector": [0.58993, -1.32504, 18.28231]
						},
						"2.2": {
							"vector": [0.33704, -1.08369, 4.31782]
						},
						"2.5667": {
							"vector": [0.32223, -1.0596, 3.28227]
						},
						"2.7": {
							"vector": [0.78611, -1.65405, 33.53004]
						},
						"2.7667": {
							"vector": [0.66849, -1.43135, 23.53182]
						},
						"2.8333": {
							"vector": [0, 0, 0]
						},
						"2.9333": {
							"vector": [0, 0, 0]
						},
						"3.0667": {
							"vector": [0, 0, 0]
						},
						"3.2": {
							"vector": [0, 0, 0]
						}
					},
					"position": {
						"0.1667": {
							"vector": [0, 0, 0]
						},
						"1.0": {
							"vector": [-0.14, 0, 0]
						},
						"1.0667": {
							"vector": [-0.125, 0, 0]
						},
						"1.1": {
							"vector": [-0.6, 0, 0]
						},
						"1.1333": {
							"vector": [-0.85, 0, 0]
						},
						"1.1667": {
							"vector": [-1.05, 0.1, 0]
						},
						"1.2": {
							"vector": [-0.725, 1.2, 0]
						},
						"1.2333": {
							"vector": [-0.155, 1.6, 0]
						},
						"1.2667": {
							"vector": [-0.66, 0.475, 0]
						},
						"1.3333": {
							"vector": [-3.285, -1.27, 0]
						},
						"1.3667": {
							"vector": [-3.285, -1.27, 0]
						},
						"1.4": {
							"vector": [6.17, -5.97, 0]
						},
						"1.9": {
							"vector": [6.17, -5.97, 0]
						},
						"2.0": {
							"vector": [6.12, -5.795, 0]
						},
						"2.1": {
							"vector": [6.23, -6.03, 0]
						},
						"2.2": {
							"vector": [6.045, -6.02, 0]
						},
						"2.5667": {
							"vector": [6.17, -5.97, 0]
						},
						"2.7": {
							"vector": [3.745, -1.52, 0]
						},
						"2.7667": {
							"vector": [1.8, -0.22, 0]
						},
						"2.8333": {
							"vector": [-0.55, 0, 0]
						},
						"2.9333": {
							"vector": [-0.9, 0, 0]
						},
						"3.0667": {
							"vector": [0, 0, 0]
						},
						"3.2": {
							"vector": [0, 0, 0]
						}
					}
				}
			},
			"sound_effects": {
				"0.0": {
					"effect": "foley_start"
				},
				"0.4667": {
					"effect": "lmg_coverup"
				},
				"1.0667": {
					"effect": "lmg_magout"
				},
				"1.8": {
					"effect": "lmg_magin"
				},
				"2.6": {
					"effect": "lmg_bulletchain"
				},
				"3.5": {
					"effect": "lmg_coverdown"
				}
			}
		},
		"animation.model.reloadempty": {
			"animation_length": 5.36667,
			"bones": {
				"main": {
					"rotation": {
						"0.0": {
							"vector": [0, 0, 0]
						},
						"0.1333": {
							"vector": [0, 0, 0]
						},
						"0.2667": {
							"vector": [1.24832, -1.32056, 4.972]
						},
						"0.3667": {
							"vector": [1.33499, -0.32433, 4.97075]
						},
						"0.4333": {
							"vector": [1.50746, -1.14099, 7.07869]
						},
						"0.5": {
							"vector": [1.63966, -2.00992, 11.18634]
						},
						"0.6": {
							"vector": [1.95589, -1.43889, 8.95108]
						},
						"0.7333": {
							"vector": [1.88829, 0.31471, 8.63137]
						},
						"0.9": {
							"vector": [1.79644, 0.70052, 4.26463]
						},
						"1.0": {
							"vector": [1.79151, 0.19692, 3.37336]
						},
						"1.0667": {
							"vector": [1.80055, -0.32222, 1.73147]
						},
						"1.2": {
							"vector": [1.78176, -0.73181, -3.40845]
						},
						"1.3667": {
							"vector": [1.9503, 0.48349, 3.95437]
						},
						"1.5333": {
							"vector": [1.52566, -0.04003, 2.50842]
						},
						"1.7": {
							"vector": [1.00607, -0.34421, 4.26055]
						},
						"1.8": {
							"vector": [0.70126, 0.13844, 2.82183]
						},
						"1.9333": {
							"vector": [0.30755, -0.41118, 1.19686]
						},
						"2.0333": {
							"vector": [0.28747, -0.42547, 3.9469]
						},
						"2.1333": {
							"vector": [0.30755, -0.41118, 1.19686]
						},
						"2.2333": {
							"vector": [0.28747, -0.42547, 3.9469]
						},
						"2.3333": {
							"vector": [0.29667, 0.0809, 2.69947]
						},
						"2.4333": {
							"vector": [-2.41259, -10.6825, 15.53066]
						},
						"2.6": {
							"vector": [0.05104, -18.58204, 20.16836]
						},
						"2.7": {
							"vector": [-3.70703, -17.3367, 20.12246]
						},
						"2.8": {
							"vector": [-3.87572, -17.64871, 21.48715]
						},
						"2.9667": {
							"vector": [-3.93295, -18.05973, 20.42762]
						},
						"3.0667": {
							"vector": [-3.83963, -17.62464, 20.9107]
						},
						"3.1667": {
							"vector": [-3.67507, -17.25305, 19.86273]
						},
						"3.4": {
							"vector": [1.95589, -1.43889, 8.95108]
						},
						"3.4667": {
							"vector": [2.22408, -0.66362, 8.22713]
						},
						"3.5667": {
							"vector": [3.12872, -1.63257, 12.69393]
						},
						"3.6667": {
							"vector": [3.23485, -1.41046, 8.69869]
						},
						"3.7667": {
							"vector": [3.2013, -2.21544, 9.65547]
						},
						"3.9": {
							"vector": [2.3556, -1.37027, 2.48612]
						},
						"4.0333": {
							"vector": [1.73905, 2.85788, 15.1104]
						},
						"4.1667": {
							"vector": [-3.32656, 8.16998, 12.68621]
						},
						"4.2667": {
							"vector": [-9.16, 11.58, 17.59]
						},
						"4.3667": {
							"vector": [-19.64181, 20.43331, 18.4332]
						},
						"4.4333": {
							"vector": [-18.70284, 24.29759, 17.90402]
						},
						"4.5333": {
							"vector": [-16.50996, 19.27566, 20.61181]
						},
						"4.7333": {
							"vector": [-15.27752, 11.81155, -10.89789]
						},
						"4.8333": {
							"vector": [-8.77619, 12.18485, -10.069]
						},
						"5.0": {
							"vector": [0, 0, 0]
						}
					},
					"position": {
						"0.0": {
							"vector": [0, 0, 0]
						},
						"0.1333": {
							"vector": [0, 0, 0]
						},
						"0.2333": {
							"vector": [0, -2.325, 0]
						},
						"0.3333": {
							"vector": [-0.45, -4.33, 3]
						},
						"0.4333": {
							"vector": [-1.4, -5.55, 6]
						},
						"0.5667": {
							"vector": [-1.17, -5.8, 6]
						},
						"0.7": {
							"vector": [-0.77, -5.875, 6]
						},
						"0.8667": {
							"vector": [-1.17, -4.1, 2.25]
						},
						"1.0": {
							"vector": [-0.63, -3.555, -0.175]
						},
						"1.1333": {
							"vector": [0.725, -3.47, -0.435]
						},
						"1.2667": {
							"vector": [0.665, -4.035, -0.285]
						},
						"1.4333": {
							"vector": [0.515, -4.4, -0.62]
						},
						"1.6": {
							"vector": [0.75, -4.3, -0.27]
						},
						"1.7667": {
							"vector": [-0.02, -3.45, 0.005]
						},
						"1.9": {
							"vector": [-0.595, -3.685, -1.12]
						},
						"2.0": {
							"vector": [-0.645, -3.31, -1.37]
						},
						"2.1333": {
							"vector": [0.03, -3.21, -1.37]
						},
						"2.2": {
							"vector": [-0.925, -3.31, -1.37]
						},
						"2.3333": {
							"vector": [-0.52, -3.61, -1.37]
						},
						"2.5333": {
							"vector": [-0.445, -3.735, 1.805]
						},
						"2.6667": {
							"vector": [-0.315, -4.19, 3.325]
						},
						"2.7667": {
							"vector": [-0.435, -4.14, 3.725]
						},
						"2.9": {
							"vector": [-0.355, -4.215, 2.92]
						},
						"3.0333": {
							"vector": [-0.05, -4.22, 2.92]
						},
						"3.1667": {
							"vector": [-0.15, -4.22, 2.92]
						},
						"3.3667": {
							"vector": [-1.17, -5.8, 5]
						},
						"3.4667": {
							"vector": [-1.17, -5.975, 5]
						},
						"3.5333": {
							"vector": [-1.17, -7.02, 5]
						},
						"3.6333": {
							"vector": [-1.17, -6.845, 5]
						},
						"3.7667": {
							"vector": [-1.47, -6.54, 5.475]
						},
						"3.9": {
							"vector": [-1.03, -4.79, 2.425]
						},
						"4.0333": {
							"vector": [-0.62, -0.82, 1.43]
						},
						"4.1667": {
							"vector": [4, -1, 0]
						},
						"4.2667": {
							"vector": [4.54, -1.3, 0.18]
						},
						"4.3667": {
							"vector": [5.15, -3.64, 3.38]
						},
						"4.4667": {
							"vector": [5.8, -2, 0.6]
						},
						"4.6": {
							"vector": [3.82, 2.28, -2.73]
						},
						"4.7333": {
							"vector": [-1.24, 2.85, -5.96]
						},
						"4.9333": {
							"vector": [0, 0, 0]
						}
					}
				},
				"bolt": {
					"position": {
						"0.0": {
							"vector": [0, 0, 0]
						},
						"0.4": {
							"vector": [0, 0, 0]
						},
						"0.4667": {
							"vector": [0, 0, 2.25]
						},
						"0.5": {
							"vector": [0, 0, 13]
						},
						"0.6": {
							"vector": [0, 0, 13]
						},
						"0.6667": {
							"vector": [0, 0, 0]
						}
					}
				},
				"cover": {
					"rotation": {
						"0.1333": {
							"vector": [0, 0, 0]
						},
						"0.4": {
							"vector": [0, 0, 0]
						},
						"0.6": {
							"vector": [-67.5, 0, 0]
						},
						"0.6667": {
							"vector": [-67.5, 0, 0]
						},
						"3.4333": {
							"vector": [-67.5, 0, 0]
						},
						"3.5333": {
							"vector": [0, 0, 0]
						}
					},
					"position": {
						"0.1333": {
							"vector": [0, 0, 0]
						},
						"0.4": {
							"vector": [0, 0, 0]
						},
						"3.5333": {
							"vector": [0, 0, 0]
						}
					}
				},
				"leftarm": {
					"rotation": {
						"0.0": {
							"vector": [0, 0, 0]
						},
						"0.1": {
							"vector": [-8.77991, -4.8701, 0.72863]
						},
						"0.3333": {
							"vector": [-1.40347, -13.03975, -9.96036]
						},
						"0.4": {
							"vector": [-1.40347, -13.03975, -9.96036]
						},
						"0.6": {
							"vector": [18.7312, -14.17012, -19.18167]
						},
						"0.6667": {
							"vector": [18.7312, -14.17012, -19.18167]
						},
						"0.9333": {
							"vector": [7.00751, -4.38629, -6.29833]
						},
						"1.0333": {
							"vector": [7.00751, -4.38629, -6.29833]
						},
						"2.3333": {
							"vector": [7.00751, -4.38629, -6.29833]
						},
						"2.5667": {
							"vector": [-3.75664, 8.27266, -22.71526]
						},
						"2.7": {
							"vector": [1.96151, 2.04666, -17.38782]
						},
						"2.8": {
							"vector": [12.38627, -0.86666, -17.71008]
						},
						"2.9667": {
							"vector": [24.71429, -13.71967, -36.67642]
						},
						"3.0333": {
							"vector": [24.71429, -13.71967, -36.67642]
						},
						"3.3667": {
							"vector": [18.7312, -14.17012, -19.18167]
						},
						"3.4333": {
							"vector": [14.7312, -14.17012, -19.18167]
						},
						"3.5333": {
							"vector": [-16.99269, -12.15962, -12.07145]
						},
						"3.6333": {
							"vector": [-16.99269, -12.15962, -12.07145]
						},
						"3.8667": {
							"vector": [-11.99496, 0.24256, -38.6353]
						},
						"4.0333": {
							"vector": [-17.73306, -7.91277, -15.44006]
						},
						"4.1667": {
							"vector": [-15.56, -26.34844, -21.09218]
						},
						"4.2667": {
							"vector": [-15.56, -26.34844, -21.09218]
						},
						"4.3667": {
							"vector": [-24.11954, -17.85715, -24.45295]
						},
						"4.4667": {
							"vector": [-24.11954, -17.85715, -24.45295]
						},
						"4.6": {
							"vector": [-16.59772, -9.07573, -40.04153]
						},
						"4.7333": {
							"vector": [-3.25424, -19.18138, -20.61485]
						},
						"4.9": {
							"vector": [0, 0, 0]
						}
					},
					"position": {
						"0.0": {
							"vector": [0, 0, 0]
						},
						"0.1": {
							"vector": [2.81, -0.51, 19.275]
						},
						"0.2333": {
							"vector": [0.98, 14.11, 18.06]
						},
						"0.3333": {
							"vector": [-1.9, 19.325, 17.15]
						},
						"0.4": {
							"vector": [-1.9, 19.325, 17.15]
						},
						"0.5": {
							"vector": [-4.9, 31.955, 12.425]
						},
						"0.6": {
							"vector": [-6.775, 40.23, 8.05]
						},
						"0.6667": {
							"vector": [-6.775, 40.23, 8.05]
						},
						"0.8": {
							"vector": [-3.52582, 20.04521, 14.57734]
						},
						"0.9333": {
							"vector": [6.39621, -5.7665, 18.7403]
						},
						"1.0333": {
							"vector": [6.39621, -5.7665, 18.7403]
						},
						"2.3333": {
							"vector": [6.39621, -5.7665, 18.7403]
						},
						"2.4667": {
							"vector": [4.52, 16.88, 13.62]
						},
						"2.5667": {
							"vector": [-0.57, 25.9, 9.55]
						},
						"2.7": {
							"vector": [-0.3, 26.05, 9.48]
						},
						"2.8": {
							"vector": [1.94, 25.12, 10.41]
						},
						"2.9667": {
							"vector": [-0.38, 25.2, 9.99]
						},
						"3.0333": {
							"vector": [-0.38, 25.2, 9.99]
						},
						"3.2": {
							"vector": [0.37, 25.88, 6.55]
						},
						"3.3667": {
							"vector": [-6.775, 35.23, 9.05]
						},
						"3.4333": {
							"vector": [-5.95, 35.23, 7.75]
						},
						"3.5333": {
							"vector": [-2.775, 24.2, 9.6]
						},
						"3.6333": {
							"vector": [-2.775, 24.2, 9.6]
						},
						"3.7333": {
							"vector": [2.105, 20.51, 11.35]
						},
						"3.8667": {
							"vector": [2.27, 9.92, 10.3]
						},
						"4.0": {
							"vector": [-10.52, 3.35, 8.99]
						},
						"4.1667": {
							"vector": [-11.98, 12.77, 8.12]
						},
						"4.2667": {
							"vector": [-11.98, 12.77, 8.12]
						},
						"4.3667": {
							"vector": [-7.27, 13.92, 15.94]
						},
						"4.4667": {
							"vector": [-7.27, 13.92, 15.94]
						},
						"4.6": {
							"vector": [-3.06, 12.95, 9.48]
						},
						"4.7667": {
							"vector": [3.54, 6.19, 9.53]
						},
						"4.9": {
							"vector": [0, 0, 0]
						}
					}
				},
				"magazine": {
					"rotation": {
						"0.1333": {
							"vector": [0, 0, 0]
						},
						"1.0333": {
							"vector": [0, 0, 0]
						},
						"1.1333": {
							"vector": [0, 0, 0]
						},
						"1.2": {
							"vector": [0.5056, -3.96797, -13.51751]
						},
						"1.3333": {
							"vector": [3.50439, 0.03188, -13.48225]
						},
						"1.5333": {
							"vector": [3.50439, 0.03188, -13.48225]
						},
						"1.7": {
							"vector": [1.73532, -0.24319, 1.75495]
						},
						"1.8667": {
							"vector": [0, 0, -4]
						},
						"1.9333": {
							"vector": [0, -3, 3.08]
						},
						"2.0": {
							"vector": [0.09813, -1.49679, -2.21128]
						},
						"2.0667": {
							"vector": [0, 0, 0]
						},
						"2.1333": {
							"vector": [0, 0, 0]
						}
					},
					"position": {
						"0.1333": {
							"vector": [0, 0, 0]
						},
						"1.0333": {
							"vector": [0, 0, 0]
						},
						"1.1333": {
							"vector": [3.15, 0, 0]
						},
						"1.2": {
							"vector": [5.45, -2.25, 0]
						},
						"1.3333": {
							"vector": [17.275, -20.65, 0]
						},
						"1.5333": {
							"vector": [17.275, -20.65, 0]
						},
						"1.7": {
							"vector": [13.285, -4.42, 0]
						},
						"1.8667": {
							"vector": [3.425, 0, 0]
						},
						"1.9333": {
							"vector": [3.18, -0.425, 0]
						},
						"2.0": {
							"vector": [3.18, -0.225, 0]
						},
						"2.0667": {
							"vector": [2.375, 0, 0]
						},
						"2.1333": {
							"vector": [0, 0, 0]
						}
					}
				},
				"bullet": {
					"rotation": {
						"1.0": {
							"vector": [0, 0, 0]
						},
						"2.2": {
							"vector": [0, 0, 0]
						},
						"3.6": {
							"vector": [0, 0, 0]
						},
						"3.6667": {
							"vector": [0, 0, 0]
						},
						"3.7667": {
							"vector": [0, 0, 0]
						},
						"3.9": {
							"vector": [0, 0, 0]
						}
					},
					"position": {
						"1.0": {
							"vector": [0, 0, 0]
						},
						"2.2": {
							"vector": [0, 0, 0]
						},
						"3.6": {
							"vector": [0, 0, 0]
						},
						"3.6667": {
							"vector": [0.175, 0.375, 0]
						},
						"3.7667": {
							"vector": [0.175, 0.375, 0]
						},
						"3.9": {
							"vector": [0, 0, 0]
						}
					},
					"scale": {
						"0.0": {
							"vector": [0, 0, 0]
						},
						"2.3": {
							"vector": [0, 0, 0]
						},
						"2.3333": {
							"vector": [1, 1, 1]
						}
					}
				},
				"bullet2": {
					"rotation": {
						"0.1667": {
							"vector": [0, 0, 0]
						},
						"0.2667": {
							"vector": [0, 0, -19]
						},
						"0.4": {
							"vector": [0, 0, 16.54]
						},
						"0.5667": {
							"vector": [0, 0, -2.4]
						},
						"1.1": {
							"vector": [0, 0, 0]
						},
						"1.1667": {
							"vector": [0, 0, -27]
						},
						"1.2": {
							"vector": [0, 0, -27]
						},
						"1.2333": {
							"vector": [0, 0, -27]
						},
						"1.2667": {
							"vector": [0, 0, -68.25]
						},
						"1.3333": {
							"vector": [0, 0, -90.75]
						},
						"1.3667": {
							"vector": [0, 0, -90.75]
						},
						"1.4": {
							"vector": [0, 0, 19.75]
						},
						"2.5667": {
							"vector": [0, 0, 19.75]
						},
						"2.7667": {
							"vector": [0, 0, 19.75]
						},
						"2.8333": {
							"vector": [0, 0, 3.5]
						},
						"2.9333": {
							"vector": [0, 0, -5.5]
						},
						"3.0667": {
							"vector": [0, 0, 0]
						},
						"3.1667": {
							"vector": [0, 0, 3.75]
						},
						"3.4333": {
							"vector": [0, 0, 0]
						}
					},
					"position": {
						"0.1667": {
							"vector": [0, 0, 0]
						},
						"0.2667": {
							"vector": [0, 0, 0]
						},
						"0.4": {
							"vector": [0.175, 0, 0]
						},
						"1.1": {
							"vector": [0, 0, 0]
						},
						"1.1667": {
							"vector": [-0.075, 0, 0]
						},
						"1.2": {
							"vector": [-0.075, 0, 0]
						},
						"1.2333": {
							"vector": [-0.075, 0, 0]
						},
						"1.2667": {
							"vector": [-0.27, -0.3, 0]
						},
						"1.3333": {
							"vector": [-0.27, -0.3, 0]
						},
						"1.3667": {
							"vector": [-0.27, -0.3, 0]
						},
						"1.4": {
							"vector": [0.23, 0.025, 0]
						},
						"2.5667": {
							"vector": [0.23, 0.025, 0]
						},
						"2.7667": {
							"vector": [0.23, 0.025, 0]
						},
						"2.8333": {
							"vector": [0.33, 0.53, 0]
						},
						"2.9333": {
							"vector": [0.33, 0.53, 0]
						},
						"3.0667": {
							"vector": [0, 0, 0]
						},
						"3.1667": {
							"vector": [0.075, 0, 0]
						},
						"3.4333": {
							"vector": [0, 0, 0]
						}
					},
					"scale": {
						"0.0": {
							"vector": [0, 0, 0]
						},
						"1.4667": {
							"vector": [0, 0, 0]
						},
						"1.5": {
							"vector": [1, 1, 1]
						}
					}
				},
				"bullet3": {
					"rotation": {
						"0.1667": {
							"vector": [0, 0, 0]
						},
						"0.2667": {
							"vector": [0, 0, 40]
						},
						"0.4": {
							"vector": [0, 0, 21.98]
						},
						"0.5667": {
							"vector": [0, 0, 10.37]
						},
						"0.7333": {
							"vector": [0, 0, -5.87]
						},
						"1.0": {
							"vector": [0, 0, 0]
						},
						"1.1": {
							"vector": [0, 0, -15.5]
						},
						"1.1333": {
							"vector": [0, 0, -31]
						},
						"1.1667": {
							"vector": [0, 0, -31]
						},
						"1.2333": {
							"vector": [0, 0, -31]
						},
						"1.2667": {
							"vector": [0, 0, -21.25]
						},
						"1.3333": {
							"vector": [0, 0, -37]
						},
						"1.3667": {
							"vector": [0, 0, -37]
						},
						"1.4": {
							"vector": [0, 0, 123.25]
						},
						"2.1333": {
							"vector": [0, 0, 123.25]
						},
						"2.2333": {
							"vector": [1.80917, -0.15016, 127.49776]
						},
						"2.5667": {
							"vector": [0, 0, 123.25]
						},
						"2.7": {
							"vector": [0, 0, 123.25]
						},
						"2.7667": {
							"vector": [0, 0, 75.75]
						},
						"2.8333": {
							"vector": [0, 0, 14.5]
						},
						"2.9333": {
							"vector": [0, 0, 13.5]
						},
						"3.0667": {
							"vector": [0, 0, 0]
						},
						"3.1667": {
							"vector": [0, 0, -11.25]
						},
						"3.3": {
							"vector": [0, 0, -2.25]
						},
						"3.4333": {
							"vector": [0, 0, 0]
						}
					},
					"position": {
						"0.1667": {
							"vector": [0, 0, 0]
						},
						"0.2667": {
							"vector": [-0.35, 0.125, 0]
						},
						"0.4": {
							"vector": [0.485, 0, 0]
						},
						"0.5667": {
							"vector": [0.075, 0.15, 0]
						},
						"0.7333": {
							"vector": [-0.025, 0.09, 0]
						},
						"1.0": {
							"vector": [0, 0, 0]
						},
						"1.1": {
							"vector": [-0.125, 0, 0]
						},
						"1.1667": {
							"vector": [-0.845, -0.275, 0]
						},
						"1.2333": {
							"vector": [-0.845, -0.275, 0]
						},
						"1.2667": {
							"vector": [-1.825, -0.98, 0]
						},
						"1.3333": {
							"vector": [-1.995, -1.48, 0]
						},
						"1.3667": {
							"vector": [-1.995, -1.48, 0]
						},
						"1.4": {
							"vector": [1.05, -0.305, 0]
						},
						"2.1333": {
							"vector": [1.05, -0.305, 0]
						},
						"2.2333": {
							"vector": [1.225, -0.3, 0]
						},
						"2.5667": {
							"vector": [1.05, -0.305, 0]
						},
						"2.7": {
							"vector": [1.05, -0.305, 0]
						},
						"2.7667": {
							"vector": [0.975, -0.175, 0]
						},
						"2.8333": {
							"vector": [0.405, 0.63, 0]
						},
						"2.9333": {
							"vector": [0.2, 0.73, 0]
						},
						"3.0667": {
							"vector": [0, 0, 0]
						},
						"3.1667": {
							"vector": [0, -0.15, 0]
						},
						"3.3": {
							"vector": [0, -0.15, 0]
						},
						"3.4333": {
							"vector": [0, 0, 0]
						}
					},
					"scale": {
						"0.0": {
							"vector": [0, 0, 0]
						},
						"1.4667": {
							"vector": [0, 0, 0]
						},
						"1.5": {
							"vector": [1, 1, 1]
						}
					}
				},
				"bullet4": {
					"rotation": {
						"0.1667": {
							"vector": [0, 0, 0]
						},
						"0.2667": {
							"vector": [0, 0, -17]
						},
						"0.4": {
							"vector": [0, 0, -26.91]
						},
						"0.5667": {
							"vector": [0, 0, -10.93]
						},
						"0.7333": {
							"vector": [0, 0, 1.52]
						},
						"1.0": {
							"vector": [0, 0, 0]
						},
						"1.1": {
							"vector": [0, 0, -2.25]
						},
						"1.1333": {
							"vector": [0, 0, 13.75]
						},
						"1.1667": {
							"vector": [0, 0, -8.75]
						},
						"1.2": {
							"vector": [0, 0, -8.75]
						},
						"1.2667": {
							"vector": [0, 0, -1]
						},
						"1.3333": {
							"vector": [-0.64153, 7.2487, -21.22291]
						},
						"1.3667": {
							"vector": [-0.64153, 7.2487, -21.22291]
						},
						"1.4": {
							"vector": [-3.57093, 2.60919, 143.76965]
						},
						"2.1333": {
							"vector": [-3.57093, 2.60919, 143.76965]
						},
						"2.2333": {
							"vector": [-3.79606, 2.7258, 149.02318]
						},
						"2.5667": {
							"vector": [-3.57093, 2.60919, 143.76965]
						},
						"2.7": {
							"vector": [-0.05837, 3.66609, 60.71433]
						},
						"2.7667": {
							"vector": [-0.3873, 7.00835, -13.97244]
						},
						"2.8333": {
							"vector": [-0.2531, 6.85317, -9.72315]
						},
						"2.9333": {
							"vector": [-0.18681, 6.76711, -7.47382]
						},
						"3.0667": {
							"vector": [0, 0, 0]
						},
						"3.1667": {
							"vector": [0, 0, 6]
						},
						"3.3": {
							"vector": [0, 0, 10.5]
						},
						"3.4333": {
							"vector": [0, 0, 0]
						}
					},
					"position": {
						"0.1667": {
							"vector": [0, 0, 0]
						},
						"0.2667": {
							"vector": [0.575, 0, 0]
						},
						"0.4": {
							"vector": [0.995, 0, 0]
						},
						"0.5667": {
							"vector": [0.47, 0.25, 0]
						},
						"0.7333": {
							"vector": [0.14, 0.1, 0]
						},
						"1.0": {
							"vector": [0, 0, 0]
						},
						"1.1": {
							"vector": [-0.3, -0.175, 0]
						},
						"1.1333": {
							"vector": [-0.8, -0.545, 0]
						},
						"1.1667": {
							"vector": [-1.35, -0.815, 0]
						},
						"1.2": {
							"vector": [-1.35, -0.815, 0]
						},
						"1.2333": {
							"vector": [-1.475, -0.8, 0]
						},
						"1.2667": {
							"vector": [-2.05, -1.295, 0]
						},
						"1.3333": {
							"vector": [-3.025, -2.375, 0]
						},
						"1.3667": {
							"vector": [-3.025, -2.375, 0]
						},
						"1.4": {
							"vector": [3.13, -2.745, 0]
						},
						"2.1333": {
							"vector": [3.13, -2.745, 0]
						},
						"2.2333": {
							"vector": [3.305, -2.915, 0]
						},
						"2.5667": {
							"vector": [3.13, -2.745, 0]
						},
						"2.7": {
							"vector": [2.855, -2.465, 0]
						},
						"2.7667": {
							"vector": [2.21, -1.62, 0]
						},
						"2.8333": {
							"vector": [0.51, 0.455, 0]
						},
						"2.9333": {
							"vector": [0.26, 0.685, 0]
						},
						"3.0667": {
							"vector": [0, 0, 0]
						},
						"3.1667": {
							"vector": [-0.05, -0.075, 0]
						},
						"3.3": {
							"vector": [0.2, -0.08, 0]
						},
						"3.4333": {
							"vector": [0, 0, 0]
						}
					},
					"scale": {
						"0.0": {
							"vector": [0, 0, 0]
						},
						"1.4667": {
							"vector": [0, 0, 0]
						},
						"1.5": {
							"vector": [1, 1, 1]
						}
					}
				},
				"bullet5": {
					"rotation": {
						"0.1667": {
							"vector": [0, 0, 0]
						},
						"0.2667": {
							"vector": [0, 0, 13.25]
						},
						"0.4": {
							"vector": [0, 0, 4.09]
						},
						"0.5667": {
							"vector": [0, 0, 9.7]
						},
						"0.7333": {
							"vector": [0, 0, 15.22]
						},
						"1.0": {
							"vector": [0, 0, 0]
						},
						"1.0333": {
							"vector": [0, 0, 7.25]
						},
						"1.1": {
							"vector": [0, 0, -17.75]
						},
						"1.1333": {
							"vector": [0, 0, -31.5]
						},
						"1.2": {
							"vector": [0, 0, -21.5]
						},
						"1.2333": {
							"vector": [0, 0, -21.5]
						},
						"1.2667": {
							"vector": [0, 0, -48.25]
						},
						"1.3333": {
							"vector": [0, 0, -60.5]
						},
						"1.3667": {
							"vector": [0, 0, -60.5]
						},
						"1.4": {
							"vector": [0, 0, 52]
						},
						"2.1333": {
							"vector": [0, 0, 52]
						},
						"2.2333": {
							"vector": [0, 0, 59.25]
						},
						"2.5667": {
							"vector": [0, 0, 52]
						},
						"2.7": {
							"vector": [0, 0, -27.75]
						},
						"2.7667": {
							"vector": [0, 0, -30]
						},
						"2.8333": {
							"vector": [0, 0, -24.75]
						},
						"2.9333": {
							"vector": [0, 0, -22]
						},
						"3.0667": {
							"vector": [0, 0, 0]
						},
						"3.1667": {
							"vector": [0, 0, 4.25]
						},
						"3.3": {
							"vector": [0, 0, -9.25]
						},
						"3.4333": {
							"vector": [0, 0, 0]
						}
					},
					"position": {
						"0.1667": {
							"vector": [0, 0, 0]
						},
						"0.2667": {
							"vector": [-0.1, -0.325, 0]
						},
						"0.4": {
							"vector": [0.32, -0.395, 0]
						},
						"0.5667": {
							"vector": [0.03, -0.09, 0]
						},
						"0.7333": {
							"vector": [0.02, -0.01, 0]
						},
						"1.0": {
							"vector": [0, 0, 0]
						},
						"1.0333": {
							"vector": [-0.21, -0.08, 0]
						},
						"1.1": {
							"vector": [-0.575, -0.3, 0]
						},
						"1.1333": {
							"vector": [-0.62, -0.675, 0]
						},
						"1.1667": {
							"vector": [-1.72, -1.055, 0]
						},
						"1.2": {
							"vector": [-1.72, -0.985, 0]
						},
						"1.2333": {
							"vector": [-1.72, -0.985, 0]
						},
						"1.2667": {
							"vector": [-2.195, -1.43, 0]
						},
						"1.3333": {
							"vector": [-3.365, -2.655, 0]
						},
						"1.3667": {
							"vector": [-3.365, -2.655, 0]
						},
						"1.4": {
							"vector": [4.765, -5.05, 0]
						},
						"2.1333": {
							"vector": [4.765, -5.05, 0]
						},
						"2.2333": {
							"vector": [4.765, -5.05, 0]
						},
						"2.5667": {
							"vector": [4.765, -5.05, 0]
						},
						"2.7": {
							"vector": [3.985, -3.05, 0]
						},
						"2.7667": {
							"vector": [2.03, -1.675, 0]
						},
						"2.8333": {
							"vector": [0.455, 0.405, 0]
						},
						"2.9333": {
							"vector": [0.225, 0.76, 0]
						},
						"3.0667": {
							"vector": [0, 0, 0]
						},
						"3.1667": {
							"vector": [-0.1, 0, 0]
						},
						"3.3": {
							"vector": [0.325, 0, 0]
						},
						"3.4333": {
							"vector": [0, 0, 0]
						}
					},
					"scale": {
						"0.0": {
							"vector": [0, 0, 0]
						},
						"1.4667": {
							"vector": [0, 0, 0]
						},
						"1.5": {
							"vector": [1, 1, 1]
						}
					}
				},
				"bullet6": {
					"rotation": {
						"0.1667": {
							"vector": [0, 0, 0]
						},
						"0.2667": {
							"vector": [0, 0, 7.25]
						},
						"0.4": {
							"vector": [0, 0, 7.25]
						},
						"0.5667": {
							"vector": [0, 0, 0.99]
						},
						"0.7333": {
							"vector": [0, 0, -6.64]
						},
						"1.0": {
							"vector": [0, 0, 0]
						},
						"1.0333": {
							"vector": [0, 0, 1.75]
						},
						"1.1333": {
							"vector": [0, 0, 23.75]
						},
						"1.1667": {
							"vector": [0, 0, 29.5]
						},
						"1.2": {
							"vector": [0, 0, 35.25]
						},
						"1.2333": {
							"vector": [0, 0, 32.5]
						},
						"1.2667": {
							"vector": [0, 0, 43.25]
						},
						"1.3333": {
							"vector": [0, 0, 29.75]
						},
						"1.3667": {
							"vector": [0, 0, 29.75]
						},
						"1.4": {
							"vector": [0, 0, 2.25]
						},
						"2.1333": {
							"vector": [0, 0, 2.25]
						},
						"2.2333": {
							"vector": [0, 0, 12.5]
						},
						"2.5667": {
							"vector": [0, 0, 2.25]
						},
						"2.7": {
							"vector": [0.00081, 1.24742, 13.08028]
						},
						"2.7667": {
							"vector": [-0.27113, 1.88319, 2.84636]
						},
						"2.8333": {
							"vector": [-1.14228, 2.97208, -17.89347]
						},
						"2.9333": {
							"vector": [-1.63125, 3.33323, -26.89949]
						},
						"3.0667": {
							"vector": [0, 0, 0]
						},
						"3.1667": {
							"vector": [0, 0, 2.5]
						},
						"3.3": {
							"vector": [0, 0, 0]
						}
					},
					"position": {
						"0.1667": {
							"vector": [0, 0, 0]
						},
						"0.2667": {
							"vector": [0.1, -0.05, 0]
						},
						"0.4": {
							"vector": [0.23, -0.04, 0]
						},
						"0.5667": {
							"vector": [0.17, 0.045, 0]
						},
						"0.7333": {
							"vector": [0.325, 0.18, 0]
						},
						"1.0": {
							"vector": [0, 0, 0]
						},
						"1.0333": {
							"vector": [0, 0, 0]
						},
						"1.1333": {
							"vector": [-1.45, -0.625, 0]
						},
						"1.1667": {
							"vector": [-2.325, -1.105, 0]
						},
						"1.2": {
							"vector": [-2.325, -0.775, 0]
						},
						"1.2333": {
							"vector": [-2.325, -0.775, 0]
						},
						"1.2667": {
							"vector": [-3.295, -1.845, 0]
						},
						"1.3333": {
							"vector": [-4.615, -3.39, 0]
						},
						"1.3667": {
							"vector": [-4.615, -3.39, 0]
						},
						"1.4": {
							"vector": [6.165, -5.615, 0]
						},
						"2.1333": {
							"vector": [6.165, -5.615, 0]
						},
						"2.2333": {
							"vector": [5.995, -5.695, 0]
						},
						"2.5667": {
							"vector": [6.165, -5.615, 0]
						},
						"2.7": {
							"vector": [3.17, -3.02, 0]
						},
						"2.7667": {
							"vector": [1.145, -1.72, 0]
						},
						"2.8333": {
							"vector": [-0.285, 0.18, 0]
						},
						"2.9333": {
							"vector": [-0.49, 0.605, 0]
						},
						"3.0667": {
							"vector": [0, 0, 0]
						},
						"3.1667": {
							"vector": [-0.05, 0.075, 0]
						},
						"3.3": {
							"vector": [0, 0, 0]
						}
					},
					"scale": {
						"0.0": {
							"vector": [0, 0, 0]
						},
						"1.4667": {
							"vector": [0, 0, 0]
						},
						"1.5": {
							"vector": [1, 1, 1]
						}
					}
				},
				"bullet7": {
					"rotation": {
						"0.1667": {
							"vector": [0, 0, 0]
						},
						"0.6": {
							"vector": [0, 0, 0]
						},
						"1.0": {
							"vector": [0, 0, 0]
						},
						"1.0667": {
							"vector": [0, 0, -4]
						},
						"1.1333": {
							"vector": [0, 0, 6.5]
						},
						"1.1667": {
							"vector": [0, 0, 37.75]
						},
						"1.2": {
							"vector": [0, 0, 54]
						},
						"1.2333": {
							"vector": [0, 0, 81.25]
						},
						"1.2667": {
							"vector": [0, 0, 86]
						},
						"1.3333": {
							"vector": [0, 0, 55]
						},
						"1.3667": {
							"vector": [0, 0, 55]
						},
						"1.4": {
							"vector": [0, 0, -15.75]
						},
						"1.9": {
							"vector": [0, 0, -15.75]
						},
						"2.0": {
							"vector": [0, 0, -10.25]
						},
						"2.1": {
							"vector": [0, 0, -19.72]
						},
						"2.5667": {
							"vector": [0, 0, -15.75]
						},
						"2.7": {
							"vector": [0, 0, 34]
						},
						"2.7667": {
							"vector": [0, 0, 45]
						},
						"2.8333": {
							"vector": [0, 0, 3.25]
						},
						"2.9333": {
							"vector": [0, 0, -2.75]
						},
						"3.0667": {
							"vector": [0, 0, 0]
						},
						"3.2": {
							"vector": [0, 0, 0]
						}
					},
					"position": {
						"0.1667": {
							"vector": [0, 0, 0]
						},
						"0.6": {
							"vector": [0, 0, 0]
						},
						"0.7333": {
							"vector": [0.035, 0, 0]
						},
						"1.0": {
							"vector": [-0.125, 0, 0]
						},
						"1.0667": {
							"vector": [-0.05, 0, 0]
						},
						"1.1": {
							"vector": [-0.55, 0, 0]
						},
						"1.1333": {
							"vector": [-0.925, -0.15, 0]
						},
						"1.1667": {
							"vector": [-1.68, -0.675, 0]
						},
						"1.2": {
							"vector": [-1.63, 0.045, 0]
						},
						"1.2333": {
							"vector": [-1.63, 0.1, 0]
						},
						"1.2667": {
							"vector": [-2.255, -0.825, 0]
						},
						"1.3333": {
							"vector": [-3.95, -2.57, 0]
						},
						"1.3667": {
							"vector": [-3.95, -2.57, 0]
						},
						"1.4": {
							"vector": [6.225, -5.595, 0]
						},
						"1.9": {
							"vector": [6.225, -5.595, 0]
						},
						"2.0": {
							"vector": [6.18, -5.6, 0]
						},
						"2.1": {
							"vector": [6.19, -5.65, 0]
						},
						"2.5667": {
							"vector": [6.225, -5.595, 0]
						},
						"2.7": {
							"vector": [3.33, -2.55, 0]
						},
						"2.7667": {
							"vector": [1.13, -1.35, 0]
						},
						"2.8333": {
							"vector": [-0.545, -0.125, 0]
						},
						"2.9333": {
							"vector": [-0.9, 0.095, 0]
						},
						"3.0667": {
							"vector": [0, 0, 0]
						},
						"3.2": {
							"vector": [0, 0, 0]
						}
					},
					"scale": {
						"0.0": {
							"vector": [0, 0, 0]
						},
						"1.4667": {
							"vector": [0, 0, 0]
						},
						"1.5": {
							"vector": [1, 1, 1]
						}
					}
				},
				"bullet8": {
					"rotation": {
						"0.1667": {
							"vector": [0, 0, 0]
						},
						"1.0": {
							"vector": [0, 0, -1.75]
						},
						"1.1667": {
							"vector": [0, 0, 0]
						},
						"1.2": {
							"vector": [0, 0, 17.75]
						},
						"1.2333": {
							"vector": [-2.38934, 1.92533, 54.50983]
						},
						"1.2667": {
							"vector": [-3.3988, 1.30711, 39.48873]
						},
						"1.3333": {
							"vector": [-4.16573, 0.51269, 25.49026]
						},
						"1.3667": {
							"vector": [-4.16573, 0.51269, 25.49026]
						},
						"1.4": {
							"vector": [0.32223, -1.0596, 3.28227]
						},
						"1.9": {
							"vector": [0.32223, -1.0596, 3.28227]
						},
						"2.0": {
							"vector": [0.48348, -1.20055, 11.78263]
						},
						"2.1": {
							"vector": [0.58993, -1.32504, 18.28231]
						},
						"2.2": {
							"vector": [0.33704, -1.08369, 4.31782]
						},
						"2.5667": {
							"vector": [0.32223, -1.0596, 3.28227]
						},
						"2.7": {
							"vector": [0.78611, -1.65405, 33.53004]
						},
						"2.7667": {
							"vector": [0.66849, -1.43135, 23.53182]
						},
						"2.8333": {
							"vector": [0, 0, 0]
						},
						"2.9333": {
							"vector": [0, 0, 0]
						},
						"3.0667": {
							"vector": [0, 0, 0]
						},
						"3.2": {
							"vector": [0, 0, 0]
						}
					},
					"position": {
						"0.1667": {
							"vector": [0, 0, 0]
						},
						"1.0": {
							"vector": [-0.14, 0, 0]
						},
						"1.0667": {
							"vector": [-0.125, 0, 0]
						},
						"1.1": {
							"vector": [-0.6, 0, 0]
						},
						"1.1333": {
							"vector": [-0.85, 0, 0]
						},
						"1.1667": {
							"vector": [-1.05, 0.1, 0]
						},
						"1.2": {
							"vector": [-0.725, 1.2, 0]
						},
						"1.2333": {
							"vector": [-0.155, 1.6, 0]
						},
						"1.2667": {
							"vector": [-0.66, 0.475, 0]
						},
						"1.3333": {
							"vector": [-3.285, -1.27, 0]
						},
						"1.3667": {
							"vector": [-3.285, -1.27, 0]
						},
						"1.4": {
							"vector": [6.17, -5.97, 0]
						},
						"1.9": {
							"vector": [6.17, -5.97, 0]
						},
						"2.0": {
							"vector": [6.12, -5.795, 0]
						},
						"2.1": {
							"vector": [6.23, -6.03, 0]
						},
						"2.2": {
							"vector": [6.045, -6.02, 0]
						},
						"2.5667": {
							"vector": [6.17, -5.97, 0]
						},
						"2.7": {
							"vector": [3.745, -1.52, 0]
						},
						"2.7667": {
							"vector": [1.8, -0.22, 0]
						},
						"2.8333": {
							"vector": [-0.55, 0, 0]
						},
						"2.9333": {
							"vector": [-0.9, 0, 0]
						},
						"3.0667": {
							"vector": [0, 0, 0]
						},
						"3.2": {
							"vector": [0, 0, 0]
						}
					},
					"scale": {
						"0.0": {
							"vector": [0, 0, 0]
						},
						"1.4667": {
							"vector": [0, 0, 0]
						},
						"1.5": {
							"vector": [1, 1, 1]
						}
					}
				},
				"belt": {
					"position": {
						"4.2667": {
							"vector": [0, 0, 0]
						},
						"4.3667": {
							"vector": [0, 0, 12]
						},
						"4.5": {
							"vector": [0, 0, 12]
						},
						"4.5667": {
							"vector": [0, 0, 0]
						}
					}
				}
			},
			"sound_effects": {
				"0.0": {
					"effect": "foley_start"
				},
				"0.2": {
					"effect": "lmg_coverup"
				},
				"0.9": {
					"effect": "lmg_magout"
				},
				"1.7": {
					"effect": "lmg_magin"
				},
				"2.4667": {
					"effect": "lmg_bulletchain"
				},
				"3.5": {
					"effect": "lmg_coverdown"
				},
				"4.2667": {
					"effect": "m4_actionback"
				},
				"4.5": {
					"effect": "ak_actionforward"
				},
				"5.2667": {
					"effect": "foley_end"
				}
			}
		},
		"animation.model.fire": {
			"animation_length": 0.175,
			"bones": {
				"main": {
					"rotation": {
						"0.0": {
							"vector": [0, 0, 0]
						},
						"0.05": {
							"vector": [0, 0, 2.5]
						}
					},
					"position": {
						"0.0": {
							"vector": [0, 0, 0]
						},
						"0.05": {
							"vector": [0.05, 0, 1]
						}
					}
				},
				"bullet": {
					"rotation": {
						"0.0": {
							"vector": [0, 0, 0]
						},
						"0.1": {
							"vector": [0, 0, 3.5]
						}
					},
					"position": {
						"0.0": {
							"vector": [0, 0, 0]
						},
						"0.1": {
							"vector": [0.075, 0, 0]
						}
					}
				},
				"bullet2": {
					"rotation": {
						"0.0": {
							"vector": [0, 0, 0]
						},
						"0.05": {
							"vector": [0, 0, 5]
						},
						"0.1": {
							"vector": [0, 0, -5.75]
						}
					},
					"position": {
						"0.0": {
							"vector": [0, 0, 0]
						},
						"0.05": {
							"vector": [0.15, 0.075, 0]
						}
					}
				},
				"bullet3": {
					"rotation": {
						"0.0": {
							"vector": [0, 0, 0]
						},
						"0.075": {
							"vector": [0.00002, -1.99998, -16.75853]
						}
					},
					"position": {
						"0.0": {
							"vector": [0, 0, 0]
						},
						"0.075": {
							"vector": [0.025, 0.1, 0]
						}
					}
				},
				"bullet4": {
					"rotation": {
						"0.0": {
							"vector": [0, 0, -9.75]
						},
						"0.05": {
							"vector": [0, 0, 12.75]
						},
						"0.075": {
							"vector": [0, 0, 21.25]
						}
					},
					"position": {
						"0.0": {
							"vector": [0.175, 0.05, 0]
						},
						"0.05": {
							"vector": [0.025, -0.15, 0]
						},
						"0.075": {
							"vector": [-0.195, -0.15, 0]
						}
					}
				},
				"bullet5": {
					"rotation": {
						"0.0": {
							"vector": [0, 0, 0]
						},
						"0.075": {
							"vector": [0, 0, 19.25]
						}
					},
					"position": {
						"0.0": {
							"vector": [0, 0, 0]
						},
						"0.075": {
							"vector": [0.15, 0.05, 0]
						}
					}
				},
				"bullet6": {
					"rotation": {
						"0.0": {
							"vector": [0, 0, -5]
						},
						"0.075": {
							"vector": [0, 0, -13.75]
						}
					},
					"position": {
						"0.0": {
							"vector": [0.125, -0.025, 0]
						},
						"0.075": {
							"vector": [0.55, 0.125, 0]
						}
					}
				},
				"magazine": {
					"rotation": {
						"0.0": {
							"vector": [0, 0, 0]
						},
						"0.025": {
							"vector": [3, 0, -2.5]
						},
						"0.075": {
							"vector": [0, 0, 0]
						}
					}
				},
				"bone5": {
					"rotation": {
						"0.0": {
							"vector": [0, 0, 0]
						},
						"0.025": {
							"vector": [0, 0, 12.5]
						},
						"0.075": {
							"vector": [0, 0, 0]
						}
					}
				},
				"belt": {
					"position": {
						"0.0": {
							"vector": [0, 0, 0]
						},
						"0.05": {
							"vector": [0, 0, 12]
						}
					}
				},
				"bone6": {
					"rotation": {
						"0.0": {
							"vector": [0, 0, 0]
						},
						"0.05": {
							"vector": [0.00238, 2.49762, -0.10891]
						},
						"0.1": {
							"vector": [-0.53005, 0.33358, -0.03768]
						}
					}
				},
				"bone2": {
					"rotation": {
						"0.0": {
							"vector": [0, 0, 0]
						},
						"0.05": {
							"vector": [-2.5, -2.5, 0]
						},
						"0.1": {
							"vector": [-2.49762, -0.00238, -0.10901]
						}
					}
				},
				"bone3": {
					"rotation": {
						"0.0": {
							"vector": [0, 0, 0]
						},
						"0.025": {
							"vector": [0, 0, 37.5]
						},
						"0.075": {
							"vector": [0, 0, 5]
						}
					}
				},
				"bone": {
					"rotation": {
						"0.0": {
							"vector": [0, 0, 0]
						},
						"0.025": {
							"vector": [0, 0, 12.5]
						},
						"0.1": {
							"vector": [0, 0, 0]
						}
					}
				}
			}
		}
	},
	"geckolib_format_version": 2
}