{
	"format_version": "1.8.0",
	"animations": {
		"animation.model.draw": {
			"animation_length": 1.2,
			"bones": {
				"main": {
					"rotation": {
						"0.0": {
							"vector": [18.3516, -10.6923, 15.19687]
						},
						"0.2": {
							"vector": [1.75167, -2.49883, -4.07639]
						},
						"0.35": {
							"vector": [0.58201, -1.04064, 2.6563]
						},
						"0.45": {
							"vector": [0.34258, 0.38164, 0.59987]
						},
						"0.55": {
							"vector": [0, 0, 0]
						}
					},
					"position": {
						"0.0": {
							"vector": [0, -17.3, 10]
						},
						"0.1": {
							"vector": [0, -7.41, -4.07]
						},
						"0.2": {
							"vector": [-0.4, -1.2, -7.75]
						},
						"0.3": {
							"vector": [0.4, 0, 1.6]
						},
						"0.5": {
							"vector": [0, 0, 0]
						}
					}
				},
				"leftarm": {
					"rotation": {
						"0.0": {
							"vector": [0, 0, 0]
						},
						"0.2": {
							"vector": [1, 0, -22]
						},
						"0.4": {
							"vector": [0, 0, 0]
						}
					},
					"position": {
						"0.0": {
							"vector": [0, 0, 0]
						},
						"0.2": {
							"vector": [3.53901, 3.6754, 5.59783]
						},
						"0.4": {
							"vector": [0, 0, 0]
						}
					}
				}
			}
		},
		"animation.model.reloadempty": {
			"animation_length": 2.83333,
			"bones": {
				"main": {
					"rotation": {
						"0.0": {
							"vector": [0, 0, 0]
						},
						"0.1": {
							"vector": [-0.64599, -4.4595, -26.64299]
						},
						"0.5667": {
							"vector": [-1.41477, -2.23388, -6.61715]
						},
						"0.6667": {
							"vector": [-7.06824, -1.41502, -11.98535]
						},
						"0.8": {
							"vector": [-2.30968, -1.72122, -14.46746]
						},
						"0.9": {
							"vector": [-1.78563, -2.26027, -29.46693]
						},
						"1.1667": {
							"vector": [-9.13962, -35.02048, -50.82709]
						},
						"1.2667": {
							"vector": [-17.90597, -32.33716, -42.6797]
						},
						"1.3333": {
							"vector": [-12.97658, -34.40544, -51.62706]
						},
						"1.4": {
							"vector": [-17.76255, -31.6232, -42.95049]
						},
						"1.5": {
							"vector": [-16.30743, -33.62419, -45.63766]
						},
						"1.6333": {
							"vector": [-16.77839, -32.81223, -42.49688]
						},
						"1.7": {
							"vector": [-15.46583, -34.55308, -46.25588]
						},
						"1.8": {
							"vector": [-20.84529, -33.04604, -37.98054]
						},
						"1.9333": {
							"vector": [-20.11105, -27.99846, -32.85194]
						},
						"2.0333": {
							"vector": [-11.5561, -7.72113, 9.20621]
						},
						"2.1333": {
							"vector": [-2.67576, 6.83035, 58.65219]
						},
						"2.2": {
							"vector": [-1.44946, 5.79831, 51.1786]
						},
						"2.2667": {
							"vector": [-4.44875, 6.75205, 61.11378]
						},
						"2.3333": {
							"vector": [2.01443, 3.10128, 61.35401]
						},
						"2.4333": {
							"vector": [1.40172, 3.76288, 55.82364]
						},
						"2.5333": {
							"vector": [1.32651, 1.73904, 57.02652]
						},
						"2.6667": {
							"vector": [0.95237, -1.17206, 34.56407]
						},
						"2.8333": {
							"vector": [0, 0, 0]
						}
					},
					"position": {
						"0.0": {
							"vector": [0, 0, 0]
						},
						"0.0667": {
							"vector": [0, -0.625, -3.275]
						},
						"0.5333": {
							"vector": [-0.225, 1.4, -4.98]
						},
						"0.6333": {
							"vector": [-1.695, -6.525, -6.355]
						},
						"0.7667": {
							"vector": [-1.99, -8.22, -6.35]
						},
						"0.9333": {
							"vector": [-2.17, -4.77, -6.85]
						},
						"1.0667": {
							"vector": [-6.94, -1.09, -8.35]
						},
						"1.2": {
							"vector": [-6.94, 0.235, -8.35]
						},
						"1.3333": {
							"vector": [-7.32, 1.665, -9.07]
						},
						"1.4": {
							"vector": [-5.82, -0.535, -9.545]
						},
						"1.5": {
							"vector": [-6.17, 0.145, -9.54]
						},
						"1.7": {
							"vector": [-5.74, -1.26, -9.54]
						},
						"1.7667": {
							"vector": [-5.865, -0.205, -9.54]
						},
						"1.9": {
							"vector": [-5.86, -3.25, -9.54]
						},
						"2.0333": {
							"vector": [1.44, -5.25, -9.54]
						},
						"2.1333": {
							"vector": [2.47, -5.25, -8.99]
						},
						"2.2": {
							"vector": [2.49, -5.25, -7.815]
						},
						"2.2667": {
							"vector": [2.49, -5.25, -5.71]
						},
						"2.3333": {
							"vector": [2.49, -5.25, -10.31]
						},
						"2.5": {
							"vector": [2.79, -5.5, -8.28]
						},
						"2.6": {
							"vector": [2.34, -5.945, -4.605]
						},
						"2.7": {
							"vector": [-0.525, -2.635, -1.775]
						},
						"2.8": {
							"vector": [0, 0, 0]
						}
					}
				},
				"slide": {
					"position": {
						"0.0": {
							"vector": [0, 0, 0]
						},
						"1.9": {
							"vector": [0, 0, 0]
						},
						"1.9333": {
							"vector": [0, 0, 0]
						},
						"2.2333": {
							"vector": [0, 0, 0]
						},
						"2.3": {
							"vector": [0, 0, 3]
						},
						"2.4": {
							"vector": [0, 0, 0]
						}
					}
				},
				"rightarm": {
					"rotation": {
						"0.0": {
							"vector": [0, 0, 0]
						},
						"0.2667": {
							"vector": [0, 0, 0]
						},
						"0.3": {
							"vector": [0.49921, 4.47925, -0.00759]
						},
						"0.4333": {
							"vector": [0, 0, 0]
						},
						"1.5667": {
							"vector": [0, 0, 0]
						},
						"1.7667": {
							"vector": [-16.75545, 25.26742, -0.7499]
						},
						"2.1667": {
							"vector": [-16.75545, 25.26742, -0.7499]
						},
						"2.3667": {
							"vector": [0, 0, 0]
						}
					},
					"position": {
						"0.0": {
							"vector": [0, 0, 0]
						},
						"0.2667": {
							"vector": [0, 0, 0]
						},
						"0.3": {
							"vector": [1.475, 0, 0]
						},
						"0.4333": {
							"vector": [0, 0, 0]
						},
						"1.5667": {
							"vector": [0, 0, 0]
						},
						"1.7667": {
							"vector": [10.50153, -4.53482, 1.47118]
						},
						"2.1667": {
							"vector": [10.50153, -4.53482, 1.47118]
						},
						"2.3667": {
							"vector": [0, 0, 0]
						}
					}
				},
				"leftarm": {
					"rotation": {
						"0.0": {
							"vector": [0, 0, 0]
						},
						"0.1": {
							"vector": [7.59447, -9.95564, -9.79066]
						},
						"0.2333": {
							"vector": [1.02513, -1.83652, -0.1502]
						},
						"0.3667": {
							"vector": [7.59447, -9.95564, -9.79066]
						},
						"0.6": {
							"vector": [7.9251, 4.69749, -30.14925]
						},
						"0.8667": {
							"vector": [7.9251, 4.69749, -30.14925]
						},
						"1.0333": {
							"vector": [22.21291, 18.62239, 28.74197]
						},
						"1.1": {
							"vector": [22.21291, 18.62239, 28.74197]
						},
						"1.1667": {
							"vector": [-5.07442, -2.10137, 37.34794]
						},
						"1.2667": {
							"vector": [-9.78905, -2.68616, 37.81886]
						},
						"1.3333": {
							"vector": [-16.15396, -4.98677, 35.52025]
						},
						"1.4": {
							"vector": [-16.71725, -1.30656, 38.52966]
						},
						"1.5": {
							"vector": [-16.71725, -1.30656, 38.52966]
						},
						"1.5667": {
							"vector": [19.69637, 22.45904, 20.68205]
						},
						"1.6667": {
							"vector": [19.69637, 22.45904, 20.68205]
						},
						"1.7333": {
							"vector": [12.40885, 16.00417, 22.87923]
						},
						"1.9": {
							"vector": [12.40885, 16.00417, 22.87923]
						},
						"2.1333": {
							"vector": [-2.20818, -14.55874, -89.71655]
						},
						"2.2": {
							"vector": [-3.11541, -14.48555, -85.46062]
						},
						"2.2667": {
							"vector": [-5.52295, -22.13425, -95.49618]
						},
						"2.3": {
							"vector": [-17.72676, -25.36166, -84.42634]
						},
						"2.4": {
							"vector": [-33.15956, -21.28369, -73.7765]
						},
						"2.6667": {
							"vector": [0, 0, 0]
						}
					},
					"position": {
						"0.0": {
							"vector": [0, 0, 0]
						},
						"0.2": {
							"vector": [-4, -1.7, 0]
						},
						"0.3667": {
							"vector": [-4, -1.7, 0]
						},
						"0.6": {
							"vector": [12.44153, -16.23524, 16.17273]
						},
						"0.8667": {
							"vector": [12.44153, -16.23524, 16.17273]
						},
						"1.0333": {
							"vector": [-14.19717, -22.98532, 8.20209]
						},
						"1.1": {
							"vector": [-14.19717, -22.98532, 8.20209]
						},
						"1.1667": {
							"vector": [-12.10768, -20.5219, 4.39033]
						},
						"1.2667": {
							"vector": [-12.93, -21.49, 4.94]
						},
						"1.3333": {
							"vector": [-12.93, -19.34, 1.84]
						},
						"1.4": {
							"vector": [-12.18, -9.09, -0.91]
						},
						"1.5": {
							"vector": [-12.18, -9.09, -0.91]
						},
						"1.5667": {
							"vector": [2.87066, -5.26648, 10.97143]
						},
						"1.6667": {
							"vector": [2.87066, -10.26648, 10.97143]
						},
						"1.7333": {
							"vector": [-1.22934, -4.34148, 4.29643]
						},
						"1.9": {
							"vector": [-1.22934, -4.34148, 4.29643]
						},
						"2.1333": {
							"vector": [10.23923, 29.4692, 1.56927]
						},
						"2.2": {
							"vector": [10.42864, 28.57483, 2.35822]
						},
						"2.2667": {
							"vector": [11.12026, 30.09428, 3.15807]
						},
						"2.3": {
							"vector": [15.86807, 28.40564, 3.80806]
						},
						"2.4": {
							"vector": [12.86076, 22.16764, 33.37958]
						},
						"2.5667": {
							"vector": [15.63659, 5.44384, 2.68052]
						},
						"2.6667": {
							"vector": [0, 0, 0]
						}
					}
				},
				"magazine": {
					"rotation": {
						"0.0": {
							"vector": [0, 0, 0]
						},
						"0.4": {
							"vector": [0, 0, 0]
						},
						"0.5": {
							"vector": [0, 0, 0]
						},
						"0.6": {
							"vector": [11.38192, 5.68502, 46.30972]
						},
						"1.0667": {
							"vector": [11.38192, 5.68502, 46.30972]
						},
						"1.1333": {
							"vector": [3.50163, 1.74673, 3.35687]
						},
						"1.2": {
							"vector": [2.46295, 1.80088, 2.10744]
						},
						"1.3": {
							"vector": [0, 0, 0]
						},
						"1.3667": {
							"vector": [0, 0, 0]
						},
						"1.4333": {
							"vector": [0, 0, 0]
						}
					},
					"position": {
						"0.0": {
							"vector": [0, 0, 0]
						},
						"0.4": {
							"vector": [0, 0, 0]
						},
						"0.5": {
							"vector": [0, -15, 4.5]
						},
						"0.6": {
							"vector": [1.89, -20.43, 4.5]
						},
						"1.0667": {
							"vector": [-16.4, -27.525, 4.5]
						},
						"1.1333": {
							"vector": [0, -15.125, 3.275]
						},
						"1.2": {
							"vector": [0, -16.025, 3.275]
						},
						"1.3": {
							"vector": [0, -15, 4.725]
						},
						"1.3667": {
							"vector": [0, -11.2, 3.75]
						},
						"1.4333": {
							"vector": [0, 0, 0]
						}
					}
				}
			},
			"sound_effects": {
				"0.3667": {
					"effect": "pistol_magout"
				},
				"1.3667": {
					"effect": "pistol_magin"
				},
				"2.1333": {
					"effect": "pistol_slide"
				}
			}
		},
		"animation.model.reload": {
			"animation_length": 2.2,
			"bones": {
				"main": {
					"rotation": {
						"0.0": {
							"vector": [0, 0, 0]
						},
						"0.1": {
							"vector": [-0.64599, -4.4595, -26.64299]
						},
						"0.5667": {
							"vector": [-1.41477, -2.23388, -6.61715]
						},
						"0.6667": {
							"vector": [-7.06824, -1.41502, -11.98535]
						},
						"0.8": {
							"vector": [-2.30968, -1.72122, -14.46746]
						},
						"0.9": {
							"vector": [-1.78563, -2.26027, -29.46693]
						},
						"1.1667": {
							"vector": [-9.13962, -35.02048, -50.82709]
						},
						"1.2667": {
							"vector": [-17.90597, -32.33716, -42.6797]
						},
						"1.3333": {
							"vector": [-12.97658, -34.40544, -51.62706]
						},
						"1.4": {
							"vector": [-17.76255, -31.6232, -42.95049]
						},
						"1.5": {
							"vector": [-16.30743, -33.62419, -45.63766]
						},
						"1.6333": {
							"vector": [-16.77839, -32.81223, -42.49688]
						},
						"1.7": {
							"vector": [-15.46583, -34.55308, -46.25588]
						},
						"1.8": {
							"vector": [-20.84529, -33.04604, -37.98054]
						},
						"1.9333": {
							"vector": [-20.11105, -27.99846, -32.85194]
						},
						"2.0333": {
							"vector": [-12.23767, -13.86757, -12.58035]
						},
						"2.1333": {
							"vector": [0, 0, 0]
						}
					},
					"position": {
						"0.0": {
							"vector": [0, 0, 0]
						},
						"0.0667": {
							"vector": [0, -0.625, -3.275]
						},
						"0.5333": {
							"vector": [-0.225, 1.4, -4.98]
						},
						"0.6333": {
							"vector": [-1.695, -6.525, -6.355]
						},
						"0.7667": {
							"vector": [-1.99, -8.22, -6.35]
						},
						"0.9333": {
							"vector": [-2.17, -4.77, -6.85]
						},
						"1.0667": {
							"vector": [-6.94, -1.09, -8.35]
						},
						"1.2": {
							"vector": [-6.94, 0.235, -8.35]
						},
						"1.3333": {
							"vector": [-7.32, 1.665, -9.07]
						},
						"1.4": {
							"vector": [-5.82, -0.535, -9.545]
						},
						"1.5": {
							"vector": [-6.17, 0.145, -9.54]
						},
						"1.7": {
							"vector": [-5.74, -1.26, -9.54]
						},
						"1.7667": {
							"vector": [-5.865, -0.205, -9.54]
						},
						"1.8667": {
							"vector": [-5.86, -3.25, -9.54]
						},
						"2.0": {
							"vector": [-2.93, -2.23, -0.045]
						},
						"2.1": {
							"vector": [0, 0, 0]
						}
					}
				},
				"leftarm": {
					"rotation": {
						"0.0": {
							"vector": [0, 0, 0]
						},
						"0.1": {
							"vector": [7.59447, -9.95564, -9.79066]
						},
						"0.2333": {
							"vector": [1.02513, -1.83652, -0.1502]
						},
						"0.3667": {
							"vector": [7.59447, -9.95564, -9.79066]
						},
						"0.6": {
							"vector": [7.9251, 4.69749, -30.14925]
						},
						"0.8667": {
							"vector": [7.9251, 4.69749, -30.14925]
						},
						"1.0333": {
							"vector": [22.21291, 18.62239, 28.74197]
						},
						"1.1": {
							"vector": [22.21291, 18.62239, 28.74197]
						},
						"1.1667": {
							"vector": [-5.07442, -2.10137, 37.34794]
						},
						"1.2667": {
							"vector": [-9.78905, -2.68616, 37.81886]
						},
						"1.3333": {
							"vector": [-16.15396, -4.98677, 35.52025]
						},
						"1.4": {
							"vector": [-16.71725, -1.30656, 38.52966]
						},
						"1.5": {
							"vector": [-16.71725, -1.30656, 38.52966]
						},
						"1.5667": {
							"vector": [19.69637, 22.45904, 20.68205]
						},
						"1.6667": {
							"vector": [19.69637, 22.45904, 20.68205]
						},
						"1.7333": {
							"vector": [12.40885, 16.00417, 22.87923]
						},
						"1.8667": {
							"vector": [12.40885, 16.00417, 22.87923]
						},
						"2.1": {
							"vector": [0, 0, 0]
						}
					},
					"position": {
						"0.0": {
							"vector": [0, 0, 0]
						},
						"0.2": {
							"vector": [-4, -1.7, 0]
						},
						"0.3667": {
							"vector": [-4, -1.7, 0]
						},
						"0.6": {
							"vector": [12.44153, -16.23524, 16.17273]
						},
						"0.8667": {
							"vector": [12.44153, -16.23524, 16.17273]
						},
						"1.0333": {
							"vector": [-14.19717, -22.98532, 8.20209]
						},
						"1.1": {
							"vector": [-14.19717, -22.98532, 8.20209]
						},
						"1.1667": {
							"vector": [-12.10768, -20.5219, 4.39033]
						},
						"1.2667": {
							"vector": [-12.93, -21.49, 4.94]
						},
						"1.3333": {
							"vector": [-12.93, -19.34, 1.84]
						},
						"1.4": {
							"vector": [-12.18, -9.09, -0.91]
						},
						"1.5": {
							"vector": [-12.18, -9.09, -0.91]
						},
						"1.5667": {
							"vector": [2.87066, -5.26648, 10.97143]
						},
						"1.6667": {
							"vector": [2.87066, -10.26648, 10.97143]
						},
						"1.7333": {
							"vector": [-1.22934, -4.34148, 4.29643]
						},
						"1.8667": {
							"vector": [-1.22934, -4.34148, 4.29643]
						},
						"2.1": {
							"vector": [0, 0, 0]
						}
					}
				},
				"magazine": {
					"rotation": {
						"0.0": {
							"vector": [0, 0, 0]
						},
						"0.4": {
							"vector": [0, 0, 0]
						},
						"0.5": {
							"vector": [0, 0, 0]
						},
						"0.6": {
							"vector": [11.38192, 5.68502, 46.30972]
						},
						"1.0667": {
							"vector": [11.38192, 5.68502, 46.30972]
						},
						"1.1333": {
							"vector": [3.50163, 1.74673, 3.35687]
						},
						"1.2": {
							"vector": [2.46295, 1.80088, 2.10744]
						},
						"1.3": {
							"vector": [0, 0, 0]
						},
						"1.3667": {
							"vector": [0, 0, 0]
						},
						"1.4333": {
							"vector": [0, 0, 0]
						}
					},
					"position": {
						"0.0": {
							"vector": [0, 0, 0]
						},
						"0.4": {
							"vector": [0, 0, 0]
						},
						"0.5": {
							"vector": [0, -15, 4.5]
						},
						"0.6": {
							"vector": [1.89, -20.43, 4.5]
						},
						"1.0667": {
							"vector": [-16.4, -27.525, 4.5]
						},
						"1.1333": {
							"vector": [0, -15.125, 3.275]
						},
						"1.2": {
							"vector": [0, -16.025, 3.275]
						},
						"1.3": {
							"vector": [0, -15, 4.725]
						},
						"1.3667": {
							"vector": [0, -11.2, 3.75]
						},
						"1.4333": {
							"vector": [0, 0, 0]
						}
					}
				},
				"rightarm": {
					"rotation": {
						"0.0": {
							"vector": [0, 0, 0]
						},
						"0.2667": {
							"vector": [0, 0, 0]
						},
						"0.3": {
							"vector": [0.49921, 4.47925, -0.00759]
						},
						"0.4333": {
							"vector": [0, 0, 0]
						}
					},
					"position": {
						"0.0": {
							"vector": [0, 0, 0]
						},
						"0.2667": {
							"vector": [0, 0, 0]
						},
						"0.3": {
							"vector": [1.475, 0, 0]
						},
						"0.4333": {
							"vector": [0, 0, 0]
						}
					}
				}
			},
			"sound_effects": {
				"0.3667": {
					"effect": "pistol_magout"
				},
				"1.3667": {
					"effect": "pistol_magin"
				}
			}
		},
		"animation.model.fire": {
			"animation_length": 0.1,
			"bones": {
				"main": {
					"rotation": {
						"0.0": {
							"vector": [0, 0, 2.5]
						},
						"0.05": {
							"vector": [-8.23643, -0.69169, -0.6604]
						}
					},
					"position": {
						"0.0": {
							"vector": [0, 0, 0]
						},
						"0.05": {
							"vector": [0, 0, 2.225]
						}
					}
				},
				"slide": {
					"position": {
						"0.0": {
							"vector": [0, 0, 0]
						},
						"0.05": {
							"vector": [0, 0, 3]
						}
					}
				},
				"hammer": {
					"rotation": {
						"0.0": {
							"vector": [0, 0, 0]
						},
						"0.05": {
							"vector": [57.5, 0, 0]
						}
					},
					"position": {
						"vector": [0, 0, 0]
					}
				},
				"gun": {
					"rotation": {
						"vector": [0, 0, 0]
					}
				},
				"bone": {
					"rotation": {
						"0.0": {
							"vector": [0, 0, 0]
						},
						"0.05": {
							"vector": [-37.5, 0, 0]
						},
						"0.1": {
							"vector": [0, 0, 0]
						}
					}
				}
			}
		},
		"animation.model.inspect": {
			"loop": true,
			"animation_length": 4.05,
			"bones": {
				"main": {
					"rotation": {
						"0.0": {
							"vector": [0, 0, 0]
						},
						"0.25": {
							"vector": [-27.12014, -34.56277, -13.69194]
						},
						"0.4": {
							"vector": [-17.12014, -34.56277, -13.69194]
						},
						"0.65": {
							"vector": [-19.8035, -38.9111, -13.80782]
						},
						"0.95": {
							"vector": [-22.70836, -38.14027, -9.35624]
						},
						"1.35": {
							"vector": [-37.05886, 54.65115, 33.415]
						},
						"1.65": {
							"vector": [-28.63025, 51.66287, 31.6881]
						},
						"1.85": {
							"vector": [-13.41578, 55.07317, 47.49017]
						},
						"2.1": {
							"vector": [-8.2622, 54.21908, 47.77271]
						},
						"2.45": {
							"vector": [-51.05548, 19.4531, 11.67024]
						},
						"2.6": {
							"vector": [-59.07427, 21.89798, 13.18815]
						},
						"2.7": {
							"vector": [-79.51205, 19.4531, 11.67024]
						},
						"2.9": {
							"vector": [-66.13038, 32.81854, 19.28594]
						},
						"3.15": {
							"vector": [-57.20968, 32.81854, 19.28594]
						},
						"3.3": {
							"vector": [-56.59919, 34.0624, 18.60687]
						},
						"3.4": {
							"vector": [-39.34351, 30.55426, 22.8239]
						},
						"3.45": {
							"vector": [-41.59919, 34.0624, 18.60687]
						},
						"3.6": {
							"vector": [-40.63305, 28.65276, 20.25178]
						},
						"3.95": {
							"vector": [0, 0, 0]
						}
					},
					"position": {
						"0.0": {
							"vector": [0, 0, 0]
						},
						"0.15": {
							"vector": [0, 0, 5]
						},
						"0.35": {
							"vector": [0, -0.9, 4]
						},
						"1.05": {
							"vector": [0, -0.9, 4]
						},
						"1.25": {
							"vector": [9, -0.9, 4]
						},
						"1.5": {
							"vector": [8.6, -1.8, 4]
						},
						"2.1": {
							"vector": [8.6, -2.4, 4]
						},
						"2.2": {
							"vector": [8.6, -2.4, 4]
						},
						"2.35": {
							"vector": [6.6, -4.4, 4]
						},
						"2.6": {
							"vector": [6.6, -5.7, 5]
						},
						"2.7": {
							"vector": [6.6, -7.3, 5.8]
						},
						"2.9": {
							"vector": [6.6, -6, 4.2]
						},
						"3.25": {
							"vector": [6.3, -6, 2.7]
						},
						"3.4": {
							"vector": [6.3, -4.9, 2.5]
						},
						"3.55": {
							"vector": [6.3, -2.5, -2.4]
						},
						"3.95": {
							"vector": [0, 0, 0]
						}
					}
				},
				"rightarm": {
					"rotation": {
						"2.4": {
							"vector": [0, 0, 0]
						},
						"2.6": {
							"vector": [17.5, 0, 0]
						},
						"3.3": {
							"vector": [17.5, 0, 0]
						},
						"3.4": {
							"vector": [0, 0, 0]
						}
					},
					"position": {
						"2.4": {
							"vector": [0, 0, 0]
						},
						"2.6": {
							"vector": [0, 7, 2]
						},
						"3.3": {
							"vector": [0, 7, 2]
						},
						"3.4": {
							"vector": [0, 0, 0]
						}
					}
				},
				"leftarm": {
					"rotation": {
						"0.0": {
							"vector": [0, 0, 0]
						},
						"0.3": {
							"vector": [52.54278, 32.49951, 0.18506]
						},
						"2.0": {
							"vector": [52.54, 32.5, 0.19]
						},
						"2.35": {
							"vector": [49.71888, 25.03052, -0.55875]
						},
						"2.45": {
							"vector": [49.71888, 25.03052, -0.55875]
						},
						"3.45": {
							"vector": [49.71888, 25.03052, -0.55875]
						},
						"3.55": {
							"vector": [49.71888, 25.03052, -0.55875]
						},
						"3.7": {
							"vector": [37.14399, 20.79647, 1.54171]
						},
						"3.95": {
							"vector": [0, 0, 0]
						}
					},
					"position": {
						"0.0": {
							"vector": [0, 0, 0]
						},
						"0.3": {
							"vector": [11, -16, 0]
						},
						"1.1": {
							"vector": [10, 3, 28]
						},
						"2.0": {
							"vector": [10, 3, 28]
						},
						"2.35": {
							"vector": [-3, 32, 8]
						},
						"2.45": {
							"vector": [-3, 32, 8]
						},
						"2.65": {
							"vector": [-3, 32, 13]
						},
						"3.3": {
							"vector": [-3, 32, 13]
						},
						"3.45": {
							"vector": [-3, 31, 20]
						},
						"3.55": {
							"vector": [-3, 31, 20]
						},
						"3.7": {
							"vector": [2.5, 19.5, 8]
						},
						"3.95": {
							"vector": [0, 0, 0]
						}
					}
				},
				"slide": {
					"position": {
						"2.45": {
							"vector": [0, 0, 0]
						},
						"2.65": {
							"vector": [0, 0, 3]
						},
						"3.3": {
							"vector": [0, 0, 3]
						},
						"3.35": {
							"vector": [0, 0, 0]
						}
					}
				}
			},
			"sound_effects": {
				"0.0": {
					"effect": "inspect_turn"
				},
				"0.2": {
					"effect": "inspect_foley"
				},
				"1.15": {
					"effect": "inspect_turn"
				},
				"1.9": {
					"effect": "inspect_foley"
				},
				"2.45": {
					"effect": "pistol_slide"
				},
				"3.45": {
					"effect": "pistol_slide"
				}
			}
		}
	},
	"geckolib_format_version": 2
}