{
	"format_version": "1.8.0",
	"animations": {
		"animation.model.draw": {
			"loop": true,
			"animation_length": 0.7,
			"bones": {
				"main": {
					"rotation": {
						"0.0": {
							"vector": [35, -57.5, 0]
						},
						"0.15": {
							"vector": [15.88581, -38.54469, 1.45084]
						},
						"0.25": {
							"vector": [5.68591, -21.79426, -6.91574]
						},
						"0.35": {
							"vector": [-9.20121, -1.98796, -10.20041]
						},
						"0.45": {
							"vector": [-7.95217, 1.94291, -4.92621]
						},
						"0.55": {
							"vector": [-3.264, 1.78446, -2.02121]
						},
						"0.65": {
							"vector": [0, 0, 0]
						}
					},
					"position": {
						"0.0": {
							"vector": [0, -15, 0]
						},
						"0.25": {
							"vector": [0, 0, 0]
						},
						"0.5": {
							"vector": [1, 0, 0]
						},
						"0.65": {
							"vector": [0, 0, 0]
						}
					}
				},
				"leftarm": {
					"rotation": {
						"vector": [0, 0, 0]
					},
					"position": {
						"vector": [0, 0, 0]
					}
				}
			}
		},
		"animation.model.inspect": {
			"loop": true,
			"animation_length": 4.26667,
			"bones": {
				"main": {
					"rotation": {
						"0.0": {
							"vector": [0, 0, 0]
						},
						"0.1667": {
							"vector": [-8.41746, -13.59608, -21.21259],
							"easing": "linear"
						},
						"0.3": {
							"vector": [-8.39812, -20.10111, -31.77688]
						},
						"0.4333": {
							"vector": [-9.55676, -20.88889, -28.55629]
						},
						"0.5333": {
							"vector": [-8.77652, -21.21647, -30.72851]
						},
						"0.7667": {
							"vector": [-9.4227, -20.94881, -28.93303]
						},
						"1.0": {
							"vector": [-3.1216, -20.98207, -46.44405]
						},
						"1.1333": {
							"vector": [-4.564, -20.73064, -42.44007]
						},
						"1.2333": {
							"vector": [-4.86325, -20.9153, -41.60203]
						},
						"1.3333": {
							"vector": [-4.58308, -20.97575, -42.38574]
						},
						"1.4667": {
							"vector": [-4.01131, -21.08802, -43.97908]
						},
						"1.6": {
							"vector": [-4.38767, -21.01662, -42.9316]
						},
						"1.7": {
							"vector": [-4.18847, -21.05622, -43.48691],
							"easing": "linear"
						},
						"2.0333": {
							"vector": [-16.91438, 5.38499, 54.40399],
							"easing": "linear"
						},
						"2.1667": {
							"vector": [-15.22513, 5.80082, 60.04554]
						},
						"2.3": {
							"vector": [-15.70981, 5.86025, 59.48558]
						},
						"2.4333": {
							"vector": [-15.93602, 7.03904, 62.69373]
						},
						"2.5667": {
							"vector": [-15.60896, 7.75082, 65.23442]
						},
						"2.7333": {
							"vector": [-15.71675, 7.52491, 64.42194]
						},
						"2.9": {
							"vector": [-15.56389, 7.84019, 65.55973]
						},
						"3.1": {
							"vector": [-15.61778, 7.73186, 65.16659]
						},
						"3.2667": {
							"vector": [-15.9801, 6.93689, 62.33342]
						},
						"3.4": {
							"vector": [-8.86998, 2.42135, 33.56191]
						},
						"3.5333": {
							"vector": [0, -1.75, -2.75]
						},
						"3.7": {
							"vector": [0, 0, 0]
						}
					},
					"position": {
						"0.0": {
							"vector": [0, 0, 0]
						},
						"0.3": {
							"vector": [-0.475, 1.475, -8.7]
						},
						"0.4": {
							"vector": [-0.195, 1, -7.7]
						},
						"0.5333": {
							"vector": [-0.03, 0.725, -7.7]
						},
						"0.7": {
							"vector": [0, 1.125, -7.7]
						},
						"0.9": {
							"vector": [0.125, 1.4, -8.275]
						},
						"1.2": {
							"vector": [-0.02, 1.475, -8]
						},
						"1.4": {
							"vector": [0.11, 1.425, -8.175]
						},
						"1.6667": {
							"vector": [0.275, 1.25, -7.975]
						},
						"1.8": {
							"vector": [-0.13, -1.19, -8.65]
						},
						"1.9667": {
							"vector": [-0.545, -1.325, -11.15]
						},
						"2.1333": {
							"vector": [-0.415, -1.395, -10.545]
						},
						"2.2667": {
							"vector": [-0.525, -1.455, -9.17]
						},
						"2.4": {
							"vector": [-0.49, -1.43, -9.85]
						},
						"2.5667": {
							"vector": [-0.455, -1.5, -9.24]
						},
						"2.7667": {
							"vector": [-0.53, -1.5, -9.27]
						},
						"3.0": {
							"vector": [-0.49, -1.41, -9.3]
						},
						"3.2333": {
							"vector": [-0.545, -1.325, -9.325]
						},
						"3.3667": {
							"vector": [-1.005, -0.61, -7.41]
						},
						"3.6333": {
							"vector": [0, 0, 0]
						}
					}
				},
				"leftarm": {
					"rotation": {
						"0.0": {
							"vector": [0, 0, 0]
						},
						"0.1667": {
							"vector": [0, 0, -2.5]
						},
						"1.7333": {
							"vector": [0, 0, -2.5]
						},
						"2.0333": {
							"vector": [-20, 0, -45]
						},
						"3.3": {
							"vector": [-20, 0, -45]
						},
						"3.5667": {
							"vector": [0, 0, 0]
						}
					},
					"position": {
						"0.0": {
							"vector": [0, 0, 0]
						},
						"0.1667": {
							"vector": [11.23986, -30.20851, 24.64864]
						},
						"1.7333": {
							"vector": [11.23986, -30.20851, 24.64864]
						},
						"2.0333": {
							"vector": [7.35, 6.25, 2.33]
						},
						"3.3": {
							"vector": [7.35, 6.25, 2.33]
						},
						"3.5667": {
							"vector": [0, 0, 0]
						}
					}
				}
			},
			"sound_effects": {
				"0.0": {
					"effect": "inspect_up"
				},
				"0.8": {
					"effect": "inspect_foley"
				},
				"1.3667": {
					"effect": "inspect_turn"
				},
				"3.2667": {
					"effect": "inspect_down"
				}
			}
		},
		"animation.model.fire": {
			"animation_length": 0.2,
			"bones": {
				"main": {
					"rotation": {
						"0.0": {
							"vector": [0, 0, 0]
						},
						"0.05": {
							"vector": [-4.97631, 0.43502, 7.48585]
						},
						"0.15": {
							"vector": [0, 0, 0]
						}
					},
					"position": {
						"0.0": {
							"vector": [0, 0, 0]
						},
						"0.05": {
							"vector": [0, 0, 5]
						},
						"0.15": {
							"vector": [0, 0, 0]
						}
					}
				},
				"bone3": {
					"rotation": {
						"0.0": {
							"vector": [0, 0, 0]
						},
						"0.05": {
							"vector": [34.21952, -22.99209, -63.35808]
						},
						"0.15": {
							"vector": [0, 0, 0]
						}
					},
					"position": {
						"0.0": {
							"vector": [0, 0, 0]
						},
						"0.05": {
							"vector": [-0.2, 0.5, 0.3]
						},
						"0.15": {
							"vector": [0, 0, 0]
						}
					}
				}
			}
		},
		"animation.model.prepare": {
			"animation_length": 0.4,
			"bones": {
				"main": {
					"rotation": {
						"0.0": {
							"vector": [0, 0, 0]
						},
						"0.15": {
							"vector": [6.88003, 16.1299, 23.47603]
						},
						"0.25": {
							"vector": [9.03865, 20.10045, 23.98586]
						},
						"0.35": {
							"vector": [9.19337, 22.56889, 24.41105]
						}
					},
					"position": {
						"0.0": {
							"vector": [0, 0, 0]
						},
						"0.1": {
							"vector": [2.67, 0.6, 0]
						},
						"0.2": {
							"vector": [4, 0, 0]
						},
						"0.3": {
							"vector": [3.7, 0, 0]
						}
					}
				},
				"bullet": {
					"position": {
						"vector": [-11, -18, 33]
					}
				}
			},
			"sound_effects": {
				"0.0": {
					"effect": "foley_start"
				}
			}
		},
		"animation.model.finish": {
			"animation_length": 0.4,
			"bones": {
				"main": {
					"rotation": {
						"0.0": {
							"vector": [9.19337, 22.56889, 24.41105]
						},
						"0.05": {
							"vector": [9.03865, 20.10045, 23.98586]
						},
						"0.15": {
							"vector": [6.88003, 16.1299, 23.47603]
						},
						"0.3": {
							"vector": [0, 0, 0]
						}
					},
					"position": {
						"0.0": {
							"vector": [3.7, 0, 0]
						},
						"0.15": {
							"vector": [4, 0, 0]
						},
						"0.25": {
							"vector": [2.67, 0.6, 0]
						},
						"0.35": {
							"vector": [0, 0, 0]
						}
					}
				},
				"bullet": {
					"position": {
						"vector": [-11, -18, 33]
					}
				}
			},
			"sound_effects": {
				"0.0": {
					"effect": "foley_start"
				}
			}
		},
		"animation.model.preparealt": {
			"animation_length": 0.4,
			"bones": {
				"main": {
					"rotation": {
						"0.0": {
							"vector": [0, 0, 0]
						},
						"0.15": {
							"vector": [6.88003, 16.1299, 23.47603]
						},
						"0.25": {
							"vector": [9.03865, 20.10045, 23.98586]
						},
						"0.35": {
							"vector": [9.19337, 22.56889, 24.41105]
						}
					},
					"position": {
						"0.0": {
							"vector": [0, 0, 0]
						},
						"0.1": {
							"vector": [2.67, 0.6, 0]
						},
						"0.2": {
							"vector": [4, 0, 0]
						},
						"0.3": {
							"vector": [3.7, 0, 0]
						}
					}
				},
				"bullet": {
					"position": {
						"vector": [-11, -18, 33]
					}
				},
				"rightarm": {
					"rotation": {
						"vector": [0, 0, 0]
					},
					"position": {
						"vector": [0, 0, 0]
					}
				}
			},
			"sound_effects": {
				"0.0": {
					"effect": "foley_start"
				}
			}
		},
		"animation.model.chamberload": {
			"animation_length": 1.55,
			"bones": {
				"main": {
					"rotation": {
						"0.0": {
							"vector": [9.19337, 22.56889, 24.41105]
						},
						"0.1": {
							"vector": [10.66166, 23.05361, 21.75035]
						},
						"0.2": {
							"vector": [9.93157, 22.4688, 22.47534]
						},
						"0.3": {
							"vector": [8.23769, 24.06195, 24.0513]
						},
						"0.45": {
							"vector": [1.23769, 24.06195, 24.0513]
						},
						"0.6": {
							"vector": [3.97892, 24.06195, 24.0513]
						},
						"0.75": {
							"vector": [6.10371, 31.77527, 28.04421]
						},
						"0.85": {
							"vector": [5.12428, 38.98977, 25.66071]
						},
						"0.95": {
							"vector": [3.12428, 38.98977, 25.66071]
						},
						"1.05": {
							"vector": [8.23252, 38.64044, 30.7271]
						},
						"1.1": {
							"vector": [5.53684, 35.02764, 26.40881]
						},
						"1.25": {
							"vector": [9.19337, 22.56889, 24.41105]
						}
					},
					"position": {
						"0.0": {
							"vector": [3.7, 0, 0]
						},
						"0.05": {
							"vector": [3.7, -0.5, 0]
						},
						"0.15": {
							"vector": [4, 0, 0]
						},
						"0.3": {
							"vector": [3.8, 0.1, 0]
						},
						"0.35": {
							"vector": [3.8, 0.6, -0.4]
						},
						"0.55": {
							"vector": [3.2, 1.2, -1.3]
						},
						"0.7": {
							"vector": [3.8, 0.6, -0.4]
						},
						"0.85": {
							"vector": [4.2, 0.3, -0.4]
						},
						"0.95": {
							"vector": [3.8, 0.3, -0.4]
						},
						"1.25": {
							"vector": [3.7, 0, 0]
						}
					}
				},
				"rightarm": {
					"rotation": {
						"0.0": {
							"vector": [0, 0, 0]
						},
						"0.15": {
							"vector": [15.3901, 40.64028, -27.15032]
						},
						"0.3": {
							"vector": [15.3901, 40.64028, -27.15032]
						},
						"0.4": {
							"vector": [1.35289, -9.7464, -56.49633]
						},
						"0.5": {
							"vector": [1.61651, -5.81113, -57.26009]
						},
						"0.6": {
							"vector": [15.12, -8.31, -84.76]
						},
						"0.75": {
							"vector": [0.86388, 8.85509, -88.2601]
						},
						"0.85": {
							"vector": [17.16252, -2.66347, -61.87003]
						},
						"0.95": {
							"vector": [17.16252, -2.66347, -61.87003]
						},
						"1.0": {
							"vector": [10.8427, -3.53642, -38.52642]
						},
						"1.1": {
							"vector": [10.13028, -3.47862, -35.92755]
						},
						"1.15": {
							"vector": [6.65921, 7.83675, -24.03878]
						},
						"1.2": {
							"vector": [2.36063, 12.4752, -9.67091]
						},
						"1.25": {
							"vector": [0, 0, 0]
						}
					},
					"position": {
						"0.0": {
							"vector": [0, 0, 0]
						},
						"0.1": {
							"vector": [0, 0, 3]
						},
						"0.3": {
							"vector": [0, 0, 3]
						},
						"0.35": {
							"vector": [0.56, 1.51, -0.33]
						},
						"0.5": {
							"vector": [1, 2, -3]
						},
						"0.55": {
							"vector": [1, 2, -5.4]
						},
						"0.6": {
							"vector": [1, 2, -5.4]
						},
						"0.75": {
							"vector": [1.3, 0.6, -13.7]
						},
						"0.8": {
							"vector": [-0.6, 0, -18.22]
						},
						"0.85": {
							"vector": [-3.4, 0, -22.3]
						},
						"0.95": {
							"vector": [-3.4, 0, -22.3]
						},
						"1.1": {
							"vector": [-3.4, -1.1, -22.3]
						},
						"1.15": {
							"vector": [-4.04, -0.66, -13.38]
						},
						"1.25": {
							"vector": [0, 0, 0]
						}
					}
				},
				"bullet": {
					"rotation": {
						"0.3": {
							"vector": [0, 0, 0]
						},
						"0.35": {
							"vector": [-21.24899, -18.31046, -11.25503]
						},
						"0.4": {
							"vector": [0, 0, 0]
						},
						"0.95": {
							"vector": [0, 0, 0]
						},
						"1.05": {
							"vector": [0, 0, 10]
						}
					},
					"position": {
						"0.0": {
							"vector": [-11, -18, 33]
						},
						"0.3": {
							"vector": [-11, -18, 33]
						},
						"0.35": {
							"vector": [-6.07, -13.8, 7.93]
						},
						"0.4": {
							"vector": [-0.2, 0.25, 8.68]
						},
						"0.5": {
							"vector": [0, 0, 5]
						},
						"0.55": {
							"vector": [0, 0, 0]
						},
						"0.95": {
							"vector": [0, 0, 0]
						},
						"1.05": {
							"vector": [2.2, 0, 0]
						}
					}
				}
			},
			"sound_effects": {
				"0.0": {
					"effect": "foley_start"
				},
				"0.5": {
					"effect": "shell"
				},
				"1.0": {
					"effect": "m4_press"
				}
			}
		},
		"animation.model.iterativeload": {
			"animation_length": 1.55,
			"bones": {
				"main": {
					"rotation": {
						"0.0": {
							"vector": [9.19337, 22.56889, 24.41105]
						},
						"0.1": {
							"vector": [10.66166, 23.05361, 21.75035]
						},
						"0.2": {
							"vector": [9.93157, 22.4688, 22.47534]
						},
						"0.3": {
							"vector": [8.23769, 24.06195, 24.0513]
						},
						"0.45": {
							"vector": [1.23769, 24.06195, 24.0513]
						},
						"0.6": {
							"vector": [3.97892, 24.06195, 24.0513]
						},
						"0.65": {
							"vector": [3.7635, 26.56136, 24.11166]
						},
						"0.75": {
							"vector": [6.10371, 31.77527, 28.04421]
						},
						"0.85": {
							"vector": [5.12428, 38.98977, 25.66071]
						},
						"1.0": {
							"vector": [3.12428, 38.98977, 25.66071]
						},
						"1.05": {
							"vector": [8.23252, 38.64044, 30.7271]
						},
						"1.15": {
							"vector": [5.53684, 35.02764, 26.40881]
						},
						"1.3": {
							"vector": [9.19337, 22.56889, 24.41105]
						}
					},
					"position": {
						"0.0": {
							"vector": [3.7, 0, 0]
						},
						"0.05": {
							"vector": [3.7, -0.5, 0]
						},
						"0.2": {
							"vector": [4, 0, 0]
						},
						"0.3": {
							"vector": [3.8, 0.1, 0]
						},
						"0.4": {
							"vector": [3.8, 0.6, -0.4]
						},
						"0.55": {
							"vector": [3.2, 1.2, -1.3]
						},
						"0.7": {
							"vector": [3.8, 0.6, -0.4]
						},
						"0.8": {
							"vector": [4.2, 0.3, -0.4]
						},
						"0.95": {
							"vector": [3.8, 0.3, -0.4]
						},
						"1.3": {
							"vector": [3.7, 0, 0]
						}
					}
				},
				"rightarm": {
					"rotation": {
						"0.0": {
							"vector": [0, 0, 0]
						},
						"0.15": {
							"vector": [15.3901, 40.64028, -27.15032]
						},
						"0.3": {
							"vector": [15.3901, 40.64028, -27.15032]
						},
						"0.45": {
							"vector": [1.35289, -9.7464, -56.49633]
						},
						"0.5": {
							"vector": [1.61651, -5.81113, -57.26009]
						},
						"0.6": {
							"vector": [15.12, -8.31, -84.76]
						},
						"0.65": {
							"vector": [15.12, -8.31, -84.76]
						},
						"0.75": {
							"vector": [0.86388, 8.85509, -88.2601]
						},
						"0.9": {
							"vector": [17.16252, -2.66347, -61.87003]
						},
						"0.95": {
							"vector": [17.16252, -2.66347, -61.87003]
						},
						"1.0": {
							"vector": [10.8427, -3.53642, -38.52642]
						},
						"1.1": {
							"vector": [10.13028, -3.47862, -35.92755]
						},
						"1.15": {
							"vector": [6.65921, 7.83675, -24.03878]
						},
						"1.2": {
							"vector": [2.36063, 12.4752, -9.67091]
						},
						"1.25": {
							"vector": [0, 0, 0]
						}
					},
					"position": {
						"0.0": {
							"vector": [0, 0, 0]
						},
						"0.1": {
							"vector": [0, 0, 3]
						},
						"0.3": {
							"vector": [0, 0, 3]
						},
						"0.4": {
							"vector": [0.56, 1.51, -0.33]
						},
						"0.5": {
							"vector": [1, 2, -3]
						},
						"0.55": {
							"vector": [1, 2, -5.4]
						},
						"0.6": {
							"vector": [1, 2, -5.4]
						},
						"0.65": {
							"vector": [1, 2, -5.4]
						},
						"0.75": {
							"vector": [1.3, 0.6, -13.7]
						},
						"0.8": {
							"vector": [-0.6, 0, -18.22]
						},
						"0.85": {
							"vector": [-3.4, 0, -22.3]
						},
						"0.95": {
							"vector": [-3.4, 0, -22.3]
						},
						"1.0": {
							"vector": [-3.4, -1.1, -22.3]
						},
						"1.1": {
							"vector": [-3.4, -1.1, -22.3]
						},
						"1.15": {
							"vector": [-4.04, -0.66, -13.38]
						},
						"1.25": {
							"vector": [0, 0, 0]
						}
					}
				},
				"bullet": {
					"rotation": {
						"0.3": {
							"vector": [0, 0, 0]
						},
						"0.35": {
							"vector": [-21.24899, -18.31046, -11.25503]
						},
						"0.45": {
							"vector": [0, 0, 0]
						},
						"1.0": {
							"vector": [0, 0, 0]
						},
						"1.05": {
							"vector": [0, 0, 10]
						}
					},
					"position": {
						"0.0": {
							"vector": [-11, -18, 33]
						},
						"0.3": {
							"vector": [-11, -18, 33]
						},
						"0.35": {
							"vector": [-6.07, -13.8, 7.93]
						},
						"0.4": {
							"vector": [-1.65, -2.63, 8.57]
						},
						"0.45": {
							"vector": [-0.2, 0.25, 8.68]
						},
						"0.5": {
							"vector": [0, 0, 5]
						},
						"0.55": {
							"vector": [0, 0, 0]
						},
						"1.0": {
							"vector": [0, 0, 0]
						},
						"1.05": {
							"vector": [2.2, 0, 0]
						}
					}
				}
			},
			"sound_effects": {
				"0.0": {
					"effect": "foley_start"
				},
				"0.5": {
					"effect": "shell"
				},
				"1.0": {
					"effect": "m4_press"
				}
			}
		}
	},
	"geckolib_format_version": 2
}