{
	"format_version": "1.8.0",
	"animations": {
		"animation.model.inspect": {
			"loop": true,
			"animation_length": 4.26667,
			"bones": {
				"main": {
					"rotation": {
						"0.0": {
							"vector": [0, 0, 0]
						},
						"0.1667": {
							"vector": [-8.41746, -13.59608, -21.21259],
							"easing": "linear"
						},
						"0.3": {
							"vector": [-8.39812, -20.10111, -31.77688]
						},
						"0.4333": {
							"vector": [-9.55676, -20.88889, -28.55629]
						},
						"0.5333": {
							"vector": [-8.77652, -21.21647, -30.72851]
						},
						"0.7667": {
							"vector": [-9.4227, -20.94881, -28.93303]
						},
						"1.0": {
							"vector": [-3.1216, -20.98207, -46.44405]
						},
						"1.1333": {
							"vector": [-4.564, -20.73064, -42.44007]
						},
						"1.2333": {
							"vector": [-4.86325, -20.9153, -41.60203]
						},
						"1.3333": {
							"vector": [-4.58308, -20.97575, -42.38574]
						},
						"1.4667": {
							"vector": [-4.01131, -21.08802, -43.97908]
						},
						"1.6": {
							"vector": [-4.38767, -21.01662, -42.9316]
						},
						"1.7": {
							"vector": [-4.18847, -21.05622, -43.48691],
							"easing": "linear"
						},
						"2.0333": {
							"vector": [-16.91438, 5.38499, 54.40399],
							"easing": "linear"
						},
						"2.1667": {
							"vector": [-15.22513, 5.80082, 60.04554]
						},
						"2.3": {
							"vector": [-15.70981, 5.86025, 59.48558]
						},
						"2.4333": {
							"vector": [-15.93602, 7.03904, 62.69373]
						},
						"2.5667": {
							"vector": [-15.60896, 7.75082, 65.23442]
						},
						"2.7333": {
							"vector": [-15.71675, 7.52491, 64.42194]
						},
						"2.9": {
							"vector": [-15.56389, 7.84019, 65.55973]
						},
						"3.1": {
							"vector": [-15.61778, 7.73186, 65.16659]
						},
						"3.2667": {
							"vector": [-15.9801, 6.93689, 62.33342]
						},
						"3.4": {
							"vector": [-8.86998, 2.42135, 33.56191]
						},
						"3.5333": {
							"vector": [0, -1.75, -2.75]
						},
						"3.7": {
							"vector": [0, 0, 0]
						}
					},
					"position": {
						"0.0": {
							"vector": [0, 0, 0]
						},
						"0.3": {
							"vector": [-0.475, 1.475, -8.7]
						},
						"0.4": {
							"vector": [-0.195, 1, -7.7]
						},
						"0.5333": {
							"vector": [-0.03, 0.725, -7.7]
						},
						"0.7": {
							"vector": [0, 1.125, -7.7]
						},
						"0.9": {
							"vector": [0.125, 1.4, -8.275]
						},
						"1.2": {
							"vector": [-0.02, 1.475, -8]
						},
						"1.4": {
							"vector": [0.11, 1.425, -8.175]
						},
						"1.6667": {
							"vector": [0.275, 1.25, -7.975]
						},
						"1.8": {
							"vector": [-0.13, -1.19, -8.65]
						},
						"1.9667": {
							"vector": [-0.545, -1.325, -11.15]
						},
						"2.1333": {
							"vector": [-0.415, -1.395, -10.545]
						},
						"2.2667": {
							"vector": [-0.525, -1.455, -9.17]
						},
						"2.4": {
							"vector": [-0.49, -1.43, -9.85]
						},
						"2.5667": {
							"vector": [-0.455, -1.5, -9.24]
						},
						"2.7667": {
							"vector": [-0.53, -1.5, -9.27]
						},
						"3.0": {
							"vector": [-0.49, -1.41, -9.3]
						},
						"3.2333": {
							"vector": [-0.545, -1.325, -9.325]
						},
						"3.3667": {
							"vector": [-1.005, -0.61, -7.41]
						},
						"3.6333": {
							"vector": [0, 0, 0]
						}
					}
				},
				"leftarm": {
					"rotation": {
						"0.0": {
							"vector": [0, 0, 0]
						},
						"0.1667": {
							"vector": [0, 0, -2.5]
						},
						"1.7333": {
							"vector": [0, 0, -2.5]
						},
						"2.0333": {
							"vector": [-20, 0, -45]
						},
						"3.3": {
							"vector": [-20, 0, -45]
						},
						"3.5667": {
							"vector": [0, 0, 0]
						}
					},
					"position": {
						"0.0": {
							"vector": [0, 0, 0]
						},
						"0.1667": {
							"vector": [11.23986, -30.20851, 24.64864]
						},
						"1.7333": {
							"vector": [11.23986, -30.20851, 24.64864]
						},
						"2.0333": {
							"vector": [7.35, 6.25, 2.33]
						},
						"3.3": {
							"vector": [7.35, 6.25, 2.33]
						},
						"3.5667": {
							"vector": [0, 0, 0]
						}
					}
				}
			},
			"sound_effects": {
				"0.0": {
					"effect": "inspect_up"
				},
				"0.8": {
					"effect": "inspect_foley"
				},
				"1.3667": {
					"effect": "inspect_turn"
				},
				"3.2667": {
					"effect": "inspect_down"
				}
			}
		},
		"animation.model.draw": {
			"loop": true,
			"animation_length": 1.5,
			"bones": {
				"main": {
					"rotation": {
						"0.0": {
							"vector": [39.71128, -17.67415, -14.15251]
						},
						"0.2": {
							"vector": [27.76, 14.48, 10.79]
						},
						"0.3": {
							"vector": [22.35601, 29.00153, 30.3297]
						},
						"0.3667": {
							"vector": [14.68239, 37.42081, 38.08802]
						},
						"0.4667": {
							"vector": [14.42195, 25.29973, 26.07551]
						},
						"0.5667": {
							"vector": [18.38381, 20.07934, 36.08471]
						},
						"0.6667": {
							"vector": [22.51981, 27.24732, 52.83511]
						},
						"0.7333": {
							"vector": [27.26519, 39.71296, 56.70964]
						},
						"0.8": {
							"vector": [24.18, 45.79, 41.75]
						},
						"0.8667": {
							"vector": [21.66239, 40.72426, 36.18047]
						},
						"1.0": {
							"vector": [11.86299, 12.77708, 26.59453]
						},
						"1.1": {
							"vector": [-0.09629, 1.75933, -9.22573]
						},
						"1.1667": {
							"vector": [-2.71903, -2.9646, -0.96163]
						},
						"1.2667": {
							"vector": [4.1, 0, 7.1]
						},
						"1.4667": {
							"vector": [0, 0, 0]
						}
					},
					"position": {
						"0.0": {
							"vector": [0, -13, 4]
						},
						"0.2333": {
							"vector": [3.5, -1.85, -16.6]
						},
						"0.3667": {
							"vector": [2.14, -4.81, -20.4]
						},
						"0.4333": {
							"vector": [3.51, -5.05, -18.69]
						},
						"0.5": {
							"vector": [3.1, -4.45, -16.6]
						},
						"0.6": {
							"vector": [3.68, -4.79, -14.6]
						},
						"0.7333": {
							"vector": [6, -5.35, -13.3]
						},
						"0.8667": {
							"vector": [2, -1.95, -15.1]
						},
						"1.0333": {
							"vector": [-1.64, -1.46, -11.73]
						},
						"1.1667": {
							"vector": [-2.4, 0, -6.3]
						},
						"1.2667": {
							"vector": [0, 0, -2.1]
						},
						"1.4667": {
							"vector": [0, 0, 0]
						}
					}
				},
				"leftarm": {
					"rotation": {
						"0.1333": {
							"vector": [0, 27, -1]
						},
						"0.4333": {
							"vector": [12.5, 19.5, 9]
						},
						"0.6": {
							"vector": [-13.07949, 52.1343, -7.61128]
						},
						"1.1667": {
							"vector": [0, 0, 0]
						}
					},
					"position": {
						"0.0": {
							"vector": [0, 0, 0]
						},
						"0.2333": {
							"vector": [-5, 0, 30.3]
						},
						"0.3333": {
							"vector": [-11, 2, 18.3]
						},
						"0.5": {
							"vector": [-11, 2, 18.3]
						},
						"0.7333": {
							"vector": [13, 3, 31.3]
						},
						"1.1667": {
							"vector": [0, 0, 0]
						}
					}
				},
				"bone5": {
					"rotation": {
						"0.0": {
							"vector": [0, -177.5, 0]
						},
						"0.4667": {
							"vector": [0, -177.5, 0]
						},
						"0.7333": {
							"vector": [0, 0, 0]
						}
					},
					"position": {
						"vector": [0, 0, 0]
					}
				}
			}
		},
		"animation.model.reload": {
			"loop": true,
			"animation_length": 2.15,
			"blend_weight": "1",
			"bones": {
				"main": {
					"rotation": {
						"0.0": {
							"vector": [0, 0, 0]
						},
						"0.2": {
							"vector": [-2.82845, -3.14202, -11.53827]
						},
						"0.3": {
							"vector": [-6.1257, -3.02931, -21.44076],
							"easing": "linear"
						},
						"0.4": {
							"vector": [-8.99714, -2.88714, -18.93428],
							"easing": "linear"
						},
						"0.5": {
							"vector": [-8.56216, -3.74773, -26.14959]
						},
						"0.6667": {
							"vector": [-8.93449, -3.57494, -20.09324]
						},
						"0.8": {
							"vector": [-8.23835, -5.39519, -30.46877],
							"easing": "linear"
						},
						"0.9": {
							"vector": [-8.4224, -4.29086, -28.09539],
							"easing": "linear"
						},
						"1.0": {
							"vector": [-7.70135, -5.48509, -36.54201],
							"easing": "linear"
						},
						"1.1": {
							"vector": [-6.11762, -4.35841, -32.12568],
							"easing": "linear"
						},
						"1.2333": {
							"vector": [-5.32391, -3.82513, -33.76028]
						},
						"1.4667": {
							"vector": [0, 0, -5.25],
							"easing": "linear"
						},
						"1.5667": {
							"vector": [0, 0, 1.13]
						},
						"1.6667": {
							"vector": [0, 0, 0],
							"easing": "linear"
						}
					},
					"position": {
						"0.0": {
							"vector": [0, 0, 0]
						},
						"0.1333": {
							"vector": [0.355, -0.42, -4.425]
						},
						"0.3667": {
							"vector": [-0.35, -1.75, 0.05],
							"easing": "linear"
						},
						"0.5667": {
							"vector": [-0.15, -0.6, 1],
							"easing": "linear"
						},
						"0.6667": {
							"vector": [-0.52, -1.72, 0.475]
						},
						"0.8": {
							"vector": [-0.85, -3.175, 1],
							"easing": "linear"
						},
						"0.9": {
							"vector": [-0.65, -1.475, 1],
							"easing": "linear"
						},
						"1.0": {
							"vector": [-1.35, -0.225, 0.525],
							"easing": "linear"
						},
						"1.1333": {
							"vector": [-1.575, -2.3, -1.075],
							"easing": "linear"
						},
						"1.4": {
							"vector": [0, -1.3, -3.4],
							"easing": "linear"
						},
						"1.5": {
							"vector": [0, -0.425, -2.45],
							"easing": "linear"
						},
						"1.6": {
							"vector": [0, 0, 0],
							"easing": "linear"
						}
					}
				},
				"leftarm": {
					"rotation": {
						"0.0": {
							"vector": [0, 0, 0]
						},
						"0.1": {
							"vector": [20.7545, 6.23781, -12.10268]
						},
						"0.1667": {
							"vector": [45.89249, 9.11862, -11.25407]
						},
						"0.3667": {
							"vector": [34.00422, 19.3818, 12.82924]
						},
						"0.4667": {
							"vector": [-20.96319, -3.65402, 9.67668]
						},
						"0.5667": {
							"vector": [-20.96319, -3.65402, 9.67668]
						},
						"0.6667": {
							"vector": [-20.92965, -2.54227, 8.32476]
						},
						"0.8": {
							"vector": [10.45147, 11.66703, 7.23928]
						},
						"0.9": {
							"vector": [13.90283, 13.07233, 12.18586]
						},
						"1.0": {
							"vector": [4.45827, 10.36016, 13.50411]
						},
						"1.1667": {
							"vector": [4.45827, 10.36016, 13.50411]
						},
						"1.4": {
							"vector": [16.95827, 10.36016, 13.50411]
						},
						"1.6": {
							"vector": [0, 0, 0]
						}
					},
					"position": {
						"0.0": {
							"vector": [0, 0, 0]
						},
						"0.1": {
							"vector": [4.1, -3.7, 4.5]
						},
						"0.1667": {
							"vector": [4.1, -3.7, 20.8]
						},
						"0.3667": {
							"vector": [-1.25, -13.55, 18.575]
						},
						"0.4667": {
							"vector": [3.55, -14.525, 11.3]
						},
						"0.5667": {
							"vector": [3.55, -14.525, 11.3]
						},
						"0.6667": {
							"vector": [3.45, -21.22, 11.3]
						},
						"0.7": {
							"vector": [2.385, -22.815, 13.35]
						},
						"0.7667": {
							"vector": [0.795, -19.38, 15.99]
						},
						"0.8": {
							"vector": [-1.475, -12.145, 14.55]
						},
						"0.9": {
							"vector": [-1.48, -10.365, 15.55]
						},
						"1.0": {
							"vector": [-1.48, -8.335, 14.55]
						},
						"1.1667": {
							"vector": [-1.48, -8.335, 14.55]
						},
						"1.4": {
							"vector": [-3.905, -27.73, 28.3]
						},
						"1.4667": {
							"vector": [6.595, -20.8, 21.23]
						},
						"1.6": {
							"vector": [0, 0, 0]
						}
					}
				},
				"magazine": {
					"rotation": {
						"0.0": {
							"vector": [0, 0, 0]
						},
						"0.4667": {
							"vector": [0, 0, 0]
						},
						"0.5667": {
							"vector": [0, 0, 0]
						},
						"0.6667": {
							"vector": [-0.26089, -1.15045, -1.56793]
						},
						"0.8": {
							"vector": [-70.70042, -2.16252, -4.56501]
						},
						"0.9": {
							"vector": [-70.80176, -2.13657, -0.84623]
						},
						"1.1667": {
							"vector": [-70.80176, -2.13657, -0.84623]
						}
					},
					"position": {
						"0.0": {
							"vector": [0, 0, 0]
						},
						"0.4667": {
							"vector": [0, 0, 0]
						},
						"0.5667": {
							"vector": [0, 0, 0]
						},
						"0.6667": {
							"vector": [0.3, -8.425, -0.2]
						},
						"0.7": {
							"vector": [-0.15, -12.605, -4.275]
						},
						"0.7667": {
							"vector": [-1.77, -10.16, -8.625]
						},
						"0.8": {
							"vector": [-3.65, -3.605, -10.525]
						},
						"0.8667": {
							"vector": [-3.45, -1.61, -10.52]
						},
						"1.0": {
							"vector": [-3.65, 4.39, -10.52]
						},
						"1.1667": {
							"vector": [-3.65, 4.39, -10.52]
						},
						"1.4": {
							"vector": [-3.65, -26.21, 0.73]
						}
					}
				},
				"magazine2": {
					"rotation": {
						"0.0": {
							"vector": [0, 0, 0]
						},
						"0.3": {
							"vector": [0, 0, 0]
						},
						"0.4667": {
							"vector": [51.25255, 0.44831, -2.31714]
						},
						"0.5667": {
							"vector": [51.25255, 0.44831, -2.31714]
						},
						"0.6667": {
							"vector": [51.25129, 0.29183, -2.51212]
						},
						"0.8": {
							"vector": [-5.0289, -7.32168, -3.37272]
						},
						"0.9": {
							"vector": [-0.26089, -1.15045, -1.56793]
						},
						"1.0": {
							"vector": [0, 0, 0]
						}
					},
					"position": {
						"0.0": {
							"vector": [0, 0, 0]
						},
						"0.3": {
							"vector": [0, -20, 0]
						},
						"0.4667": {
							"vector": [4.3, 4.275, 4.725]
						},
						"0.5667": {
							"vector": [4.3, 4.275, 4.725]
						},
						"0.6667": {
							"vector": [4.35, -2.125, 4.725]
						},
						"0.7": {
							"vector": [3.4, -7.32, 2.72]
						},
						"0.7667": {
							"vector": [1.7, -8.335, 0.71]
						},
						"0.8": {
							"vector": [0, -6.675, -1.3]
						},
						"0.9": {
							"vector": [0.3, -5.6, -0.2]
						},
						"1.0": {
							"vector": [0, 0, 0]
						}
					},
					"scale": {
						"0.0": {
							"vector": [-0.01, 0, 0]
						},
						"0.3": {
							"vector": [1, 1, 1]
						}
					}
				}
			},
			"sound_effects": {
				"0.0": {
					"effect": "foley_start"
				},
				"0.4667": {
					"effect": "m4_magout"
				},
				"0.7667": {
					"effect": "m4_magin"
				},
				"1.1667": {
					"effect": "foley_end"
				}
			}
		},
		"animation.model.fire": {
			"loop": true,
			"animation_length": 0.16667,
			"bones": {
				"main": {
					"rotation": {
						"0.0": {
							"vector": [0, 0, 0]
						},
						"0.0333": {
							"vector": [2.40185, 0.30493, -1.99542]
						},
						"0.1": {
							"vector": [-1.32, 0.09, -0.9]
						},
						"0.1333": {
							"vector": [0.6, 0, 0]
						}
					},
					"position": {
						"0.0": {
							"vector": [0, -0.6, -3.7]
						},
						"0.1333": {
							"vector": [0, 0, 0]
						}
					}
				},
				"bone3": {
					"rotation": {
						"0.0": {
							"vector": [0, 0, 0]
						},
						"0.0333": {
							"vector": [0, 0, 27.5]
						},
						"0.1": {
							"vector": [0, 0, 0]
						}
					}
				},
				"bone2": {
					"position": {
						"0.0": {
							"vector": [0, 0, 0]
						},
						"0.0333": {
							"vector": [0, 0, 10]
						},
						"0.1": {
							"vector": [0, 0, 0]
						}
					}
				},
				"rightarm": {
					"position": {
						"0.0": {
							"vector": [0, 0, 0]
						},
						"0.0333": {
							"vector": [0, 0, 2]
						}
					}
				},
				"belt": {
					"position": {
						"0.0": {
							"vector": [0.3, 0, 0]
						},
						"0.0667": {
							"vector": [0.3, 0, 7]
						}
					}
				}
			}
		},
		"animation.model.reloadempty": {
			"animation_length": 3.43333,
			"blend_weight": "1",
			"bones": {
				"main": {
					"rotation": {
						"0.0": {
							"vector": [0, 0, 0]
						},
						"0.1333": {
							"vector": [-3.92441, -3.17701, -2.22832]
						},
						"0.2333": {
							"vector": [-8.07601, -5.56361, -14.93374]
						},
						"0.2667": {
							"vector": [-9.55236, -4.59999, -11.80463]
						},
						"0.3667": {
							"vector": [-9.51919, -5.83654, -14.90525]
						},
						"0.4333": {
							"vector": [-8.65278, -7.06225, -22.60667]
						},
						"0.5": {
							"vector": [-8.28684, -7.25361, -28.18447]
						},
						"0.6667": {
							"vector": [-8.08474, -4.57072, -20.44608]
						},
						"0.8333": {
							"vector": [-7.88509, -3.91083, -21.04536]
						},
						"1.0": {
							"vector": [-7.67884, -4.34838, -22.05942]
						},
						"1.1667": {
							"vector": [-6.81568, -8.09019, -33.93543]
						},
						"1.2667": {
							"vector": [-7.62259, -7.33551, -27.92865]
						},
						"1.3667": {
							"vector": [-7.3915, -7.3163, -29.71086]
						},
						"1.5": {
							"vector": [-7.16175, -7.78596, -31.43]
						},
						"1.5667": {
							"vector": [-7.52291, -7.2524, -26.79594]
						},
						"1.6333": {
							"vector": [-7.10638, -7.48436, -28.16345]
						},
						"1.7333": {
							"vector": [-5.855, -8.80824, -40.46666]
						},
						"1.8667": {
							"vector": [-7.3957, -7.56422, -29.67841]
						},
						"2.0": {
							"vector": [-9.76093, -8.99865, -27.84816]
						},
						"2.1333": {
							"vector": [-5.81726, -6.27481, -31.92245]
						},
						"2.2333": {
							"vector": [-5.47451, -6.77612, -34.81787]
						},
						"2.3333": {
							"vector": [-6.02194, -6.32502, -30.50424]
						},
						"2.5": {
							"vector": [-6.90973, -5.87503, -36.56541]
						},
						"2.5667": {
							"vector": [-5.47451, -6.77612, -34.81787]
						},
						"2.6333": {
							"vector": [-6.02194, -6.32502, -30.50424]
						},
						"2.7333": {
							"vector": [-6.90973, -5.87503, -36.56541]
						},
						"2.8": {
							"vector": [-6.95055, -5.90104, -34.06169]
						},
						"2.8667": {
							"vector": [-5.90265, -5.95077, -34.09218]
						},
						"2.9667": {
							"vector": [-5.99865, -6.09114, -28.95991]
						},
						"3.2": {
							"vector": [0.45938, -0.18327, 1.9237]
						},
						"3.3667": {
							"vector": [0, 0, 0],
							"easing": "easeInSine"
						}
					},
					"position": {
						"0.0": {
							"vector": [0, 0, 0]
						},
						"0.1": {
							"vector": [0, -0.455, -6.155]
						},
						"0.2": {
							"vector": [0, 0.325, -5.075]
						},
						"0.2667": {
							"vector": [-0.1, 0.63, -3.68]
						},
						"0.4": {
							"vector": [0.15, 0.33, -2.13]
						},
						"0.5": {
							"vector": [0.1, -0.07, -3.955]
						},
						"0.6333": {
							"vector": [-0.4, 0.33, -3.95]
						},
						"0.8": {
							"vector": [-0.75, -0.07, -3.95]
						},
						"0.9667": {
							"vector": [-0.505, -0.06, -3.95]
						},
						"1.1": {
							"vector": [0.295, 0.48, -3.95]
						},
						"1.2667": {
							"vector": [0.375, 0.76, -4.1]
						},
						"1.3333": {
							"vector": [0.13, 0.56, -4.1]
						},
						"1.4667": {
							"vector": [0.2, 0.285, -4.1]
						},
						"1.6333": {
							"vector": [0.105, 0.66, -4.4]
						},
						"1.7": {
							"vector": [-0.295, 1.135, -4.4]
						},
						"1.8333": {
							"vector": [-0.045, 1.115, -4.4]
						},
						"2.0667": {
							"vector": [-2.505, -1.47, -6.86]
						},
						"2.2": {
							"vector": [-2.35, -1.945, -6.86]
						},
						"2.3": {
							"vector": [-2.495, -1.88, -5.81]
						},
						"2.4333": {
							"vector": [-2.4, -1.79, -4.055]
						},
						"2.5333": {
							"vector": [-2.35, -1.945, -6.86]
						},
						"2.6": {
							"vector": [-2.495, -1.88, -5.81]
						},
						"2.7": {
							"vector": [-2.4, -1.79, -4.055]
						},
						"2.8": {
							"vector": [-2.2, -1.79, -3.78]
						},
						"2.8667": {
							"vector": [-2.655, -2.075, -6.82]
						},
						"3.0333": {
							"vector": [-2.73, -2.4, -5.07]
						},
						"3.1667": {
							"vector": [-0.56, -1.295, 1.21],
							"easing": "easeOutSine"
						},
						"3.3": {
							"vector": [0, 0, 0],
							"easing": "easeOutSine"
						}
					}
				},
				"leftarm": {
					"rotation": {
						"0.0": {
							"vector": [0, 0, 0]
						},
						"0.1667": {
							"vector": [-12.45685, -3.60238, 1.23312]
						},
						"0.2333": {
							"vector": [-17.75617, -6.61265, -2.11816]
						},
						"0.3333": {
							"vector": [-4.45685, -3.60238, 1.23312]
						},
						"0.3667": {
							"vector": [-4.45685, -3.60238, 1.23312]
						},
						"0.4333": {
							"vector": [7.29315, -3.60238, 1.23312]
						},
						"0.5333": {
							"vector": [20.41549, -2.15413, 7.31451]
						},
						"1.0333": {
							"vector": [20.41549, -2.15413, 7.31451]
						},
						"1.2": {
							"vector": [-28.82878, -9.59345, 9.83274]
						},
						"1.3": {
							"vector": [-28.59235, -8.97874, 8.4442]
						},
						"1.4667": {
							"vector": [1.73307, 1.68886, 4.08255]
						},
						"1.5333": {
							"vector": [4.08457, 2.24721, 6.32831]
						},
						"1.6333": {
							"vector": [-0.24985, 3.83974, 14.0114]
						},
						"1.6667": {
							"vector": [-6.24985, 3.83974, 14.0114]
						},
						"1.8": {
							"vector": [-6.24985, 3.83974, 14.0114]
						},
						"1.9": {
							"vector": [-8.61397, -8.81213, 15.72849]
						},
						"2.1667": {
							"vector": [4.31353, -2.24112, 15.74673]
						},
						"2.2667": {
							"vector": [-11.37824, -8.63887, 25.45797]
						},
						"2.3667": {
							"vector": [-11.37824, -8.63887, 25.45797]
						},
						"2.4667": {
							"vector": [-15.12824, -8.63887, 25.45797]
						},
						"2.5333": {
							"vector": [-21.62824, -8.63887, 25.45797]
						},
						"2.6667": {
							"vector": [-21.62824, -8.63887, 25.45797]
						},
						"2.7667": {
							"vector": [-37.87824, -8.63887, 25.45797]
						},
						"2.8667": {
							"vector": [4.31353, -2.24112, 15.74673]
						},
						"2.9667": {
							"vector": [18.54572, -7.74306, 15.28758]
						},
						"3.0": {
							"vector": [13.48664, -18.31558, 19.63814]
						},
						"3.0333": {
							"vector": [10.7862, -15.5682, 16.69517]
						},
						"3.1667": {
							"vector": [0, 0, 0]
						}
					},
					"position": {
						"0.0": {
							"vector": [0, 0, 0]
						},
						"0.1667": {
							"vector": [1.65402, -3.31779, 9.68054]
						},
						"0.2333": {
							"vector": [2.60402, -4.66779, 7.95554]
						},
						"0.3333": {
							"vector": [-0.43115, -6.8873, 6.92795]
						},
						"0.3667": {
							"vector": [-0.43115, -6.8873, 6.92795]
						},
						"0.4333": {
							"vector": [-3.3285, -6.25461, 9.5594]
						},
						"0.5333": {
							"vector": [-5.45945, -22.53977, 17.81405]
						},
						"1.0333": {
							"vector": [-3.45945, -22.53977, 12.81405]
						},
						"1.2": {
							"vector": [3.04034, -13.31987, -1.41617]
						},
						"1.3": {
							"vector": [3.04034, -13.31987, -1.41617]
						},
						"1.3667": {
							"vector": [1.6, -12.55, 3.445]
						},
						"1.4667": {
							"vector": [1.2, -6.96, 9.12]
						},
						"1.5333": {
							"vector": [1.2, -6.96, 9.12]
						},
						"1.6333": {
							"vector": [-0.87, -6.725, 9.93]
						},
						"1.6667": {
							"vector": [-0.395, -7.05, 8.18]
						},
						"1.8": {
							"vector": [-0.395, -7.05, 8.18]
						},
						"1.9": {
							"vector": [0, -8.88, 9.145]
						},
						"2.0333": {
							"vector": [-6.14, -8.96, 17.89]
						},
						"2.1667": {
							"vector": [-13.43, -12.155, 23.63]
						},
						"2.2667": {
							"vector": [-15.35886, 2.61383, -4.10535]
						},
						"2.3667": {
							"vector": [-15.35886, 2.61383, -4.10535]
						},
						"2.4667": {
							"vector": [-16.15886, 1.36383, -4.10535]
						},
						"2.5333": {
							"vector": [-14.88386, -0.01117, 1.11965]
						},
						"2.6667": {
							"vector": [-14.88386, -0.01117, 1.11965]
						},
						"2.7667": {
							"vector": [-14.88386, -3.58617, 8.26965]
						},
						"2.8667": {
							"vector": [-13.43, -7.155, 11.63]
						},
						"2.9667": {
							"vector": [-7.505, -6.875, 13.665]
						},
						"3.0333": {
							"vector": [-1.55, -5.94, 12.83]
						},
						"3.1667": {
							"vector": [0, 0, 0]
						}
					}
				},
				"magazine": {
					"rotation": {
						"0.0": {
							"vector": [0, 0, 0]
						},
						"0.4": {
							"vector": [0, 0, 0]
						},
						"0.5667": {
							"vector": [9.75446, -1.72472, -8.29645]
						},
						"0.9333": {
							"vector": [9.75446, -1.72472, -8.29645]
						},
						"1.0333": {
							"vector": [9.75446, -1.72472, -8.29645]
						},
						"1.2": {
							"vector": [-11.15608, -1.87084, -3.58694]
						},
						"1.3": {
							"vector": [-11.05543, -2.40065, -6.28731]
						},
						"1.3667": {
							"vector": [-5.21299, -2.357, -8.81797]
						},
						"1.5333": {
							"vector": [-5.18708, -1.08984, -8.6822]
						},
						"1.6333": {
							"vector": [0, 0, 0]
						},
						"1.6667": {
							"vector": [0, 0, 0]
						}
					},
					"position": {
						"0.0": {
							"vector": [0, 0, 0]
						},
						"0.4": {
							"vector": [0, 0, 0]
						},
						"0.4667": {
							"vector": [0, -6, 0]
						},
						"0.5667": {
							"vector": [1.85, -36.775, 1.275]
						},
						"0.9333": {
							"vector": [1.85, -36.775, 1.275]
						},
						"1.0333": {
							"vector": [1.85, -21.775, 1.275]
						},
						"1.2": {
							"vector": [0.15, -2.145, -0.78]
						},
						"1.3": {
							"vector": [0.15, -2.145, -0.78]
						},
						"1.3667": {
							"vector": [0.575, -1.945, -0.18]
						},
						"1.4667": {
							"vector": [0.47, -1.5, -0.18]
						},
						"1.5333": {
							"vector": [0.77, -1.365, -0.18]
						},
						"1.6333": {
							"vector": [0, -0.75, 0]
						},
						"1.6667": {
							"vector": [0, 0, 0]
						}
					}
				},
				"action": {
					"position": {
						"2.4333": {
							"vector": [0, 0, 0]
						},
						"2.6333": {
							"vector": [0, 0, 0]
						},
						"2.7": {
							"vector": [0, 0, 11]
						},
						"2.8333": {
							"vector": [0, 0, 11]
						},
						"2.9333": {
							"vector": [0, 0, 0]
						}
					}
				},
				"bullet": {
					"scale": {
						"0.0": {
							"vector": [0, 0, 0]
						},
						"0.8333": {
							"vector": [0, 0, 0]
						},
						"0.8667": {
							"vector": [1, 1, 1]
						}
					}
				},
				"magazine2": {
					"scale": {
						"vector": [0, 0, 0]
					}
				},
				"belt": {
					"position": {
						"2.4667": {
							"vector": [0, 0, 0]
						},
						"2.5333": {
							"vector": [0, 0, 6]
						},
						"2.6667": {
							"vector": [0, 0, 6]
						},
						"2.7333": {
							"vector": [0, 0, 0]
						}
					}
				}
			},
			"sound_effects": {
				"0.3": {
					"effect": "m4_magout"
				},
				"0.5": {
					"effect": "foley_start"
				},
				"1.1": {
					"effect": "ak_magout"
				},
				"1.4": {
					"effect": "m4_magin"
				},
				"1.5667": {
					"effect": "foley_end"
				},
				"2.6333": {
					"effect": "ak_actionback"
				},
				"2.8667": {
					"effect": "ak_actionforward"
				}
			}
		}
	},
	"geckolib_format_version": 2
}