{
	"format_version": "1.8.0",
	"animations": {
		"animation.model.reload": {
			"animation_length": 2.53333,
			"blend_weight": "1",
			"bones": {
				"main": {
					"rotation": {
						"0.0": {
							"vector": [0, 0, 0]
						},
						"0.1333": {
							"vector": [-3.92441, -3.17701, -2.22832]
						},
						"0.2333": {
							"vector": [-8.07601, -5.56361, -14.93374]
						},
						"0.2667": {
							"vector": [-9.55236, -4.59999, -11.80463]
						},
						"0.3667": {
							"vector": [-9.51919, -5.83654, -14.90525]
						},
						"0.4333": {
							"vector": [-8.65278, -7.06225, -22.60667]
						},
						"0.5": {
							"vector": [-8.28684, -7.25361, -28.18447]
						},
						"0.6667": {
							"vector": [-8.08474, -4.57072, -20.44608]
						},
						"0.8333": {
							"vector": [-7.88509, -3.91083, -21.04536]
						},
						"1.0": {
							"vector": [-7.67884, -4.34838, -22.05942]
						},
						"1.1667": {
							"vector": [-6.81568, -8.09019, -33.93543]
						},
						"1.2667": {
							"vector": [-7.62259, -7.33551, -27.92865]
						},
						"1.3667": {
							"vector": [-7.3915, -7.3163, -29.71086]
						},
						"1.5": {
							"vector": [-7.16175, -7.78596, -31.43]
						},
						"1.5667": {
							"vector": [-7.52291, -7.2524, -26.79594]
						},
						"1.6333": {
							"vector": [-7.10638, -7.48436, -28.16345]
						},
						"1.7333": {
							"vector": [-5.855, -8.80824, -40.46666]
						},
						"1.8667": {
							"vector": [-7.3957, -7.56422, -29.67841]
						},
						"1.9667": {
							"vector": [-6.16894, -6.82045, -31.71988]
						},
						"2.1667": {
							"vector": [-1.1876, -0.07522, 1.86584]
						},
						"2.3": {
							"vector": [0, 0, 0]
						}
					},
					"position": {
						"0.0": {
							"vector": [0, 0, 0]
						},
						"0.1": {
							"vector": [0, -0.455, -6.155]
						},
						"0.2": {
							"vector": [0, 0.325, -5.075]
						},
						"0.2667": {
							"vector": [-0.1, 0.63, -3.68]
						},
						"0.4": {
							"vector": [0.15, 0.33, -2.13]
						},
						"0.5": {
							"vector": [0.1, -0.07, -3.955]
						},
						"0.6333": {
							"vector": [-0.4, 0.33, -3.95]
						},
						"0.8": {
							"vector": [-0.75, -0.07, -3.95]
						},
						"0.9667": {
							"vector": [-0.505, -0.06, -3.95]
						},
						"1.1": {
							"vector": [0.295, 0.48, -3.95]
						},
						"1.2667": {
							"vector": [0.375, 0.76, -4.1]
						},
						"1.3333": {
							"vector": [0.13, 0.56, -4.1]
						},
						"1.4667": {
							"vector": [0.2, 0.285, -4.1]
						},
						"1.6333": {
							"vector": [0.105, 0.66, -4.4]
						},
						"1.7": {
							"vector": [-0.295, 1.135, -4.4]
						},
						"1.8333": {
							"vector": [-0.045, 1.115, -4.4]
						},
						"1.9667": {
							"vector": [-0.04, -0.705, -8.925]
						},
						"2.1": {
							"vector": [-0.12, -0.54, -2.975]
						},
						"2.2333": {
							"vector": [0, 0, 0]
						}
					}
				},
				"leftarm": {
					"rotation": {
						"0.0": {
							"vector": [0, 0, 0]
						},
						"0.1667": {
							"vector": [-12.45685, -3.60238, 1.23312]
						},
						"0.2333": {
							"vector": [-17.75617, -6.61265, -2.11816]
						},
						"0.3333": {
							"vector": [-4.45685, -3.60238, 1.23312]
						},
						"0.3667": {
							"vector": [-4.45685, -3.60238, 1.23312]
						},
						"0.4333": {
							"vector": [7.29315, -3.60238, 1.23312]
						},
						"0.5333": {
							"vector": [20.41549, -2.15413, 7.31451]
						},
						"1.0333": {
							"vector": [20.41549, -2.15413, 7.31451]
						},
						"1.2": {
							"vector": [-28.82878, -9.59345, 9.83274]
						},
						"1.3": {
							"vector": [-28.59235, -8.97874, 8.4442]
						},
						"1.4667": {
							"vector": [1.73307, 1.68886, 4.08255]
						},
						"1.5333": {
							"vector": [4.08457, 2.24721, 6.32831]
						},
						"1.6333": {
							"vector": [-0.24985, 3.83974, 14.0114]
						},
						"1.6667": {
							"vector": [-6.24985, 3.83974, 14.0114]
						},
						"1.8": {
							"vector": [-6.24985, 3.83974, 14.0114]
						},
						"1.9": {
							"vector": [-8.61397, -8.81213, 15.72849]
						},
						"2.1": {
							"vector": [0, 0, 0]
						}
					},
					"position": {
						"0.0": {
							"vector": [0, 0, 0]
						},
						"0.1667": {
							"vector": [1.65402, -3.31779, 0.68054]
						},
						"0.2333": {
							"vector": [2.60402, -4.66779, -1.04446]
						},
						"0.3333": {
							"vector": [-0.43115, -6.8873, -2.07205]
						},
						"0.3667": {
							"vector": [-0.43115, -6.8873, -2.07205]
						},
						"0.4333": {
							"vector": [-3.3285, -6.25461, 0.5594]
						},
						"0.5333": {
							"vector": [-5.45945, -22.53977, 8.81405]
						},
						"1.0333": {
							"vector": [-3.45945, -22.53977, 3.81405]
						},
						"1.2": {
							"vector": [3.04034, -13.31987, -10.41617]
						},
						"1.3": {
							"vector": [3.04034, -13.31987, -10.41617]
						},
						"1.3667": {
							"vector": [1.6, -12.55, -5.555]
						},
						"1.4667": {
							"vector": [1.2, -6.96, 0.12]
						},
						"1.5333": {
							"vector": [1.2, -6.96, 0.12]
						},
						"1.6333": {
							"vector": [-0.87, -6.725, 0.93]
						},
						"1.6667": {
							"vector": [-0.395, -7.05, -0.82]
						},
						"1.8": {
							"vector": [-0.395, -7.05, -0.82]
						},
						"1.9": {
							"vector": [0, -8.88, 0.145]
						},
						"2.1": {
							"vector": [0, 0, 0]
						}
					}
				},
				"magazine": {
					"rotation": {
						"0.0": {
							"vector": [0, 0, 0]
						},
						"0.4": {
							"vector": [0, 0, 0]
						},
						"0.5667": {
							"vector": [9.75446, -1.72472, -8.29645]
						},
						"0.9333": {
							"vector": [9.75446, -1.72472, -8.29645]
						},
						"1.0333": {
							"vector": [9.75446, -1.72472, -8.29645]
						},
						"1.2": {
							"vector": [-11.15608, -1.87084, -3.58694]
						},
						"1.3": {
							"vector": [-11.05543, -2.40065, -6.28731]
						},
						"1.3667": {
							"vector": [-5.21299, -2.357, -8.81797]
						},
						"1.5333": {
							"vector": [-5.18708, -1.08984, -8.6822]
						},
						"1.6333": {
							"vector": [0, 0, 0]
						},
						"1.6667": {
							"vector": [0, 0, 0]
						}
					},
					"position": {
						"0.0": {
							"vector": [0, 0, 0]
						},
						"0.4": {
							"vector": [0, 0, 0]
						},
						"0.4667": {
							"vector": [0, -6, 0]
						},
						"0.5667": {
							"vector": [1.85, -36.775, 1.275]
						},
						"0.9333": {
							"vector": [1.85, -36.775, 1.275]
						},
						"1.0333": {
							"vector": [1.85, -21.775, 1.275]
						},
						"1.2": {
							"vector": [0.15, -2.145, -0.78]
						},
						"1.3": {
							"vector": [0.15, -2.145, -0.78]
						},
						"1.3667": {
							"vector": [0.575, -1.945, -0.18]
						},
						"1.4667": {
							"vector": [0.47, -1.5, -0.18]
						},
						"1.5333": {
							"vector": [0.77, -1.365, -0.18]
						},
						"1.6333": {
							"vector": [0, -0.75, 0]
						},
						"1.6667": {
							"vector": [0, 0, 0]
						}
					}
				},
				"action": {
					"position": {
						"vector": [0, 0, 8.1]
					}
				},
				"bullet": {
					"scale": {
						"0.0": {
							"vector": [0, 0, 0]
						},
						"0.8333": {
							"vector": [0, 0, 0]
						},
						"0.8667": {
							"vector": [1, 1, 1]
						}
					}
				},
				"magazine2": {
					"scale": {
						"vector": [0, 0, 0]
					}
				}
			},
			"sound_effects": {
				"0.3": {
					"effect": "m4_magout"
				},
				"0.5": {
					"effect": "foley_start"
				},
				"1.1": {
					"effect": "ak_magout"
				},
				"1.4": {
					"effect": "m4_magin"
				},
				"1.5667": {
					"effect": "foley_end"
				}
			}
		},
		"animation.model.reloadempty": {
			"animation_length": 3.43333,
			"blend_weight": "1",
			"bones": {
				"main": {
					"rotation": {
						"0.0": {
							"vector": [0, 0, 0]
						},
						"0.1333": {
							"vector": [-3.92441, -3.17701, -2.22832]
						},
						"0.2333": {
							"vector": [-8.07601, -5.56361, -14.93374]
						},
						"0.2667": {
							"vector": [-9.55236, -4.59999, -11.80463]
						},
						"0.3667": {
							"vector": [-9.51919, -5.83654, -14.90525]
						},
						"0.4333": {
							"vector": [-8.65278, -7.06225, -22.60667]
						},
						"0.5": {
							"vector": [-8.28684, -7.25361, -28.18447]
						},
						"0.6667": {
							"vector": [-8.08474, -4.57072, -20.44608]
						},
						"0.8333": {
							"vector": [-7.88509, -3.91083, -21.04536]
						},
						"1.0": {
							"vector": [-7.67884, -4.34838, -22.05942]
						},
						"1.1667": {
							"vector": [-6.81568, -8.09019, -33.93543]
						},
						"1.2667": {
							"vector": [-7.62259, -7.33551, -27.92865]
						},
						"1.3667": {
							"vector": [-7.3915, -7.3163, -29.71086]
						},
						"1.5": {
							"vector": [-7.16175, -7.78596, -31.43]
						},
						"1.5667": {
							"vector": [-7.52291, -7.2524, -26.79594]
						},
						"1.6333": {
							"vector": [-7.10638, -7.48436, -28.16345]
						},
						"1.7333": {
							"vector": [-5.855, -8.80824, -40.46666]
						},
						"1.8667": {
							"vector": [-7.3957, -7.56422, -29.67841]
						},
						"2.0": {
							"vector": [-9.76093, -8.99865, -27.84816]
						},
						"2.1333": {
							"vector": [-5.81726, -6.27481, -31.92245]
						},
						"2.2333": {
							"vector": [-5.47451, -6.77612, -34.81787]
						},
						"2.3333": {
							"vector": [-6.02194, -6.32502, -30.50424]
						},
						"2.5": {
							"vector": [-6.90973, -5.87503, -36.56541]
						},
						"2.5667": {
							"vector": [-5.47451, -6.77612, -34.81787]
						},
						"2.6333": {
							"vector": [-6.02194, -6.32502, -30.50424]
						},
						"2.7333": {
							"vector": [-6.90973, -5.87503, -36.56541]
						},
						"2.8": {
							"vector": [-6.95055, -5.90104, -34.06169]
						},
						"2.8667": {
							"vector": [-5.90265, -5.95077, -34.09218]
						},
						"2.9667": {
							"vector": [-5.99865, -6.09114, -28.95991]
						},
						"3.2": {
							"vector": [0.45938, -0.18327, 1.9237]
						},
						"3.3667": {
							"vector": [0, 0, 0],
							"easing": "easeInSine"
						}
					},
					"position": {
						"0.0": {
							"vector": [0, 0, 0]
						},
						"0.1": {
							"vector": [0, -0.455, -6.155]
						},
						"0.2": {
							"vector": [0, 0.325, -5.075]
						},
						"0.2667": {
							"vector": [-0.1, 0.63, -3.68]
						},
						"0.4": {
							"vector": [0.15, 0.33, -2.13]
						},
						"0.5": {
							"vector": [0.1, -0.07, -3.955]
						},
						"0.6333": {
							"vector": [-0.4, 0.33, -3.95]
						},
						"0.8": {
							"vector": [-0.75, -0.07, -3.95]
						},
						"0.9667": {
							"vector": [-0.505, -0.06, -3.95]
						},
						"1.1": {
							"vector": [0.295, 0.48, -3.95]
						},
						"1.2667": {
							"vector": [0.375, 0.76, -4.1]
						},
						"1.3333": {
							"vector": [0.13, 0.56, -4.1]
						},
						"1.4667": {
							"vector": [0.2, 0.285, -4.1]
						},
						"1.6333": {
							"vector": [0.105, 0.66, -4.4]
						},
						"1.7": {
							"vector": [-0.295, 1.135, -4.4]
						},
						"1.8333": {
							"vector": [-0.045, 1.115, -4.4]
						},
						"2.0667": {
							"vector": [-2.505, -1.47, -6.86]
						},
						"2.2": {
							"vector": [-2.35, -1.945, -6.86]
						},
						"2.3": {
							"vector": [-2.495, -1.88, -5.81]
						},
						"2.4333": {
							"vector": [-2.4, -1.79, -4.055]
						},
						"2.5333": {
							"vector": [-2.35, -1.945, -6.86]
						},
						"2.6": {
							"vector": [-2.495, -1.88, -5.81]
						},
						"2.7": {
							"vector": [-2.4, -1.79, -4.055]
						},
						"2.8": {
							"vector": [-2.2, -1.79, -3.78]
						},
						"2.8667": {
							"vector": [-2.655, -2.075, -6.82]
						},
						"3.0333": {
							"vector": [-2.73, -2.4, -5.07]
						},
						"3.1667": {
							"vector": [-0.56, -1.295, 1.21],
							"easing": "easeOutSine"
						},
						"3.3": {
							"vector": [0, 0, 0],
							"easing": "easeOutSine"
						}
					}
				},
				"leftarm": {
					"rotation": {
						"0.0": {
							"vector": [0, 0, 0]
						},
						"0.1667": {
							"vector": [-12.45685, -3.60238, 1.23312]
						},
						"0.2333": {
							"vector": [-17.75617, -6.61265, -2.11816]
						},
						"0.3333": {
							"vector": [-4.45685, -3.60238, 1.23312]
						},
						"0.3667": {
							"vector": [-4.45685, -3.60238, 1.23312]
						},
						"0.4333": {
							"vector": [7.29315, -3.60238, 1.23312]
						},
						"0.5333": {
							"vector": [20.41549, -2.15413, 7.31451]
						},
						"1.0333": {
							"vector": [20.41549, -2.15413, 7.31451]
						},
						"1.2": {
							"vector": [-28.82878, -9.59345, 9.83274]
						},
						"1.3": {
							"vector": [-28.59235, -8.97874, 8.4442]
						},
						"1.4667": {
							"vector": [1.73307, 1.68886, 4.08255]
						},
						"1.5333": {
							"vector": [4.08457, 2.24721, 6.32831]
						},
						"1.6333": {
							"vector": [-0.24985, 3.83974, 14.0114]
						},
						"1.6667": {
							"vector": [-6.24985, 3.83974, 14.0114]
						},
						"1.8": {
							"vector": [-6.24985, 3.83974, 14.0114]
						},
						"1.9": {
							"vector": [-8.61397, -8.81213, 15.72849]
						},
						"2.1": {
							"vector": [0, 0, 0]
						},
						"2.3333": {
							"vector": [4.31353, -2.24112, 15.74673]
						},
						"2.4333": {
							"vector": [-11.37824, -8.63887, 25.45797]
						},
						"2.5333": {
							"vector": [-11.37824, -8.63887, 25.45797]
						},
						"2.6333": {
							"vector": [-15.12824, -8.63887, 25.45797]
						},
						"2.7": {
							"vector": [-21.62824, -8.63887, 25.45797]
						},
						"2.8333": {
							"vector": [-21.62824, -8.63887, 25.45797]
						},
						"2.9333": {
							"vector": [-37.87824, -8.63887, 25.45797]
						},
						"3.0333": {
							"vector": [4.31353, -2.24112, 15.74673]
						},
						"3.1333": {
							"vector": [18.54572, -7.74306, 15.28758]
						},
						"3.1667": {
							"vector": [13.48664, -18.31558, 19.63814]
						},
						"3.2": {
							"vector": [10.7862, -15.5682, 16.69517]
						},
						"3.3333": {
							"vector": [0, 0, 0]
						}
					},
					"position": {
						"0.0": {
							"vector": [0, 0, 0]
						},
						"0.1667": {
							"vector": [1.65402, -3.31779, 0.68054]
						},
						"0.2333": {
							"vector": [2.60402, -4.66779, -1.04446]
						},
						"0.3333": {
							"vector": [-0.43115, -6.8873, -2.07205]
						},
						"0.3667": {
							"vector": [-0.43115, -6.8873, -2.07205]
						},
						"0.4333": {
							"vector": [-3.3285, -6.25461, 0.5594]
						},
						"0.5333": {
							"vector": [-5.45945, -22.53977, 8.81405]
						},
						"1.0333": {
							"vector": [-3.45945, -22.53977, 3.81405]
						},
						"1.2": {
							"vector": [3.04034, -13.31987, -10.41617]
						},
						"1.3": {
							"vector": [3.04034, -13.31987, -10.41617]
						},
						"1.3667": {
							"vector": [1.6, -12.55, -5.555]
						},
						"1.4667": {
							"vector": [1.2, -6.96, 0.12]
						},
						"1.5333": {
							"vector": [1.2, -6.96, 0.12]
						},
						"1.6333": {
							"vector": [-0.87, -6.725, 0.93]
						},
						"1.6667": {
							"vector": [-0.395, -7.05, -0.82]
						},
						"1.8": {
							"vector": [-0.395, -7.05, -0.82]
						},
						"1.9": {
							"vector": [0, -8.88, 0.145]
						},
						"2.1": {
							"vector": [0, 0, 0]
						},
						"2.3333": {
							"vector": [-13.43, -12.155, 23.63]
						},
						"2.4333": {
							"vector": [-15.35886, 2.61383, -4.10535]
						},
						"2.5333": {
							"vector": [-15.35886, 2.61383, -4.10535]
						},
						"2.6333": {
							"vector": [-14.15886, 1.36383, -4.10535]
						},
						"2.7": {
							"vector": [-12.88386, -0.01117, 1.11965]
						},
						"2.8333": {
							"vector": [-12.88386, -0.01117, 1.11965]
						},
						"2.9333": {
							"vector": [-12.88386, -3.58617, 8.26965]
						},
						"3.0333": {
							"vector": [-11.43, -7.155, 11.63]
						},
						"3.1333": {
							"vector": [-7.505, -6.875, 13.665]
						},
						"3.2": {
							"vector": [-1.55, -5.94, 12.83]
						},
						"3.3333": {
							"vector": [0, 0, 0]
						}
					}
				},
				"magazine": {
					"rotation": {
						"0.0": {
							"vector": [0, 0, 0]
						},
						"0.4": {
							"vector": [0, 0, 0]
						},
						"0.5667": {
							"vector": [9.75446, -1.72472, -8.29645]
						},
						"0.9333": {
							"vector": [9.75446, -1.72472, -8.29645]
						},
						"1.0333": {
							"vector": [9.75446, -1.72472, -8.29645]
						},
						"1.2": {
							"vector": [-11.15608, -1.87084, -3.58694]
						},
						"1.3": {
							"vector": [-11.05543, -2.40065, -6.28731]
						},
						"1.3667": {
							"vector": [-5.21299, -2.357, -8.81797]
						},
						"1.5333": {
							"vector": [-5.18708, -1.08984, -8.6822]
						},
						"1.6333": {
							"vector": [0, 0, 0]
						},
						"1.6667": {
							"vector": [0, 0, 0]
						}
					},
					"position": {
						"0.0": {
							"vector": [0, 0, 0]
						},
						"0.4": {
							"vector": [0, 0, 0]
						},
						"0.4667": {
							"vector": [0, -6, 0]
						},
						"0.5667": {
							"vector": [1.85, -36.775, 1.275]
						},
						"0.9333": {
							"vector": [1.85, -36.775, 1.275]
						},
						"1.0333": {
							"vector": [1.85, -21.775, 1.275]
						},
						"1.2": {
							"vector": [0.15, -2.145, -0.78]
						},
						"1.3": {
							"vector": [0.15, -2.145, -0.78]
						},
						"1.3667": {
							"vector": [0.575, -1.945, -0.18]
						},
						"1.4667": {
							"vector": [0.47, -1.5, -0.18]
						},
						"1.5333": {
							"vector": [0.77, -1.365, -0.18]
						},
						"1.6333": {
							"vector": [0, -0.75, 0]
						},
						"1.6667": {
							"vector": [0, 0, 0]
						}
					}
				},
				"action": {
					"position": {
						"2.4333": {
							"vector": [0, 0, 0]
						},
						"2.6333": {
							"vector": [0, 0, 0]
						},
						"2.7": {
							"vector": [0, 0, 11]
						},
						"2.8333": {
							"vector": [0, 0, 11]
						},
						"2.9333": {
							"vector": [0, 0, 0]
						}
					}
				},
				"bullet": {
					"scale": {
						"0.0": {
							"vector": [0, 0, 0]
						},
						"0.8333": {
							"vector": [0, 0, 0]
						},
						"0.8667": {
							"vector": [1, 1, 1]
						}
					}
				},
				"magazine2": {
					"scale": {
						"vector": [0, 0, 0]
					}
				}
			},
			"sound_effects": {
				"0.3": {
					"effect": "m4_magout"
				},
				"0.5": {
					"effect": "foley_start"
				},
				"1.1": {
					"effect": "ak_magout"
				},
				"1.4": {
					"effect": "m4_magin"
				},
				"1.5667": {
					"effect": "foley_end"
				},
				"2.6333": {
					"effect": "ak_actionback"
				},
				"2.8667": {
					"effect": "ak_actionforward"
				}
			}
		},
		"animation.model.draw": {
			"animation_length": 1.2,
			"bones": {
				"main": {
					"rotation": {
						"0.0": {
							"vector": [32.09413, -54.38778, -8.29667]
						},
						"0.35": {
							"vector": [0.50518, -5.08075, 6.8716],
							"easing": "easeOutSine"
						},
						"0.5": {
							"vector": [0.32389, -0.60235, -2.1558],
							"easing": "linear"
						},
						"0.6": {
							"vector": [0, 0, 0],
							"easing": "linear"
						}
					},
					"position": {
						"0.0": {
							"vector": [0, -17.3, 0]
						},
						"0.25": {
							"vector": [-0.4, -2.525, -1.625],
							"easing": "linear"
						},
						"0.4": {
							"vector": [-0.05, 0, -2.49],
							"easing": "linear"
						},
						"0.55": {
							"vector": [0, 0, 0],
							"easing": "linear"
						}
					}
				},
				"leftarm": {
					"rotation": {
						"0.0": {
							"vector": [0, 0, 0]
						},
						"0.2": {
							"vector": [1, 0, -22]
						},
						"0.4": {
							"vector": [0, 0, 0]
						}
					},
					"position": {
						"0.0": {
							"vector": [0, 0, 0]
						},
						"0.2": {
							"vector": [3.53901, 3.6754, 5.59783]
						},
						"0.4": {
							"vector": [0, 0, 0]
						}
					}
				}
			}
		},
		"animation.model.inspect": {
			"animation_length": 4.26667,
			"bones": {
				"main": {
					"rotation": {
						"0.0": {
							"vector": [0, 0, 0]
						},
						"0.1667": {
							"vector": [-8.41746, -13.59608, -21.21259],
							"easing": "linear"
						},
						"0.3": {
							"vector": [-8.39812, -20.10111, -31.77688]
						},
						"0.4333": {
							"vector": [-9.55676, -20.88889, -28.55629]
						},
						"0.5333": {
							"vector": [-8.77652, -21.21647, -30.72851]
						},
						"0.7667": {
							"vector": [-9.4227, -20.94881, -28.93303]
						},
						"1.0": {
							"vector": [-3.1216, -20.98207, -46.44405]
						},
						"1.1333": {
							"vector": [-4.564, -20.73064, -42.44007]
						},
						"1.2333": {
							"vector": [-4.86325, -20.9153, -41.60203]
						},
						"1.3333": {
							"vector": [-4.58308, -20.97575, -42.38574]
						},
						"1.4667": {
							"vector": [-4.01131, -21.08802, -43.97908]
						},
						"1.6": {
							"vector": [-4.38767, -21.01662, -42.9316]
						},
						"1.7": {
							"vector": [-4.18847, -21.05622, -43.48691],
							"easing": "linear"
						},
						"2.0333": {
							"vector": [-16.91438, 5.38499, 54.40399],
							"easing": "linear"
						},
						"2.1667": {
							"vector": [-15.22513, 5.80082, 60.04554]
						},
						"2.3": {
							"vector": [-15.70981, 5.86025, 59.48558]
						},
						"2.4333": {
							"vector": [-15.93602, 7.03904, 62.69373]
						},
						"2.5667": {
							"vector": [-15.60896, 7.75082, 65.23442]
						},
						"2.7333": {
							"vector": [-15.71675, 7.52491, 64.42194]
						},
						"2.9": {
							"vector": [-15.56389, 7.84019, 65.55973]
						},
						"3.1": {
							"vector": [-15.61778, 7.73186, 65.16659]
						},
						"3.2667": {
							"vector": [-15.9801, 6.93689, 62.33342]
						},
						"3.4": {
							"vector": [-8.86998, 2.42135, 33.56191]
						},
						"3.5333": {
							"vector": [0, -1.75, -2.75]
						},
						"3.7": {
							"vector": [0, 0, 0]
						}
					},
					"position": {
						"0.0": {
							"vector": [0, 0, 0]
						},
						"0.3": {
							"vector": [-0.475, 1.475, -8.7]
						},
						"0.4": {
							"vector": [-0.195, 1, -7.7]
						},
						"0.5333": {
							"vector": [-0.03, 0.725, -7.7]
						},
						"0.7": {
							"vector": [0, 1.125, -7.7]
						},
						"0.9": {
							"vector": [0.125, 1.4, -8.275]
						},
						"1.2": {
							"vector": [-0.02, 1.475, -8]
						},
						"1.4": {
							"vector": [0.11, 1.425, -8.175]
						},
						"1.6667": {
							"vector": [0.275, 1.25, -7.975]
						},
						"1.8": {
							"vector": [-0.13, -1.19, -8.65]
						},
						"1.9667": {
							"vector": [-0.545, -1.325, -11.15]
						},
						"2.1333": {
							"vector": [-0.415, -1.395, -10.545]
						},
						"2.2667": {
							"vector": [-0.525, -1.455, -9.17]
						},
						"2.4": {
							"vector": [-0.49, -1.43, -9.85]
						},
						"2.5667": {
							"vector": [-0.455, -1.5, -9.24]
						},
						"2.7667": {
							"vector": [-0.53, -1.5, -9.27]
						},
						"3.0": {
							"vector": [-0.49, -1.41, -9.3]
						},
						"3.2333": {
							"vector": [-0.545, -1.325, -9.325]
						},
						"3.3667": {
							"vector": [-1.005, -0.61, -7.41]
						},
						"3.6333": {
							"vector": [0, 0, 0]
						}
					}
				},
				"leftarm": {
					"rotation": {
						"0.0": {
							"vector": [0, 0, 0]
						},
						"0.2667": {
							"vector": [-12.21057, -7.30413, 5.07608]
						},
						"0.7667": {
							"vector": [-12.21057, -7.30413, 5.07608]
						},
						"1.0": {
							"vector": [-17.12023, -21.67084, 23.73639]
						},
						"1.7333": {
							"vector": [-17.12023, -21.67084, 23.73639]
						},
						"2.0333": {
							"vector": [-20, 0, -45]
						},
						"3.3": {
							"vector": [-20, 0, -45]
						},
						"3.5667": {
							"vector": [0, 0, 0]
						}
					},
					"position": {
						"0.0": {
							"vector": [0, 0, 0]
						},
						"0.2667": {
							"vector": [-1.37, -7.025, 3.12]
						},
						"0.7667": {
							"vector": [-1.37, -7.025, 3.12]
						},
						"1.0": {
							"vector": [-8.995, -11.32, 1.145]
						},
						"1.7333": {
							"vector": [-8.995, -11.32, 1.145]
						},
						"2.0333": {
							"vector": [7.35, 9.25, 8.33]
						},
						"3.3": {
							"vector": [7.35, 9.25, 8.33]
						},
						"3.5667": {
							"vector": [0, 0, 0]
						}
					}
				}
			},
			"sound_effects": {
				"0.0": {
					"effect": "inspect_up"
				},
				"0.8": {
					"effect": "inspect_foley"
				},
				"1.3667": {
					"effect": "inspect_turn"
				},
				"3.2667": {
					"effect": "inspect_down"
				}
			}
		},
		"animation.model.fire": {
			"loop": true,
			"animation_length": 0.16,
			"bones": {
				"action": {
					"position": {
						"0.0": {
							"vector": [0, 0, 0]
						},
						"0.08": {
							"vector": [0, 0, 11]
						}
					}
				},
				"main": {
					"rotation": {
						"0.0": {
							"vector": [0, 0, 0]
						},
						"0.04": {
							"vector": [1.34254, -0.74476, -6.37754]
						},
						"0.08": {
							"vector": [2.50198, -0.75289, 0.11115]
						},
						"0.12": {
							"vector": [0, 0, 0]
						}
					},
					"position": {
						"0.0": {
							"vector": [0, 0, 0]
						},
						"0.04": {
							"vector": [0, -0.2, -1.625]
						},
						"0.08": {
							"vector": [0, 0, 0]
						},
						"0.12": {
							"vector": [0, 0, 0]
						}
					}
				},
				"bone7": {
					"position": {
						"0.0": {
							"vector": [0, 0, 0]
						},
						"0.04": {
							"vector": [0, 0, 4.7]
						},
						"0.12": {
							"vector": [0, 0, 0]
						}
					}
				},
				"belt": {
					"position": {
						"0.0": {
							"vector": [0, 0, 0]
						},
						"0.04": {
							"vector": [0, 0, 9.9]
						},
						"0.12": {
							"vector": [0, 0, 0]
						}
					}
				},
				"rightarm": {
					"rotation": {
						"vector": [0, 0, 0]
					},
					"position": {
						"0.0": {
							"vector": [0, 0, 0]
						},
						"0.04": {
							"vector": [0, 0, 2]
						},
						"0.08": {
							"vector": [0, 0, 0]
						}
					}
				},
				"leftarm": {
					"rotation": {
						"0.0": {
							"vector": [0, 0, 0]
						},
						"0.04": {
							"vector": [-2.5, 0, 0]
						},
						"0.12": {
							"vector": [0, 0, 0]
						}
					},
					"position": {
						"0.0": {
							"vector": [0, 0, 0]
						},
						"0.04": {
							"vector": [0, -1, 0]
						},
						"0.12": {
							"vector": [0, 0, 0]
						}
					}
				}
			}
		}
	},
	"geckolib_format_version": 2
}