{
	"format_version": "1.8.0",
	"animations": {
		"animation.model.draw": {
			"animation_length": 0.83333,
			"bones": {
				"main": {
					"rotation": {
						"0.0": {
							"vector": [69.2641, 10.2925, 29.62277]
						},
						"0.2667": {
							"vector": [-1.2683, -1.09742, 2.95577]
						},
						"0.6": {
							"vector": [0, 0, 2.5]
						}
					},
					"position": {
						"0.0": {
							"vector": [0, 0, 1]
						},
						"0.3333": {
							"vector": [0, 0, -5.74]
						},
						"0.5": {
							"vector": [0, 0, 0]
						},
						"0.6": {
							"vector": [0, 0, 0]
						}
					}
				},
				"rightarm": {
					"rotation": {
						"0.0": {
							"vector": [0.77638, -0.2543, -22.09167]
						},
						"0.2333": {
							"vector": [0.18473, 2.91617, -5.73611]
						},
						"0.3333": {
							"vector": [0.06712, -0.02168, -5.1173]
						},
						"0.4333": {
							"vector": [0, 0, 0]
						}
					},
					"position": {
						"vector": [0, 0, 0]
					}
				},
				"leftarm": {
					"rotation": {
						"0.0": {
							"vector": [0, 0, 0]
						},
						"0.2667": {
							"vector": [-7.06854, 25.4449, 1.4377]
						},
						"0.4667": {
							"vector": [0, 0, 0]
						},
						"0.8333": {
							"vector": [0, 0, 0]
						}
					},
					"position": {
						"0.0": {
							"vector": [0, 0, 4]
						},
						"0.2667": {
							"vector": [5, 1, -2.22]
						},
						"0.4667": {
							"vector": [0, 0, 0]
						},
						"0.8333": {
							"vector": [0, 0, 0]
						}
					}
				},
				"bone": {
					"rotation": {
						"0.0": {
							"vector": [27.5, 0, 0]
						},
						"0.2": {
							"vector": [-5.42055, -8.76239, -7.26151]
						},
						"0.4333": {
							"vector": [0, 0, 0]
						},
						"0.7333": {
							"vector": [0, 0, 0]
						}
					}
				}
			}
		},
		"animation.model.inspect": {
			"loop": true,
			"animation_length": 5.6,
			"bones": {
				"main": {
					"rotation": {
						"0.0": {
							"vector": [0, 0, 0]
						},
						"0.1": {
							"vector": [-0.63018, -1.1222, 3.74344]
						},
						"0.2333": {
							"vector": [-25.85594, -11.03048, -17.81268]
						},
						"0.4": {
							"vector": [-44.33183, -12.68502, -19.6707]
						},
						"0.6667": {
							"vector": [-46.76826, -10.01885, -22.30045]
						},
						"0.8333": {
							"vector": [-44.33183, -12.68502, -19.6707]
						},
						"1.0": {
							"vector": [-41.33183, -12.68502, -19.6707]
						},
						"1.2667": {
							"vector": [-30.33649, -14.06809, -21.81142]
						},
						"1.5": {
							"vector": [-21.59798, -18.17556, -27.86906]
						},
						"2.0333": {
							"vector": [-20.96229, -26.04164, -25.55906]
						},
						"2.3667": {
							"vector": [-15.89338, -25.50952, -23.41809]
						},
						"2.6": {
							"vector": [-36.41141, -1.59648, 0.58026]
						},
						"2.8": {
							"vector": [-28.8978, 0.47854, -0.81426]
						},
						"2.9667": {
							"vector": [-65.67029, 8.32279, 5.7292]
						},
						"3.2667": {
							"vector": [-65.3519, 15.14338, 8.89954]
						},
						"3.5667": {
							"vector": [-63.53338, 22.41465, 14.50984]
						},
						"3.7667": {
							"vector": [-65.52401, 20.72875, 8.69543]
						},
						"3.9667": {
							"vector": [-21.95699, 27.10457, 23.5674]
						},
						"4.2": {
							"vector": [3.02886, 6.83355, 0.73667]
						},
						"4.4": {
							"vector": [9.44525, 5.15263, 0.55546]
						},
						"4.5": {
							"vector": [0, 0, 0]
						},
						"4.6": {
							"vector": [0, 0, 0]
						},
						"4.6333": {
							"vector": [-0.10471, 1.99726, -3.00183]
						},
						"4.8": {
							"vector": [0, 0, 0]
						}
					},
					"position": {
						"0.0": {
							"vector": [0, 0, 0]
						},
						"0.1333": {
							"vector": [0, 0, 0]
						},
						"0.2667": {
							"vector": [-1.4, -1.3, 0]
						},
						"0.3667": {
							"vector": [-2.7, -5, 0.6]
						},
						"0.5667": {
							"vector": [-2.7, -2, -1.9]
						},
						"0.7667": {
							"vector": [-2.7, -5, 0.6]
						},
						"1.0": {
							"vector": [-2.7, -6, 0.6]
						},
						"1.1667": {
							"vector": [-3.7, -1.7, 0]
						},
						"1.4333": {
							"vector": [-3.3, -0.9, -0.5]
						},
						"1.6333": {
							"vector": [-4.8, 1.4, -0.5]
						},
						"1.9": {
							"vector": [-5.2, 0.8, -1.6]
						},
						"2.1333": {
							"vector": [-6.4, 1.5, -2]
						},
						"2.6667": {
							"vector": [-3.4, 0.5, -2]
						},
						"2.8333": {
							"vector": [-3.4, -8.5, -2]
						},
						"3.0333": {
							"vector": [-2, -5.2, -2]
						},
						"3.2": {
							"vector": [-2, -6, -2.9]
						},
						"3.4667": {
							"vector": [-2.7, -6.5, -2.9]
						},
						"3.7333": {
							"vector": [-2.1, -6, -2.9]
						},
						"3.8667": {
							"vector": [1.9, 1, -6.9]
						},
						"4.3333": {
							"vector": [0, 0, 0]
						},
						"4.6333": {
							"vector": [0, 0, 0]
						},
						"4.6667": {
							"vector": [-0.4, 0, 0]
						},
						"4.8": {
							"vector": [0, 0, 0]
						}
					}
				},
				"rightarm": {
					"rotation": {
						"0.0": {
							"vector": [0, 0, 0]
						},
						"0.2333": {
							"vector": [0, 0, 0]
						},
						"0.3667": {
							"vector": [11, 0, 0]
						},
						"0.5333": {
							"vector": [13.69538, 3.57636, -26.5025]
						},
						"0.7333": {
							"vector": [17.7048, 0.61214, -7.1888]
						},
						"1.0": {
							"vector": [24.92004, 0.61214, -7.1888]
						},
						"2.8333": {
							"vector": [24.92, 0.61, -7.19]
						},
						"3.0": {
							"vector": [27.12006, 3.69029, -19.50338]
						},
						"3.7333": {
							"vector": [26.17456, -2.21216, -15.86656]
						},
						"3.9667": {
							"vector": [33.67456, -2.21216, -15.86656]
						},
						"4.1667": {
							"vector": [20.66034, -17.24037, -44.79075]
						},
						"4.3": {
							"vector": [1.51876, 0.06732, -30.39845]
						},
						"4.4667": {
							"vector": [0, 0, 0]
						}
					},
					"position": {
						"0.0": {
							"vector": [0, 0, 0]
						},
						"0.3333": {
							"vector": [0, -1.5, 1.7]
						},
						"0.6": {
							"vector": [0, -1.5, -0.2]
						},
						"0.8333": {
							"vector": [0.5, -1.6, -0.2]
						},
						"1.1": {
							"vector": [1.5, 1.4, 0.8]
						},
						"2.9": {
							"vector": [1.5, 1.4, 0.8]
						},
						"3.1": {
							"vector": [3.5, 1.4, 0.8]
						},
						"3.7333": {
							"vector": [3.5, 1.4, 0.8]
						},
						"3.8667": {
							"vector": [3.5, 1.4, -1.3]
						},
						"4.0667": {
							"vector": [-1.24, -5.24, -2.62]
						},
						"4.2": {
							"vector": [1.1, -6.4, -1.9]
						},
						"4.3": {
							"vector": [3.11, -3.38, -1]
						},
						"4.4": {
							"vector": [0, 0, 0]
						}
					}
				},
				"leftarm": {
					"rotation": {
						"0.0": {
							"vector": [0, 0, 0]
						},
						"0.1333": {
							"vector": [30.42787, -17.05872, -10.32753]
						},
						"0.2333": {
							"vector": [46.76393, 34.88349, -2.30334]
						},
						"1.1333": {
							"vector": [24, 6.25, 8.92]
						},
						"1.3333": {
							"vector": [6.60795, 4.09679, 10.19496]
						},
						"2.0333": {
							"vector": [4.10795, 4.09679, 10.19496]
						},
						"2.3333": {
							"vector": [4.48154, 6.77954, 14.37204]
						},
						"2.5667": {
							"vector": [1.48038, -17.39583, -0.18378]
						},
						"2.7333": {
							"vector": [10.60179, -26.81739, -25.47825]
						},
						"3.2": {
							"vector": [13.48182, -27.65693, -27.41747]
						},
						"3.5": {
							"vector": [20.02946, -32.81454, -43.01086]
						},
						"3.7333": {
							"vector": [20.03, -32.81, -43.01]
						},
						"3.8333": {
							"vector": [11.51417, -44.15649, -37.84161]
						},
						"3.9667": {
							"vector": [26.51417, -44.15649, -37.84161]
						},
						"4.6": {
							"vector": [7, 15, 24]
						},
						"4.7667": {
							"vector": [0, 0, 0]
						}
					},
					"position": {
						"0.0": {
							"vector": [0, 0, 0]
						},
						"0.2333": {
							"vector": [7.4, -27.9, 3.8]
						},
						"0.3667": {
							"vector": [25.75, -5.03, 28.33]
						},
						"0.9667": {
							"vector": [-5.4, -9.2, 35.3]
						},
						"1.4": {
							"vector": [3.6, -7.2, 9.3]
						},
						"1.8333": {
							"vector": [3.6, -6.2, 8.3]
						},
						"2.4": {
							"vector": [3.6, -6.2, 8.3]
						},
						"2.5": {
							"vector": [3.6, -0.62, 7.15]
						},
						"2.6667": {
							"vector": [-0.4, 3.8, 6.3]
						},
						"2.8": {
							"vector": [-0.4, 3.8, 6.3]
						},
						"2.8333": {
							"vector": [-0.4, -2.2, 12.3]
						},
						"3.7333": {
							"vector": [-0.4, -2.2, 12.3]
						},
						"3.8667": {
							"vector": [7.6, -2.2, 12.3]
						},
						"4.0333": {
							"vector": [13.6, -2.2, 12.3]
						},
						"4.4333": {
							"vector": [10.6, -2.2, 5.3]
						},
						"4.6333": {
							"vector": [0, 0, 0]
						},
						"4.7667": {
							"vector": [0, 0, 0]
						}
					}
				},
				"bone": {
					"rotation": {
						"0.0": {
							"vector": [0, 0, 0]
						},
						"0.2": {
							"vector": [0, 0, 0]
						},
						"0.2667": {
							"vector": [-22.25693, -2.85341, -6.87138]
						},
						"0.4333": {
							"vector": [-168.3, 2.15, -16.87]
						},
						"0.6333": {
							"vector": [-329.74112, -0.98564, -10.60043]
						},
						"0.8333": {
							"vector": [-419.75693, -2.85341, -6.87138]
						},
						"0.9667": {
							"vector": [-429.75693, -2.85341, -6.87138]
						},
						"1.1333": {
							"vector": [-412.08507, -9.5661, -12.68598]
						},
						"1.3": {
							"vector": [-408.84594, -11.0748, -14.02056]
						},
						"1.6": {
							"vector": [-400.35956, -13.02751, -16.3495]
						},
						"2.1": {
							"vector": [-402.24397, -13.02751, -16.3495]
						},
						"2.3333": {
							"vector": [-402.24, -13.03, -16.35]
						},
						"2.6667": {
							"vector": [-372.36231, -2.23716, -0.52125]
						},
						"3.7667": {
							"vector": [-372.36, -2.24, -0.52]
						},
						"3.8667": {
							"vector": [-339.86, -2.24, -0.52]
						},
						"4.2667": {
							"vector": [7.2653, 1.38589, -12.32046]
						},
						"4.3667": {
							"vector": [35.88226, 6.8816, -12.48367]
						},
						"4.6": {
							"vector": [0, 0, 0]
						},
						"4.7667": {
							"vector": [0, 0, 0]
						}
					},
					"position": {
						"0.0": {
							"vector": [0, 0, 0]
						},
						"0.1667": {
							"vector": [1.8, 0, 0]
						},
						"0.2333": {
							"vector": [3.3, 1, -0.7]
						},
						"0.3667": {
							"vector": [3.3, -3.6, 4.9]
						},
						"0.5333": {
							"vector": [3.3, -3.8, -1]
						},
						"0.7": {
							"vector": [3.3, -2.8, -2.2]
						},
						"0.8667": {
							"vector": [3.3, -4.1, -0.7]
						},
						"0.9333": {
							"vector": [3.3, -4.9, 0.2]
						},
						"1.0667": {
							"vector": [4.8, -2.8, 1]
						},
						"1.4667": {
							"vector": [4.8, -2.8, 1]
						},
						"1.7": {
							"vector": [5.9, -2.9, 2.4]
						},
						"2.3": {
							"vector": [5.9, -2.9, 2.4]
						},
						"2.5667": {
							"vector": [4.9, -5.9, 0.4]
						},
						"3.7667": {
							"vector": [4.9, -5.9, 0.4]
						},
						"3.9": {
							"vector": [4.9, -7.5, -2]
						},
						"4.0333": {
							"vector": [5.92, -6, -1.6]
						},
						"4.1667": {
							"vector": [5.33, -3.37, -0.9]
						},
						"4.3333": {
							"vector": [0, 0, 0]
						},
						"4.7": {
							"vector": [0, 0, 0]
						},
						"4.7667": {
							"vector": [0, 0, 0]
						}
					}
				},
				"slide": {
					"position": {
						"2.8": {
							"vector": [0, 0, 0]
						},
						"2.8333": {
							"vector": [0, 0, 5]
						},
						"3.8": {
							"vector": [0, 0, 5]
						},
						"3.9": {
							"vector": [0, 0, -1]
						},
						"3.9667": {
							"vector": [0, 0, 0]
						}
					}
				}
			},
			"sound_effects": {
				"0.0": {
					"effect": "inspect_up"
				},
				"0.4": {
					"effect": "foley_start"
				},
				"1.1": {
					"effect": "foley_end"
				},
				"1.3333": {
					"effect": "inspect_foley"
				},
				"2.4333": {
					"effect": "inspect_turn"
				},
				"2.7667": {
					"effect": "foley_start"
				},
				"2.8667": {
					"effect": "pistol_slide"
				},
				"3.6333": {
					"effect": "inspect_down"
				},
				"3.7667": {
					"effect": "pistol_slide"
				},
				"4.0667": {
					"effect": "inspect_foley"
				},
				"4.2": {
					"effect": "foley_start"
				},
				"4.5": {
					"effect": "inspect_up"
				},
				"5.6": {
					"effect": "foley_end"
				}
			}
		},
		"animation.model.fire": {
			"loop": true,
			"animation_length": 0.26667,
			"bones": {
				"main": {
					"rotation": {
						"0.0": {
							"vector": [0, 0, 0]
						},
						"0.0333": {
							"vector": [2.4905, -0.21782, 4.99527]
						},
						"0.1": {
							"vector": [0, 0, 0]
						}
					},
					"position": {
						"0.0": {
							"vector": [0, 0, 0]
						},
						"0.0333": {
							"vector": [0, 0, -1]
						},
						"0.1": {
							"vector": [0, 0, 0]
						}
					}
				},
				"rightarm": {
					"position": {
						"0.0": {
							"vector": [0, 0, 0]
						},
						"0.0333": {
							"vector": [0, 0, 3]
						},
						"0.1": {
							"vector": [0, 0, 0]
						}
					}
				},
				"leftarm": {
					"rotation": {
						"0.0": {
							"vector": [0, 0, 0]
						},
						"0.0333": {
							"vector": [0, 0, -2.5]
						},
						"0.1": {
							"vector": [0, 0, 0]
						}
					},
					"position": {
						"0.0": {
							"vector": [0, 0, 0]
						},
						"0.0333": {
							"vector": [0.5, 0, 0]
						},
						"0.1": {
							"vector": [0, 0, 0]
						}
					}
				},
				"slide": {
					"rotation": {
						"vector": [0, 0, 0]
					},
					"position": {
						"0.0": {
							"vector": [0, 0, 0]
						},
						"0.0333": {
							"vector": [0, 0, 5]
						},
						"0.1": {
							"vector": [0, 0, 0]
						}
					}
				}
			}
		},
		"animation.model.reloadempty": {
			"loop": true,
			"animation_length": 2.4,
			"bones": {
				"main": {
					"rotation": {
						"0.0": {
							"vector": [0, 0, 0]
						},
						"0.3": {
							"vector": [-14.23561, -12.33285, -24.29674]
						},
						"0.4667": {
							"vector": [-17.4412, -15.33745, -18.522]
						},
						"0.6": {
							"vector": [-16.17799, -20.2512, -29.93598]
						},
						"0.7667": {
							"vector": [-18.64417, -16.15689, -16.96587]
						},
						"0.9": {
							"vector": [-17.94238, -16.1511, -19.43501]
						},
						"1.1333": {
							"vector": [-12.20766, -22.20015, -29.60669]
						},
						"1.2": {
							"vector": [-13.33941, -21.67869, -27.24703]
						},
						"1.3667": {
							"vector": [-10.86906, -21.87726, -37.13512]
						},
						"1.4667": {
							"vector": [-13.60239, -22.21142, -29.88126]
						},
						"1.5333": {
							"vector": [-12.85305, -21.75948, -31.93166]
						},
						"1.6333": {
							"vector": [-14.15978, -20.03277, -28.25011]
						},
						"1.7667": {
							"vector": [-16.63385, -13.86724, -18.64254]
						},
						"1.8333": {
							"vector": [-11.22806, -12.03019, -24.08941]
						},
						"2.0": {
							"vector": [-5.5963, -2.79761, -10.07197]
						},
						"2.1333": {
							"vector": [0, 0, 0]
						}
					},
					"position": {
						"0.0": {
							"vector": [0, 0, 0]
						},
						"0.1333": {
							"vector": [-1.47, -2.115, -2.09]
						},
						"0.3": {
							"vector": [-4.325, -1.47, -9.18]
						},
						"0.6333": {
							"vector": [-5.6, 1.075, -11]
						},
						"0.8": {
							"vector": [-4.245, -0.96, -11.07]
						},
						"0.9": {
							"vector": [-4.295, 0.53, -11.14]
						},
						"1.1333": {
							"vector": [-4.945, 3.61, -11.25]
						},
						"1.3": {
							"vector": [-5.19, 2.71, -10.775]
						},
						"1.3667": {
							"vector": [-4.64, -0.515, -10.52]
						},
						"1.5": {
							"vector": [-4.685, 0.23, -10.77]
						},
						"1.6333": {
							"vector": [-5.285, 0.955, -9.045]
						},
						"1.7": {
							"vector": [-4.85, 0.35, -14.14]
						},
						"1.8": {
							"vector": [-3.93, -0.38, -7.86]
						},
						"1.9667": {
							"vector": [-2.1, -1.855, -3.71]
						},
						"2.0333": {
							"vector": [0, 0, 0]
						}
					}
				},
				"magazine": {
					"rotation": {
						"0.0": {
							"vector": [0, 0, 0]
						},
						"0.4667": {
							"vector": [0, 0, 0]
						},
						"0.6667": {
							"vector": [0, 0, 0]
						},
						"0.8667": {
							"vector": [0, 0, -7.25]
						}
					},
					"position": {
						"0.0": {
							"vector": [0, 0, 0]
						},
						"0.4667": {
							"vector": [0, 0, 0]
						},
						"0.6667": {
							"vector": [0, -15.05, 5.95]
						},
						"0.8667": {
							"vector": [-0.5, -35.85, 6.675]
						},
						"1.0": {
							"vector": [-0.5, -51.875, 12.405]
						}
					}
				},
				"rightarm": {
					"rotation": {
						"0.0": {
							"vector": [0, 0, 0]
						},
						"0.1667": {
							"vector": [0, 0, 0]
						},
						"0.3333": {
							"vector": [3.25, 0, -6.5]
						},
						"1.5": {
							"vector": [3.25, 0, -6.5]
						},
						"1.6": {
							"vector": [3.31625, -1.55991, -14.01702]
						},
						"1.6667": {
							"vector": [1.30382, 0.08344, -5.20747]
						},
						"2.1": {
							"vector": [0, 0, 0]
						}
					},
					"position": {
						"0.0": {
							"vector": [0, 0, 0]
						},
						"0.1667": {
							"vector": [0, 0, 0]
						},
						"0.3333": {
							"vector": [1.39059, 1.16785, 2.67603]
						},
						"1.5": {
							"vector": [1.39059, 1.16785, 2.67603]
						},
						"1.6": {
							"vector": [1.27, -0.03, 0.775]
						},
						"1.6667": {
							"vector": [1.04, -0.02, 1.48]
						},
						"1.8": {
							"vector": [0.08, -0.01, 2.115]
						},
						"2.1": {
							"vector": [0, 0, 0]
						}
					}
				},
				"leftarm": {
					"rotation": {
						"0.0": {
							"vector": [0, 0, 0]
						},
						"0.1333": {
							"vector": [-2.94183, -0.84871, 0.53206]
						},
						"0.3667": {
							"vector": [-34.09719, -6.35962, 11.49277]
						},
						"0.4667": {
							"vector": [-34.85309, -7.37916, 13.49856]
						},
						"0.6667": {
							"vector": [-22.10309, -7.37916, 13.49856]
						},
						"0.8": {
							"vector": [-8.82375, -6.15199, 16.50779]
						},
						"0.9333": {
							"vector": [-8.84435, -6.54321, 13.96378]
						},
						"1.1": {
							"vector": [-8.93768, -2.9892, 11.20151]
						},
						"1.1667": {
							"vector": [-8.88098, -4.37074, 12.2772]
						},
						"1.3": {
							"vector": [-5.38098, -4.37074, 12.2772]
						},
						"1.3667": {
							"vector": [-9.63098, -4.37074, 12.2772]
						},
						"1.5333": {
							"vector": [-9.63098, -4.37074, 12.2772]
						},
						"1.8": {
							"vector": [-9.63098, -4.37074, 12.2772]
						},
						"2.0": {
							"vector": [-4.1828, -9.05978, 10.1076]
						},
						"2.1333": {
							"vector": [0, 0, 0]
						}
					},
					"position": {
						"0.0": {
							"vector": [0, 0, 0]
						},
						"0.1333": {
							"vector": [3.06353, -27.8457, 6.5752]
						},
						"0.3667": {
							"vector": [-2.18586, -17.03057, -4.33257]
						},
						"0.4667": {
							"vector": [-2.49088, -15.52169, -5.59114]
						},
						"0.6667": {
							"vector": [-2.3499, -27.95239, 4.7977]
						},
						"0.8": {
							"vector": [-3.4603, -23.9817, 8.73976]
						},
						"0.9333": {
							"vector": [-3.60656, -21.9953, 8.00679]
						},
						"1.1": {
							"vector": [-5.19091, -21.36184, 6.5153]
						},
						"1.1667": {
							"vector": [-5.25548, -21.12283, 6.49328]
						},
						"1.3": {
							"vector": [-5.38176, -15.62287, 7.71139]
						},
						"1.3667": {
							"vector": [-4.97485, -10.95553, 3.12322]
						},
						"1.5333": {
							"vector": [-4.97485, -10.95553, 3.12322]
						},
						"1.8": {
							"vector": [-11.69937, -28.42255, 14.96425]
						},
						"2.0": {
							"vector": [-0.8059, -13.06757, 7.85156]
						},
						"2.1333": {
							"vector": [0, 0, 0]
						}
					}
				},
				"slide": {
					"position": {
						"0.0": {
							"vector": [0, 0, 5.5]
						},
						"1.6333": {
							"vector": [0, 0, 5.5]
						},
						"1.6667": {
							"vector": [0, 0, 0]
						}
					}
				},
				"bullet": {
					"rotation": {
						"vector": [0, 0, 0]
					},
					"position": {
						"vector": [0, -2, 0]
					}
				},
				"magazine2": {
					"rotation": {
						"0.0": {
							"vector": [0, 0, 0]
						},
						"0.3667": {
							"vector": [-43.98368, -8.49607, 16.49469]
						},
						"0.4667": {
							"vector": [-43.98368, -8.49607, 16.49469]
						},
						"0.6667": {
							"vector": [-43.98368, -8.49607, 16.49469]
						},
						"0.8": {
							"vector": [-10.62095, -11.32204, 2.83197]
						},
						"0.9": {
							"vector": [6.72864, -6.27404, -8.11323]
						},
						"1.1": {
							"vector": [-6.03705, 1.80088, 2.10744]
						},
						"1.1667": {
							"vector": [-6.25, 0, 0]
						},
						"1.3": {
							"vector": [-1.25, 0, 0]
						},
						"1.3667": {
							"vector": [0, 0, 0]
						}
					},
					"position": {
						"0.0": {
							"vector": [12.425, -18.325, 3.725]
						},
						"0.0333": {
							"vector": [12.5093, -17.35891, 3.69373]
						},
						"0.1333": {
							"vector": [3.29324, -20.92333, 5.4236]
						},
						"0.3667": {
							"vector": [1.95787, -3.62636, 3.03066]
						},
						"0.4667": {
							"vector": [2.72213, -2.40245, 2.33931]
						},
						"0.6667": {
							"vector": [3.195, -16.625, 7.79]
						},
						"0.8": {
							"vector": [3.2, -17.07, 7.79]
						},
						"0.9": {
							"vector": [2.75, -15.12, 7.79]
						},
						"1.1": {
							"vector": [-0.65, -15.025, 3.8]
						},
						"1.1667": {
							"vector": [0, -15, 3.525]
						},
						"1.3": {
							"vector": [0, -11.2, 3.85]
						},
						"1.3667": {
							"vector": [0, 0, 0]
						}
					},
					"scale": {
						"0.0": {
							"vector": [0, 0, 0]
						},
						"0.0333": {
							"vector": [1, 1, 1]
						}
					}
				}
			},
			"sound_effects": {
				"0.4667": {
					"effect": "pistol_magout"
				},
				"1.2667": {
					"effect": "pistol_magin"
				},
				"1.6": {
					"effect": "pistol_slide"
				}
			}
		},
		"animation.model.reload": {
			"loop": true,
			"animation_length": 2.4,
			"bones": {
				"main": {
					"rotation": {
						"0.0": {
							"vector": [0, 0, 0]
						},
						"0.3": {
							"vector": [-9.72651, -19.14639, -25.18261]
						},
						"0.4333": {
							"vector": [-11.27229, -23.23324, -31.02061]
						},
						"0.5333": {
							"vector": [-11.99684, -26.69847, -31.60479]
						},
						"0.6667": {
							"vector": [-13.80625, -25.61715, -27.59468]
						},
						"0.8": {
							"vector": [-12.70612, -24.61567, -30.1244]
						},
						"0.9333": {
							"vector": [-14.41231, -21.31259, -25.68364]
						},
						"1.1": {
							"vector": [-12.20766, -22.20015, -29.60669]
						},
						"1.1667": {
							"vector": [-13.33941, -21.67869, -27.24703]
						},
						"1.3333": {
							"vector": [-10.86906, -21.87726, -37.13512]
						},
						"1.4333": {
							"vector": [-13.60239, -22.21142, -29.88126]
						},
						"1.5": {
							"vector": [-12.85305, -21.75948, -31.93166]
						},
						"1.6333": {
							"vector": [-14.15978, -20.03277, -28.25011]
						},
						"1.7667": {
							"vector": [-14.07123, -20.09374, -28.50822]
						},
						"1.9667": {
							"vector": [-5.5963, -2.79761, -10.07197]
						},
						"2.1": {
							"vector": [0, 0, 0]
						}
					},
					"position": {
						"0.0": {
							"vector": [0, 0, 0]
						},
						"0.1333": {
							"vector": [-1.47, -2.115, -2.09]
						},
						"0.2667": {
							"vector": [-4.325, -1.47, -9.18]
						},
						"0.4667": {
							"vector": [-5.25, 1.455, -10.505]
						},
						"0.6667": {
							"vector": [-5.6, -0.15, -11]
						},
						"0.8667": {
							"vector": [-4.47, 2.105, -11.25]
						},
						"1.1": {
							"vector": [-4.945, 3.86, -11.25]
						},
						"1.2667": {
							"vector": [-5.19, 3.21, -10.775]
						},
						"1.3333": {
							"vector": [-4.64, -0.515, -10.52]
						},
						"1.4667": {
							"vector": [-4.685, 0.73, -10.77]
						},
						"1.6333": {
							"vector": [-5.285, 0.955, -9.045]
						},
						"1.8": {
							"vector": [-4.205, -0.565, -7.415]
						},
						"1.9333": {
							"vector": [-2.1, -1.855, -3.71]
						},
						"2.0": {
							"vector": [0, 0, 0]
						}
					}
				},
				"magazine": {
					"rotation": {
						"0.0": {
							"vector": [0, 0, 0]
						},
						"0.4333": {
							"vector": [0, 0, 0]
						},
						"0.6333": {
							"vector": [0, 0, 0]
						},
						"0.7667": {
							"vector": [20.09271, 3.99691, -7.50549]
						},
						"0.8667": {
							"vector": [45.116, 3.98156, -10.76335]
						},
						"1.0333": {
							"vector": [36.48736, 5.17273, -12.3751]
						},
						"1.1333": {
							"vector": [34.98736, 5.17273, -12.3751]
						},
						"1.2667": {
							"vector": [34.98736, 5.17273, -12.3751]
						},
						"1.3333": {
							"vector": [34.98736, 5.17273, -12.3751]
						},
						"1.5": {
							"vector": [34.98736, 5.17273, -12.3751]
						},
						"1.7667": {
							"vector": [34.98736, 5.17273, -12.3751]
						}
					},
					"position": {
						"0.0": {
							"vector": [0, 0, 0]
						},
						"0.4333": {
							"vector": [0, 0, 0]
						},
						"0.6333": {
							"vector": [0, -15.05, 5.95]
						},
						"0.7667": {
							"vector": [-0.95, -16.23, 6.38]
						},
						"0.8667": {
							"vector": [-1.625, -14.88, 6.38]
						},
						"1.0333": {
							"vector": [-4.145, -14.355, 3.18]
						},
						"1.1333": {
							"vector": [-3.525, -14.35, 3.58]
						},
						"1.2667": {
							"vector": [-3.6, -11.25, 3.58]
						},
						"1.3333": {
							"vector": [-3.15, -0.475, 1.255]
						},
						"1.5": {
							"vector": [-3.15, -0.475, 1.255]
						},
						"1.7667": {
							"vector": [-7.78576, -19.70992, 14.82667]
						}
					}
				},
				"rightarm": {
					"rotation": {
						"0.0": {
							"vector": [0, 0, 0]
						},
						"0.2": {
							"vector": [0, 0, 0]
						},
						"0.4333": {
							"vector": [3.25, 0, -6.5]
						},
						"1.8": {
							"vector": [3.25, 0, -6.5]
						},
						"2.0667": {
							"vector": [0, 0, 0]
						}
					},
					"position": {
						"0.0": {
							"vector": [0, 0, 0]
						},
						"0.2": {
							"vector": [0, 0, 0]
						},
						"0.4333": {
							"vector": [1.39059, 1.16785, 2.67603]
						},
						"1.8": {
							"vector": [1.39059, 1.16785, 2.67603]
						},
						"2.0667": {
							"vector": [0, 0, 0]
						}
					}
				},
				"leftarm": {
					"rotation": {
						"0.0": {
							"vector": [0, 0, 0]
						},
						"0.1667": {
							"vector": [-2.94183, -0.84871, 0.53206]
						},
						"0.3333": {
							"vector": [-34.09719, -6.35962, 11.49277]
						},
						"0.4333": {
							"vector": [-34.85309, -7.37916, 13.49856]
						},
						"0.6333": {
							"vector": [-22.10309, -7.37916, 13.49856]
						},
						"0.7667": {
							"vector": [-8.82375, -6.15199, 16.50779]
						},
						"0.8667": {
							"vector": [-8.84435, -6.54321, 13.96378]
						},
						"1.0667": {
							"vector": [-8.93768, -2.9892, 11.20151]
						},
						"1.1333": {
							"vector": [-8.88098, -4.37074, 12.2772]
						},
						"1.2667": {
							"vector": [-5.38098, -4.37074, 12.2772]
						},
						"1.3333": {
							"vector": [-9.63098, -4.37074, 12.2772]
						},
						"1.5": {
							"vector": [-9.63098, -4.37074, 12.2772]
						},
						"1.7667": {
							"vector": [-9.63098, -4.37074, 12.2772]
						},
						"1.9667": {
							"vector": [-4.1828, -9.05978, 10.1076]
						},
						"2.1": {
							"vector": [0, 0, 0]
						}
					},
					"position": {
						"0.0": {
							"vector": [0, 0, 0]
						},
						"0.1667": {
							"vector": [3.06353, -27.8457, 6.5752]
						},
						"0.3333": {
							"vector": [-2.18586, -17.03057, -4.33257]
						},
						"0.4333": {
							"vector": [-2.49088, -15.52169, -5.59114]
						},
						"0.6333": {
							"vector": [-2.3499, -27.95239, 4.7977]
						},
						"0.7667": {
							"vector": [-3.4603, -23.9817, 8.73976]
						},
						"0.8667": {
							"vector": [-3.60656, -21.9953, 8.00679]
						},
						"1.0667": {
							"vector": [-5.19091, -21.36184, 6.5153]
						},
						"1.1333": {
							"vector": [-5.25548, -21.12283, 6.49328]
						},
						"1.2667": {
							"vector": [-5.38176, -15.62287, 7.71139]
						},
						"1.3333": {
							"vector": [-4.97485, -10.95553, 3.12322]
						},
						"1.5": {
							"vector": [-4.97485, -10.95553, 3.12322]
						},
						"1.7667": {
							"vector": [-11.69937, -28.42255, 14.96425]
						},
						"1.9667": {
							"vector": [-0.8059, -13.06757, 7.85156]
						},
						"2.1": {
							"vector": [0, 0, 0]
						}
					}
				},
				"magazine2": {
					"rotation": {
						"0.0": {
							"vector": [0, 0, 0]
						},
						"0.3333": {
							"vector": [-43.98368, -8.49607, 16.49469]
						},
						"0.4333": {
							"vector": [-43.98368, -8.49607, 16.49469]
						},
						"0.6333": {
							"vector": [-43.98368, -8.49607, 16.49469]
						},
						"0.7667": {
							"vector": [-10.62095, -11.32204, 2.83197]
						},
						"0.8667": {
							"vector": [6.72864, -6.27404, -8.11323]
						},
						"1.0333": {
							"vector": [-6.03705, 1.80088, 2.10744]
						},
						"1.1333": {
							"vector": [-6.25, 0, 0]
						},
						"1.2667": {
							"vector": [-1.25, 0, 0]
						},
						"1.3333": {
							"vector": [0, 0, 0]
						}
					},
					"position": {
						"0.0": {
							"vector": [12.425, -18.325, 3.725]
						},
						"0.0333": {
							"vector": [12.5093, -17.35891, 3.69373]
						},
						"0.1333": {
							"vector": [3.29324, -20.92333, 5.4236]
						},
						"0.3333": {
							"vector": [1.95787, -3.62636, 3.03066]
						},
						"0.4333": {
							"vector": [2.72213, -2.40245, 2.33931]
						},
						"0.6333": {
							"vector": [3.195, -16.625, 7.79]
						},
						"0.7667": {
							"vector": [3.2, -17.07, 7.79]
						},
						"0.8667": {
							"vector": [2.75, -15.12, 7.79]
						},
						"1.0333": {
							"vector": [-0.65, -15.025, 3.8]
						},
						"1.1333": {
							"vector": [0, -15, 3.525]
						},
						"1.2667": {
							"vector": [0, -11.2, 3.85]
						},
						"1.3333": {
							"vector": [0, 0, 0]
						}
					},
					"scale": {
						"0.0": {
							"vector": [0, 0, 0]
						},
						"0.0333": {
							"vector": [1, 1, 1]
						}
					}
				}
			},
			"sound_effects": {
				"0.3667": {
					"effect": "pistol_magout"
				},
				"1.1667": {
					"effect": "pistol_magin"
				}
			}
		}
	},
	"geckolib_format_version": 2
}