{
	"format_version": "1.12.0",
	"minecraft:geometry": [
		{
			"description": {
				"identifier": "geometry.unknown",
				"texture_width": 64,
				"texture_height": 64,
				"visible_bounds_width": 8,
				"visible_bounds_height": 4,
				"visible_bounds_offset": [0, 1, 0]
			},
			"bones": [
				{
					"name": "ammo",
					"pivot": [0, 0, 0],
					"cubes": [
						{
							"origin": [-5.2, 4.6, -7.6],
							"size": [5.4, 0.4, 7.6],
							"uv": {
								"north": {"uv": [25, 11], "uv_size": [6, 0.5]},
								"east": {"uv": [6, 25], "uv_size": [8, 0.5]},
								"south": {"uv": [25, 12], "uv_size": [6, 0.5]},
								"west": {"uv": [25, 6], "uv_size": [8, 0.5]},
								"up": {"uv": [0, 0], "uv_size": [6, 8]},
								"down": {"uv": [6, 8], "uv_size": [6, -8]}
							}
						},
						{
							"origin": [-5.6, 0, -8],
							"size": [6.2, 5, 0.4],
							"uv": {
								"north": {"uv": [18, 20], "uv_size": [5.5, 4]},
								"east": {"uv": [25, 29], "uv_size": [0.5, 4]},
								"south": {"uv": [0, 24], "uv_size": [5.5, 4]},
								"west": {"uv": [26, 29], "uv_size": [0.5, 4]},
								"up": {"uv": [25, 15], "uv_size": [5.5, 0.5]},
								"down": {"uv": [0, 28.5], "uv_size": [5.5, -0.5]}
							}
						},
						{
							"origin": [-5.2, 0, -7.6],
							"size": [5.4, 0.4, 7.6],
							"uv": {
								"north": {"uv": [25, 13], "uv_size": [6, 0.5]},
								"east": {"uv": [25, 7], "uv_size": [8, 0.5]},
								"south": {"uv": [25, 14], "uv_size": [6, 0.5]},
								"west": {"uv": [25, 8], "uv_size": [8, 0.5]},
								"up": {"uv": [0, 8], "uv_size": [6, 8]},
								"down": {"uv": [6, 16], "uv_size": [6, -8]}
							}
						},
						{
							"origin": [-5, 0, 4.7],
							"size": [5, 0.1, 2.7],
							"pivot": [-2.4, 0, 4.7],
							"rotation": [72.5, 0, 0],
							"uv": {
								"north": {"uv": [18, 28], "uv_size": [5, 0.5]},
								"east": {"uv": [29, 23], "uv_size": [2.5, 0.5]},
								"south": {"uv": [23, 28], "uv_size": [5, 0.5]},
								"west": {"uv": [30, 4], "uv_size": [2.5, 0.5]},
								"up": {"uv": [25, 0], "uv_size": [5, 2.5]},
								"down": {"uv": [25, 5.5], "uv_size": [5, -2.5]}
							}
						},
						{
							"origin": [-5, 0, 0],
							"size": [5, 0.1, 4.7],
							"uv": {
								"north": {"uv": [28, 24], "uv_size": [5, 0.5]},
								"east": {"uv": [18, 29], "uv_size": [4.5, 0.5]},
								"south": {"uv": [28, 25], "uv_size": [5, 0.5]},
								"west": {"uv": [29, 18], "uv_size": [4.5, 0.5]},
								"up": {"uv": [8, 20], "uv_size": [5, 4.5]},
								"down": {"uv": [13, 24.5], "uv_size": [5, -4.5]}
							}
						},
						{
							"origin": [0.2, 0, -7.6],
							"size": [0.4, 5, 7.6],
							"uv": {
								"north": {"uv": [5, 29], "uv_size": [0.5, 4]},
								"east": {"uv": [0, 16], "uv_size": [8, 4]},
								"south": {"uv": [29, 19], "uv_size": [0.5, 4]},
								"west": {"uv": [8, 16], "uv_size": [8, 4]},
								"up": {"uv": [14, 25], "uv_size": [0.5, 8]},
								"down": {"uv": [15, 33], "uv_size": [0.5, -8]}
							}
						},
						{
							"origin": [-5.6, 0, -7.6],
							"size": [0.4, 5, 7.6],
							"uv": {
								"north": {"uv": [23, 29], "uv_size": [0.5, 4]},
								"east": {"uv": [16, 16], "uv_size": [8, 4]},
								"south": {"uv": [24, 29], "uv_size": [0.5, 4]},
								"west": {"uv": [17, 0], "uv_size": [8, 4]},
								"up": {"uv": [16, 25], "uv_size": [0.5, 8]},
								"down": {"uv": [17, 33], "uv_size": [0.5, -8]}
							}
						},
						{
							"origin": [-4.8, 0.6, -3.2],
							"size": [4.6, 2.7, 0.2],
							"uv": {
								"north": {"uv": [24, 16], "uv_size": [4.5, 3.5]},
								"east": {"uv": [30, 0], "uv_size": [0.5, 3.5]},
								"south": {"uv": [18, 24], "uv_size": [4.5, 3.5]},
								"west": {"uv": [1, 30], "uv_size": [0.5, 3.5]},
								"up": {"uv": [28, 26], "uv_size": [4.5, 0.5]},
								"down": {"uv": [28, 27.5], "uv_size": [4.5, -0.5]}
							}
						},
						{
							"origin": [-4.8, 0.6, 3.8],
							"size": [4.6, 2.7, 0.2],
							"uv": {
								"north": {"uv": [24, 20], "uv_size": [4.5, 3.5]},
								"east": {"uv": [2, 30], "uv_size": [0.5, 3.5]},
								"south": {"uv": [23, 24], "uv_size": [4.5, 3.5]},
								"west": {"uv": [3, 30], "uv_size": [0.5, 3.5]},
								"up": {"uv": [29, 16], "uv_size": [4.5, 0.5]},
								"down": {"uv": [29, 17.5], "uv_size": [4.5, -0.5]}
							}
						},
						{
							"origin": [-4.8, 0.4, -4],
							"size": [4.6, 0.2, 8],
							"uv": {
								"north": {"uv": [28, 28], "uv_size": [4.5, 0.5]},
								"east": {"uv": [25, 9], "uv_size": [8, 0.5]},
								"south": {"uv": [0, 29], "uv_size": [4.5, 0.5]},
								"west": {"uv": [25, 10], "uv_size": [8, 0.5]},
								"up": {"uv": [12, 0], "uv_size": [4.5, 8]},
								"down": {"uv": [12, 16], "uv_size": [4.5, -8]}
							}
						},
						{
							"origin": [-5, 0.4, -4],
							"size": [0.2, 2.9, 8],
							"uv": {
								"north": {"uv": [29, 29], "uv_size": [0.5, 3.5]},
								"east": {"uv": [17, 12], "uv_size": [8, 3.5]},
								"south": {"uv": [0, 30], "uv_size": [0.5, 3.5]},
								"west": {"uv": [0, 20], "uv_size": [8, 3.5]},
								"up": {"uv": [8, 26], "uv_size": [0.5, 8]},
								"down": {"uv": [9, 34], "uv_size": [0.5, -8]}
							}
						},
						{
							"origin": [-0.2, 0.4, -4],
							"size": [0.2, 2.9, 8],
							"uv": {
								"north": {"uv": [27, 29], "uv_size": [0.5, 3.5]},
								"east": {"uv": [17, 4], "uv_size": [8, 3.5]},
								"south": {"uv": [28, 29], "uv_size": [0.5, 3.5]},
								"west": {"uv": [17, 8], "uv_size": [8, 3.5]},
								"up": {"uv": [6, 26], "uv_size": [0.5, 8]},
								"down": {"uv": [7, 34], "uv_size": [0.5, -8]}
							}
						}
					]
				},
				{
					"name": "bone4",
					"parent": "ammo",
					"pivot": [0, 0, 0]
				},
				{
					"name": "bone3",
					"parent": "bone4",
					"pivot": [-3, -6.1, -0.1],
					"cubes": [
						{
							"origin": [-4.6, 0.5, 2.4],
							"size": [1.1, 2.3, 1.1],
							"pivot": [-4, -4.1, 2.8],
							"rotation": [0, 45, 0],
							"uv": {
								"north": {"uv": [10, 26], "uv_size": [1, 2.5]},
								"east": {"uv": [11, 26], "uv_size": [1, 2.5]},
								"south": {"uv": [12, 26], "uv_size": [1, 2.5]},
								"west": {"uv": [13, 26], "uv_size": [1, 2.5]},
								"up": {"uv": [6, 24], "uv_size": [1, 1]},
								"down": {"uv": [7, 25], "uv_size": [1, -1]}
							}
						},
						{
							"origin": [-4.6, 2.8, 2.4],
							"size": [1.1, 1, 1.1],
							"pivot": [-4, -4.1, 2.8],
							"rotation": [0, 45, 0],
							"uv": {
								"north": {"uv": [4, 30], "uv_size": [1, 1]},
								"east": {"uv": [30, 5], "uv_size": [1, 1]},
								"south": {"uv": [18, 30], "uv_size": [1, 1]},
								"west": {"uv": [19, 30], "uv_size": [1, 1]},
								"up": {"uv": [30, 19], "uv_size": [1, 1]},
								"down": {"uv": [20, 31], "uv_size": [1, -1]}
							}
						},
						{
							"origin": [-4.7, 3.8, 2.3],
							"size": [1.3, 0.1, 1.3],
							"pivot": [-4, -4.1, 2.8],
							"rotation": [0, 45, 0],
							"uv": {
								"north": {"uv": [30, 20], "uv_size": [1.5, 0.5]},
								"east": {"uv": [21, 30], "uv_size": [1.5, 0.5]},
								"south": {"uv": [30, 21], "uv_size": [1.5, 0.5]},
								"west": {"uv": [30, 22], "uv_size": [1.5, 0.5]},
								"up": {"uv": [10, 29], "uv_size": [1.5, 1.5]},
								"down": {"uv": [12, 30.5], "uv_size": [1.5, -1.5]}
							}
						}
					]
				},
				{
					"name": "bone2",
					"parent": "bone4",
					"pivot": [-1.6, -5.9, -0.1],
					"cubes": [
						{
							"origin": [-3.2, 0.7, 2.4],
							"size": [1.1, 2.3, 1.1],
							"pivot": [-2.6, -3.9, 2.8],
							"rotation": [0, 45, 0],
							"uv": {
								"north": {"uv": [10, 26], "uv_size": [1, 2.5]},
								"east": {"uv": [11, 26], "uv_size": [1, 2.5]},
								"south": {"uv": [12, 26], "uv_size": [1, 2.5]},
								"west": {"uv": [13, 26], "uv_size": [1, 2.5]},
								"up": {"uv": [6, 24], "uv_size": [1, 1]},
								"down": {"uv": [7, 25], "uv_size": [1, -1]}
							}
						},
						{
							"origin": [-3.2, 3, 2.4],
							"size": [1.1, 1, 1.1],
							"pivot": [-2.6, -3.9, 2.8],
							"rotation": [0, 45, 0],
							"uv": {
								"north": {"uv": [4, 30], "uv_size": [1, 1]},
								"east": {"uv": [30, 5], "uv_size": [1, 1]},
								"south": {"uv": [18, 30], "uv_size": [1, 1]},
								"west": {"uv": [19, 30], "uv_size": [1, 1]},
								"up": {"uv": [30, 19], "uv_size": [1, 1]},
								"down": {"uv": [20, 31], "uv_size": [1, -1]}
							}
						},
						{
							"origin": [-3.3, 4, 2.3],
							"size": [1.3, 0.1, 1.3],
							"pivot": [-2.6, -3.9, 2.8],
							"rotation": [0, 45, 0],
							"uv": {
								"north": {"uv": [30, 20], "uv_size": [1.5, 0.5]},
								"east": {"uv": [21, 30], "uv_size": [1.5, 0.5]},
								"south": {"uv": [30, 21], "uv_size": [1.5, 0.5]},
								"west": {"uv": [30, 22], "uv_size": [1.5, 0.5]},
								"up": {"uv": [10, 29], "uv_size": [1.5, 1.5]},
								"down": {"uv": [12, 30.5], "uv_size": [1.5, -1.5]}
							}
						}
					]
				},
				{
					"name": "bone",
					"parent": "bone4",
					"pivot": [-0.1, -6, -0.1],
					"cubes": [
						{
							"origin": [-1.7, 0.6, 2.4],
							"size": [1.1, 2.3, 1.1],
							"pivot": [-1.1, -4, 2.8],
							"rotation": [0, 45, 0],
							"uv": {
								"north": {"uv": [10, 26], "uv_size": [1, 2.5]},
								"east": {"uv": [11, 26], "uv_size": [1, 2.5]},
								"south": {"uv": [12, 26], "uv_size": [1, 2.5]},
								"west": {"uv": [13, 26], "uv_size": [1, 2.5]},
								"up": {"uv": [6, 24], "uv_size": [1, 1]},
								"down": {"uv": [7, 25], "uv_size": [1, -1]}
							}
						},
						{
							"origin": [-1.7, 2.9, 2.4],
							"size": [1.1, 1, 1.1],
							"pivot": [-1.1, -4, 2.8],
							"rotation": [0, 45, 0],
							"uv": {
								"north": {"uv": [4, 30], "uv_size": [1, 1]},
								"east": {"uv": [30, 5], "uv_size": [1, 1]},
								"south": {"uv": [18, 30], "uv_size": [1, 1]},
								"west": {"uv": [19, 30], "uv_size": [1, 1]},
								"up": {"uv": [30, 19], "uv_size": [1, 1]},
								"down": {"uv": [20, 31], "uv_size": [1, -1]}
							}
						},
						{
							"origin": [-1.8, 3.9, 2.3],
							"size": [1.3, 0.1, 1.3],
							"pivot": [-1.1, -4, 2.8],
							"rotation": [0, 45, 0],
							"uv": {
								"north": {"uv": [30, 20], "uv_size": [1.5, 0.5]},
								"east": {"uv": [21, 30], "uv_size": [1.5, 0.5]},
								"south": {"uv": [30, 21], "uv_size": [1.5, 0.5]},
								"west": {"uv": [30, 22], "uv_size": [1.5, 0.5]},
								"up": {"uv": [10, 29], "uv_size": [1.5, 1.5]},
								"down": {"uv": [12, 30.5], "uv_size": [1.5, -1.5]}
							}
						}
					]
				},
				{
					"name": "bone6",
					"parent": "ammo",
					"pivot": [0, 0, -2.2]
				},
				{
					"name": "bone9",
					"parent": "bone6",
					"pivot": [-3, -6.1, -2.3],
					"cubes": [
						{
							"origin": [-4.6, 0.5, 0.2],
							"size": [1.1, 2.3, 1.1],
							"pivot": [-4, -4.1, 0.6],
							"rotation": [0, 45, 0],
							"uv": {
								"north": {"uv": [10, 26], "uv_size": [1, 2.5]},
								"east": {"uv": [11, 26], "uv_size": [1, 2.5]},
								"south": {"uv": [12, 26], "uv_size": [1, 2.5]},
								"west": {"uv": [13, 26], "uv_size": [1, 2.5]},
								"up": {"uv": [6, 24], "uv_size": [1, 1]},
								"down": {"uv": [7, 25], "uv_size": [1, -1]}
							}
						},
						{
							"origin": [-4.6, 2.8, 0.2],
							"size": [1.1, 1, 1.1],
							"pivot": [-4, -4.1, 0.6],
							"rotation": [0, 45, 0],
							"uv": {
								"north": {"uv": [4, 30], "uv_size": [1, 1]},
								"east": {"uv": [30, 5], "uv_size": [1, 1]},
								"south": {"uv": [18, 30], "uv_size": [1, 1]},
								"west": {"uv": [19, 30], "uv_size": [1, 1]},
								"up": {"uv": [30, 19], "uv_size": [1, 1]},
								"down": {"uv": [20, 31], "uv_size": [1, -1]}
							}
						},
						{
							"origin": [-4.7, 3.8, 0.1],
							"size": [1.3, 0.1, 1.3],
							"pivot": [-4, -4.1, 0.6],
							"rotation": [0, 45, 0],
							"uv": {
								"north": {"uv": [30, 20], "uv_size": [1.5, 0.5]},
								"east": {"uv": [21, 30], "uv_size": [1.5, 0.5]},
								"south": {"uv": [30, 21], "uv_size": [1.5, 0.5]},
								"west": {"uv": [30, 22], "uv_size": [1.5, 0.5]},
								"up": {"uv": [10, 29], "uv_size": [1.5, 1.5]},
								"down": {"uv": [12, 30.5], "uv_size": [1.5, -1.5]}
							}
						}
					]
				},
				{
					"name": "bone10",
					"parent": "bone6",
					"pivot": [-1.6, -5.9, -2.3],
					"cubes": [
						{
							"origin": [-3.2, 0.7, 0.2],
							"size": [1.1, 2.3, 1.1],
							"pivot": [-2.6, -3.9, 0.6],
							"rotation": [0, 45, 0],
							"uv": {
								"north": {"uv": [10, 26], "uv_size": [1, 2.5]},
								"east": {"uv": [11, 26], "uv_size": [1, 2.5]},
								"south": {"uv": [12, 26], "uv_size": [1, 2.5]},
								"west": {"uv": [13, 26], "uv_size": [1, 2.5]},
								"up": {"uv": [6, 24], "uv_size": [1, 1]},
								"down": {"uv": [7, 25], "uv_size": [1, -1]}
							}
						},
						{
							"origin": [-3.2, 3, 0.2],
							"size": [1.1, 1, 1.1],
							"pivot": [-2.6, -3.9, 0.6],
							"rotation": [0, 45, 0],
							"uv": {
								"north": {"uv": [4, 30], "uv_size": [1, 1]},
								"east": {"uv": [30, 5], "uv_size": [1, 1]},
								"south": {"uv": [18, 30], "uv_size": [1, 1]},
								"west": {"uv": [19, 30], "uv_size": [1, 1]},
								"up": {"uv": [30, 19], "uv_size": [1, 1]},
								"down": {"uv": [20, 31], "uv_size": [1, -1]}
							}
						},
						{
							"origin": [-3.3, 4, 0.1],
							"size": [1.3, 0.1, 1.3],
							"pivot": [-2.6, -3.9, 0.6],
							"rotation": [0, 45, 0],
							"uv": {
								"north": {"uv": [30, 20], "uv_size": [1.5, 0.5]},
								"east": {"uv": [21, 30], "uv_size": [1.5, 0.5]},
								"south": {"uv": [30, 21], "uv_size": [1.5, 0.5]},
								"west": {"uv": [30, 22], "uv_size": [1.5, 0.5]},
								"up": {"uv": [10, 29], "uv_size": [1.5, 1.5]},
								"down": {"uv": [12, 30.5], "uv_size": [1.5, -1.5]}
							}
						}
					]
				},
				{
					"name": "bone11",
					"parent": "bone6",
					"pivot": [-0.1, -6, -2.3],
					"cubes": [
						{
							"origin": [-1.7, 0.6, 0.2],
							"size": [1.1, 2.3, 1.1],
							"pivot": [-1.1, -4, 0.6],
							"rotation": [0, 45, 0],
							"uv": {
								"north": {"uv": [10, 26], "uv_size": [1, 2.5]},
								"east": {"uv": [11, 26], "uv_size": [1, 2.5]},
								"south": {"uv": [12, 26], "uv_size": [1, 2.5]},
								"west": {"uv": [13, 26], "uv_size": [1, 2.5]},
								"up": {"uv": [6, 24], "uv_size": [1, 1]},
								"down": {"uv": [7, 25], "uv_size": [1, -1]}
							}
						},
						{
							"origin": [-1.7, 2.9, 0.2],
							"size": [1.1, 1, 1.1],
							"pivot": [-1.1, -4, 0.6],
							"rotation": [0, 45, 0],
							"uv": {
								"north": {"uv": [4, 30], "uv_size": [1, 1]},
								"east": {"uv": [30, 5], "uv_size": [1, 1]},
								"south": {"uv": [18, 30], "uv_size": [1, 1]},
								"west": {"uv": [19, 30], "uv_size": [1, 1]},
								"up": {"uv": [30, 19], "uv_size": [1, 1]},
								"down": {"uv": [20, 31], "uv_size": [1, -1]}
							}
						},
						{
							"origin": [-1.8, 3.9, 0.1],
							"size": [1.3, 0.1, 1.3],
							"pivot": [-1.1, -4, 0.6],
							"rotation": [0, 45, 0],
							"uv": {
								"north": {"uv": [30, 20], "uv_size": [1.5, 0.5]},
								"east": {"uv": [21, 30], "uv_size": [1.5, 0.5]},
								"south": {"uv": [30, 21], "uv_size": [1.5, 0.5]},
								"west": {"uv": [30, 22], "uv_size": [1.5, 0.5]},
								"up": {"uv": [10, 29], "uv_size": [1.5, 1.5]},
								"down": {"uv": [12, 30.5], "uv_size": [1.5, -1.5]}
							}
						}
					]
				},
				{
					"name": "bone15",
					"parent": "ammo",
					"pivot": [0, 0, -4.4]
				},
				{
					"name": "bone16",
					"parent": "bone15",
					"pivot": [-3, -6.1, -4.5],
					"cubes": [
						{
							"origin": [-4.6, 0.5, -2],
							"size": [1.1, 2.3, 1.1],
							"pivot": [-4, -4.1, -1.6],
							"rotation": [0, 45, 0],
							"uv": {
								"north": {"uv": [10, 26], "uv_size": [1, 2.5]},
								"east": {"uv": [11, 26], "uv_size": [1, 2.5]},
								"south": {"uv": [12, 26], "uv_size": [1, 2.5]},
								"west": {"uv": [13, 26], "uv_size": [1, 2.5]},
								"up": {"uv": [6, 24], "uv_size": [1, 1]},
								"down": {"uv": [7, 25], "uv_size": [1, -1]}
							}
						},
						{
							"origin": [-4.6, 2.8, -2],
							"size": [1.1, 1, 1.1],
							"pivot": [-4, -4.1, -1.6],
							"rotation": [0, 45, 0],
							"uv": {
								"north": {"uv": [4, 30], "uv_size": [1, 1]},
								"east": {"uv": [30, 5], "uv_size": [1, 1]},
								"south": {"uv": [18, 30], "uv_size": [1, 1]},
								"west": {"uv": [19, 30], "uv_size": [1, 1]},
								"up": {"uv": [30, 19], "uv_size": [1, 1]},
								"down": {"uv": [20, 31], "uv_size": [1, -1]}
							}
						},
						{
							"origin": [-4.7, 3.8, -2.1],
							"size": [1.3, 0.1, 1.3],
							"pivot": [-4, -4.1, -1.6],
							"rotation": [0, 45, 0],
							"uv": {
								"north": {"uv": [30, 20], "uv_size": [1.5, 0.5]},
								"east": {"uv": [21, 30], "uv_size": [1.5, 0.5]},
								"south": {"uv": [30, 21], "uv_size": [1.5, 0.5]},
								"west": {"uv": [30, 22], "uv_size": [1.5, 0.5]},
								"up": {"uv": [10, 29], "uv_size": [1.5, 1.5]},
								"down": {"uv": [12, 30.5], "uv_size": [1.5, -1.5]}
							}
						}
					]
				},
				{
					"name": "bone17",
					"parent": "bone15",
					"pivot": [-1.6, -5.9, -4.5],
					"cubes": [
						{
							"origin": [-3.2, 0.7, -2],
							"size": [1.1, 2.3, 1.1],
							"pivot": [-2.6, -3.9, -1.6],
							"rotation": [0, 45, 0],
							"uv": {
								"north": {"uv": [10, 26], "uv_size": [1, 2.5]},
								"east": {"uv": [11, 26], "uv_size": [1, 2.5]},
								"south": {"uv": [12, 26], "uv_size": [1, 2.5]},
								"west": {"uv": [13, 26], "uv_size": [1, 2.5]},
								"up": {"uv": [6, 24], "uv_size": [1, 1]},
								"down": {"uv": [7, 25], "uv_size": [1, -1]}
							}
						},
						{
							"origin": [-3.2, 3, -2],
							"size": [1.1, 1, 1.1],
							"pivot": [-2.6, -3.9, -1.6],
							"rotation": [0, 45, 0],
							"uv": {
								"north": {"uv": [4, 30], "uv_size": [1, 1]},
								"east": {"uv": [30, 5], "uv_size": [1, 1]},
								"south": {"uv": [18, 30], "uv_size": [1, 1]},
								"west": {"uv": [19, 30], "uv_size": [1, 1]},
								"up": {"uv": [30, 19], "uv_size": [1, 1]},
								"down": {"uv": [20, 31], "uv_size": [1, -1]}
							}
						},
						{
							"origin": [-3.3, 4, -2.1],
							"size": [1.3, 0.1, 1.3],
							"pivot": [-2.6, -3.9, -1.6],
							"rotation": [0, 45, 0],
							"uv": {
								"north": {"uv": [30, 20], "uv_size": [1.5, 0.5]},
								"east": {"uv": [21, 30], "uv_size": [1.5, 0.5]},
								"south": {"uv": [30, 21], "uv_size": [1.5, 0.5]},
								"west": {"uv": [30, 22], "uv_size": [1.5, 0.5]},
								"up": {"uv": [10, 29], "uv_size": [1.5, 1.5]},
								"down": {"uv": [12, 30.5], "uv_size": [1.5, -1.5]}
							}
						}
					]
				},
				{
					"name": "bone18",
					"parent": "bone15",
					"pivot": [-0.1, -6, -4.5],
					"cubes": [
						{
							"origin": [-1.7, 0.6, -2],
							"size": [1.1, 2.3, 1.1],
							"pivot": [-1.1, -4, -1.6],
							"rotation": [0, 45, 0],
							"uv": {
								"north": {"uv": [10, 26], "uv_size": [1, 2.5]},
								"east": {"uv": [11, 26], "uv_size": [1, 2.5]},
								"south": {"uv": [12, 26], "uv_size": [1, 2.5]},
								"west": {"uv": [13, 26], "uv_size": [1, 2.5]},
								"up": {"uv": [6, 24], "uv_size": [1, 1]},
								"down": {"uv": [7, 25], "uv_size": [1, -1]}
							}
						},
						{
							"origin": [-1.7, 2.9, -2],
							"size": [1.1, 1, 1.1],
							"pivot": [-1.1, -4, -1.6],
							"rotation": [0, 45, 0],
							"uv": {
								"north": {"uv": [4, 30], "uv_size": [1, 1]},
								"east": {"uv": [30, 5], "uv_size": [1, 1]},
								"south": {"uv": [18, 30], "uv_size": [1, 1]},
								"west": {"uv": [19, 30], "uv_size": [1, 1]},
								"up": {"uv": [30, 19], "uv_size": [1, 1]},
								"down": {"uv": [20, 31], "uv_size": [1, -1]}
							}
						},
						{
							"origin": [-1.8, 3.9, -2.1],
							"size": [1.3, 0.1, 1.3],
							"pivot": [-1.1, -4, -1.6],
							"rotation": [0, 45, 0],
							"uv": {
								"north": {"uv": [30, 20], "uv_size": [1.5, 0.5]},
								"east": {"uv": [21, 30], "uv_size": [1.5, 0.5]},
								"south": {"uv": [30, 21], "uv_size": [1.5, 0.5]},
								"west": {"uv": [30, 22], "uv_size": [1.5, 0.5]},
								"up": {"uv": [10, 29], "uv_size": [1.5, 1.5]},
								"down": {"uv": [12, 30.5], "uv_size": [1.5, -1.5]}
							}
						}
					]
				},
				{
					"name": "bone5",
					"parent": "ammo",
					"pivot": [-0.7, 0, -1.1]
				},
				{
					"name": "bone7",
					"parent": "bone5",
					"pivot": [-2.3, -5.9, -1.2],
					"cubes": [
						{
							"origin": [-3.9, 0.7, 1.3],
							"size": [1.1, 2.3, 1.1],
							"pivot": [-3.3, -3.9, 1.7],
							"rotation": [0, 45, 0],
							"uv": {
								"north": {"uv": [10, 26], "uv_size": [1, 2.5]},
								"east": {"uv": [11, 26], "uv_size": [1, 2.5]},
								"south": {"uv": [12, 26], "uv_size": [1, 2.5]},
								"west": {"uv": [13, 26], "uv_size": [1, 2.5]},
								"up": {"uv": [6, 24], "uv_size": [1, 1]},
								"down": {"uv": [7, 25], "uv_size": [1, -1]}
							}
						},
						{
							"origin": [-3.9, 3, 1.3],
							"size": [1.1, 1, 1.1],
							"pivot": [-3.3, -3.9, 1.7],
							"rotation": [0, 45, 0],
							"uv": {
								"north": {"uv": [4, 30], "uv_size": [1, 1]},
								"east": {"uv": [30, 5], "uv_size": [1, 1]},
								"south": {"uv": [18, 30], "uv_size": [1, 1]},
								"west": {"uv": [19, 30], "uv_size": [1, 1]},
								"up": {"uv": [30, 19], "uv_size": [1, 1]},
								"down": {"uv": [20, 31], "uv_size": [1, -1]}
							}
						},
						{
							"origin": [-4, 4, 1.2],
							"size": [1.3, 0.1, 1.3],
							"pivot": [-3.3, -3.9, 1.7],
							"rotation": [0, 45, 0],
							"uv": {
								"north": {"uv": [30, 20], "uv_size": [1.5, 0.5]},
								"east": {"uv": [21, 30], "uv_size": [1.5, 0.5]},
								"south": {"uv": [30, 21], "uv_size": [1.5, 0.5]},
								"west": {"uv": [30, 22], "uv_size": [1.5, 0.5]},
								"up": {"uv": [10, 29], "uv_size": [1.5, 1.5]},
								"down": {"uv": [12, 30.5], "uv_size": [1.5, -1.5]}
							}
						}
					]
				},
				{
					"name": "bone8",
					"parent": "bone5",
					"pivot": [-0.8, -6, -1.2],
					"cubes": [
						{
							"origin": [-2.4, 0.6, 1.3],
							"size": [1.1, 2.3, 1.1],
							"pivot": [-1.8, -4, 1.7],
							"rotation": [0, 45, 0],
							"uv": {
								"north": {"uv": [10, 26], "uv_size": [1, 2.5]},
								"east": {"uv": [11, 26], "uv_size": [1, 2.5]},
								"south": {"uv": [12, 26], "uv_size": [1, 2.5]},
								"west": {"uv": [13, 26], "uv_size": [1, 2.5]},
								"up": {"uv": [6, 24], "uv_size": [1, 1]},
								"down": {"uv": [7, 25], "uv_size": [1, -1]}
							}
						},
						{
							"origin": [-2.4, 2.9, 1.3],
							"size": [1.1, 1, 1.1],
							"pivot": [-1.8, -4, 1.7],
							"rotation": [0, 45, 0],
							"uv": {
								"north": {"uv": [4, 30], "uv_size": [1, 1]},
								"east": {"uv": [30, 5], "uv_size": [1, 1]},
								"south": {"uv": [18, 30], "uv_size": [1, 1]},
								"west": {"uv": [19, 30], "uv_size": [1, 1]},
								"up": {"uv": [30, 19], "uv_size": [1, 1]},
								"down": {"uv": [20, 31], "uv_size": [1, -1]}
							}
						},
						{
							"origin": [-2.5, 3.9, 1.2],
							"size": [1.3, 0.1, 1.3],
							"pivot": [-1.8, -4, 1.7],
							"rotation": [0, 45, 0],
							"uv": {
								"north": {"uv": [30, 20], "uv_size": [1.5, 0.5]},
								"east": {"uv": [21, 30], "uv_size": [1.5, 0.5]},
								"south": {"uv": [30, 21], "uv_size": [1.5, 0.5]},
								"west": {"uv": [30, 22], "uv_size": [1.5, 0.5]},
								"up": {"uv": [10, 29], "uv_size": [1.5, 1.5]},
								"down": {"uv": [12, 30.5], "uv_size": [1.5, -1.5]}
							}
						}
					]
				},
				{
					"name": "bone12",
					"parent": "ammo",
					"pivot": [-0.7, 0, -3.3]
				},
				{
					"name": "bone13",
					"parent": "bone12",
					"pivot": [-2.3, -5.9, -3.4],
					"cubes": [
						{
							"origin": [-3.9, 0.7, -0.9],
							"size": [1.1, 2.3, 1.1],
							"pivot": [-3.3, -3.9, -0.5],
							"rotation": [0, 45, 0],
							"uv": {
								"north": {"uv": [10, 26], "uv_size": [1, 2.5]},
								"east": {"uv": [11, 26], "uv_size": [1, 2.5]},
								"south": {"uv": [12, 26], "uv_size": [1, 2.5]},
								"west": {"uv": [13, 26], "uv_size": [1, 2.5]},
								"up": {"uv": [6, 24], "uv_size": [1, 1]},
								"down": {"uv": [7, 25], "uv_size": [1, -1]}
							}
						},
						{
							"origin": [-3.9, 3, -0.9],
							"size": [1.1, 1, 1.1],
							"pivot": [-3.3, -3.9, -0.5],
							"rotation": [0, 45, 0],
							"uv": {
								"north": {"uv": [4, 30], "uv_size": [1, 1]},
								"east": {"uv": [30, 5], "uv_size": [1, 1]},
								"south": {"uv": [18, 30], "uv_size": [1, 1]},
								"west": {"uv": [19, 30], "uv_size": [1, 1]},
								"up": {"uv": [30, 19], "uv_size": [1, 1]},
								"down": {"uv": [20, 31], "uv_size": [1, -1]}
							}
						},
						{
							"origin": [-4, 4, -1],
							"size": [1.3, 0.1, 1.3],
							"pivot": [-3.3, -3.9, -0.5],
							"rotation": [0, 45, 0],
							"uv": {
								"north": {"uv": [30, 20], "uv_size": [1.5, 0.5]},
								"east": {"uv": [21, 30], "uv_size": [1.5, 0.5]},
								"south": {"uv": [30, 21], "uv_size": [1.5, 0.5]},
								"west": {"uv": [30, 22], "uv_size": [1.5, 0.5]},
								"up": {"uv": [10, 29], "uv_size": [1.5, 1.5]},
								"down": {"uv": [12, 30.5], "uv_size": [1.5, -1.5]}
							}
						}
					]
				},
				{
					"name": "bone14",
					"parent": "bone12",
					"pivot": [-0.8, -6, -3.4],
					"cubes": [
						{
							"origin": [-2.4, 0.6, -0.9],
							"size": [1.1, 2.3, 1.1],
							"pivot": [-1.8, -4, -0.5],
							"rotation": [0, 45, 0],
							"uv": {
								"north": {"uv": [10, 26], "uv_size": [1, 2.5]},
								"east": {"uv": [11, 26], "uv_size": [1, 2.5]},
								"south": {"uv": [12, 26], "uv_size": [1, 2.5]},
								"west": {"uv": [13, 26], "uv_size": [1, 2.5]},
								"up": {"uv": [6, 24], "uv_size": [1, 1]},
								"down": {"uv": [7, 25], "uv_size": [1, -1]}
							}
						},
						{
							"origin": [-2.4, 2.9, -0.9],
							"size": [1.1, 1, 1.1],
							"pivot": [-1.8, -4, -0.5],
							"rotation": [0, 45, 0],
							"uv": {
								"north": {"uv": [4, 30], "uv_size": [1, 1]},
								"east": {"uv": [30, 5], "uv_size": [1, 1]},
								"south": {"uv": [18, 30], "uv_size": [1, 1]},
								"west": {"uv": [19, 30], "uv_size": [1, 1]},
								"up": {"uv": [30, 19], "uv_size": [1, 1]},
								"down": {"uv": [20, 31], "uv_size": [1, -1]}
							}
						},
						{
							"origin": [-2.5, 3.9, -1],
							"size": [1.3, 0.1, 1.3],
							"pivot": [-1.8, -4, -0.5],
							"rotation": [0, 45, 0],
							"uv": {
								"north": {"uv": [30, 20], "uv_size": [1.5, 0.5]},
								"east": {"uv": [21, 30], "uv_size": [1.5, 0.5]},
								"south": {"uv": [30, 21], "uv_size": [1.5, 0.5]},
								"west": {"uv": [30, 22], "uv_size": [1.5, 0.5]},
								"up": {"uv": [10, 29], "uv_size": [1.5, 1.5]},
								"down": {"uv": [12, 30.5], "uv_size": [1.5, -1.5]}
							}
						}
					]
				}
			]
		}
	]
}