{
	"format_version": "1.12.0",
	"minecraft:geometry": [
		{
			"description": {
				"identifier": "geometry.unknown",
				"texture_width": 128,
				"texture_height": 128,
				"visible_bounds_width": 8,
				"visible_bounds_height": 4,
				"visible_bounds_offset": [0, 1, 0]
			},
			"bones": [
				{
					"name": "main",
					"pivot": [0, 20, 0]
				},
				{
					"name": "gun",
					"parent": "main",
					"pivot": [-0.44457, 24.09679, -12.01406],
					"rotation": [0, 180, 0],
					"cubes": [
						{
							"origin": [-1.4, 15, -48.9],
							"size": [2, 8.8, 8.9],
							"uv": {
								"north": {"uv": [8, 53], "uv_size": [2, 9]},
								"east": {"uv": [32, 0], "uv_size": [9, 9]},
								"south": {"uv": [22, 54], "uv_size": [2, 9]},
								"west": {"uv": [32, 9], "uv_size": [9, 9]},
								"up": {"uv": [24, 54], "uv_size": [2, 9]},
								"down": {"uv": [26, 63], "uv_size": [2, -9]}
							}
						},
						{
							"origin": [-1.4, 21, -40],
							"size": [2, 2.8, 9.9],
							"uv": {
								"north": {"uv": [50, 46], "uv_size": [2, 3]},
								"east": {"uv": [41, 10], "uv_size": [10, 3]},
								"south": {"uv": [40, 69], "uv_size": [2, 3]},
								"west": {"uv": [41, 13], "uv_size": [10, 3]},
								"up": {"uv": [30, 48], "uv_size": [2, 10]},
								"down": {"uv": [46, 59], "uv_size": [2, -10]}
							}
						},
						{
							"origin": [-1.9, 19.7, -30.2],
							"size": [3, 4.2, 1.4],
							"uv": {
								"north": {"uv": [10, 61], "uv_size": [3, 4]},
								"east": {"uv": [73, 43], "uv_size": [1, 4]},
								"south": {"uv": [13, 61], "uv_size": [3, 4]},
								"west": {"uv": [48, 73], "uv_size": [1, 4]},
								"up": {"uv": [51, 56], "uv_size": [3, 1]},
								"down": {"uv": [58, 39], "uv_size": [3, -1]}
							}
						},
						{
							"origin": [-1.8, 20.1, -29.2],
							"size": [2.8, 3.7, 5.6],
							"pivot": [-0.4, 21.9, -28],
							"rotation": [7.5, 0, 0],
							"uv": {
								"north": {"uv": [16, 61], "uv_size": [3, 4]},
								"east": {"uv": [10, 48], "uv_size": [6, 4]},
								"south": {"uv": [19, 61], "uv_size": [3, 4]},
								"west": {"uv": [16, 48], "uv_size": [6, 4]},
								"up": {"uv": [54, 39], "uv_size": [3, 6]},
								"down": {"uv": [54, 51], "uv_size": [3, -6]}
							}
						},
						{
							"origin": [-2.3, 20.68591, -26.41219],
							"size": [3.8, 1.5, 7.4],
							"uv": {
								"north": {"uv": [73, 19], "uv_size": [4, 1]},
								"east": {"uv": [67, 51], "uv_size": [7, 1]},
								"south": {"uv": [73, 22], "uv_size": [4, 1]},
								"west": {"uv": [68, 24], "uv_size": [7, 1]},
								"up": {"uv": [36, 44], "uv_size": [4, 7]},
								"down": {"uv": [46, 49], "uv_size": [4, -7]}
							}
						},
						{
							"origin": [-1.6, 18.68591, -27.21219],
							"size": [2.4, 2, 5.2],
							"uv": {
								"north": {"uv": [52, 39], "uv_size": [2, 2]},
								"east": {"uv": [27, 65], "uv_size": [5, 2]},
								"south": {"uv": [60, 34], "uv_size": [2, 2]},
								"west": {"uv": [32, 65], "uv_size": [5, 2]},
								"up": {"uv": [37, 65], "uv_size": [2, 5]},
								"down": {"uv": [65, 52], "uv_size": [2, -5]}
							}
						},
						{
							"origin": [-1, 17.38591, -22.21219],
							"size": [1.2, 1.7, 0.4],
							"pivot": [-0.4, 18.13591, -22.01219],
							"rotation": [12.5, 0, 0],
							"uv": {
								"north": {"uv": [55, 13], "uv_size": [1, 2]},
								"east": {"uv": [27, 63], "uv_size": [1, 2]},
								"south": {"uv": [27, 77], "uv_size": [1, 2]},
								"west": {"uv": [77, 27], "uv_size": [1, 2]},
								"up": {"uv": [78, 76], "uv_size": [1, 1]},
								"down": {"uv": [77, 79], "uv_size": [1, -1]}
							}
						},
						{
							"origin": [-0.8, 19.65574, -21.24839],
							"size": [0.8, 1.2, 0.4],
							"pivot": [-0.4, 19.80574, -20.94839],
							"rotation": [7.5, 0, 0],
							"uv": {
								"north": {"uv": [81, 0], "uv_size": [1, 1]},
								"east": {"uv": [1, 81], "uv_size": [1, 1]},
								"south": {"uv": [81, 1], "uv_size": [1, 1]},
								"west": {"uv": [2, 81], "uv_size": [1, 1]},
								"up": {"uv": [81, 2], "uv_size": [1, 1]},
								"down": {"uv": [3, 82], "uv_size": [1, -1]}
							}
						},
						{
							"origin": [-0.8, 18.40737, -21.1186],
							"size": [0.8, 1.3, 0.4],
							"pivot": [-0.4, 19.35737, -20.9186],
							"rotation": [20, 0, 0],
							"uv": {
								"north": {"uv": [81, 3], "uv_size": [1, 1]},
								"east": {"uv": [4, 81], "uv_size": [1, 1]},
								"south": {"uv": [81, 4], "uv_size": [1, 1]},
								"west": {"uv": [5, 81], "uv_size": [1, 1]},
								"up": {"uv": [81, 5], "uv_size": [1, 1]},
								"down": {"uv": [6, 82], "uv_size": [1, -1]}
							}
						},
						{
							"origin": [-1, 17.3604, -22.04511],
							"size": [1.2, 0.4, 3.5],
							"uv": {
								"north": {"uv": [78, 77], "uv_size": [1, 1]},
								"east": {"uv": [68, 75], "uv_size": [3, 1]},
								"south": {"uv": [78, 78], "uv_size": [1, 1]},
								"west": {"uv": [75, 70], "uv_size": [3, 1]},
								"up": {"uv": [72, 75], "uv_size": [1, 3]},
								"down": {"uv": [75, 77], "uv_size": [1, -3]}
							}
						},
						{
							"origin": [-1, 17.87738, -18.68625],
							"size": [1.2, 0.4, 1],
							"pivot": [-0.4, 18.07738, -16.93625],
							"rotation": [17.5, 0, 0],
							"uv": {
								"north": {"uv": [79, 0], "uv_size": [1, 1]},
								"east": {"uv": [79, 1], "uv_size": [1, 1]},
								"south": {"uv": [79, 5], "uv_size": [1, 1]},
								"west": {"uv": [6, 79], "uv_size": [1, 1]},
								"up": {"uv": [79, 6], "uv_size": [1, 1]},
								"down": {"uv": [7, 80], "uv_size": [1, -1]}
							}
						},
						{
							"origin": [-1, 17.26075, -17.81826],
							"size": [1.2, 0.4, 3.3],
							"pivot": [-0.4, 17.56075, -17.76826],
							"rotation": [90, 0, 0],
							"uv": {
								"north": {"uv": [79, 7], "uv_size": [1, 1]},
								"east": {"uv": [75, 71], "uv_size": [3, 1]},
								"south": {"uv": [79, 8], "uv_size": [1, 1]},
								"west": {"uv": [76, 0], "uv_size": [3, 1]},
								"up": {"uv": [76, 13], "uv_size": [1, 3]},
								"down": {"uv": [76, 30], "uv_size": [1, -3]}
							}
						},
						{
							"origin": [-0.1328, 17.79953, -18.91826],
							"size": [1.4, 1.3, 3.4],
							"pivot": [0.6672, 18.89953, -17.66826],
							"rotation": [90, 0, -12.5],
							"uv": {
								"north": {"uv": [79, 9], "uv_size": [1, 1]},
								"east": {"uv": [76, 1], "uv_size": [3, 1]},
								"south": {"uv": [79, 10], "uv_size": [1, 1]},
								"west": {"uv": [76, 5], "uv_size": [3, 1]},
								"up": {"uv": [30, 76], "uv_size": [1, 3]},
								"down": {"uv": [76, 33], "uv_size": [1, -3]}
							}
						},
						{
							"origin": [-0.1328, 17.49953, -20.31826],
							"size": [1.4, 0.3, 4.8],
							"pivot": [0.6672, 18.89953, -17.66826],
							"rotation": [90, 0, -12.5],
							"uv": {
								"north": {"uv": [79, 11], "uv_size": [1, 1]},
								"east": {"uv": [71, 17], "uv_size": [5, 1]},
								"south": {"uv": [79, 12], "uv_size": [1, 1]},
								"west": {"uv": [72, 25], "uv_size": [5, 1]},
								"up": {"uv": [8, 72], "uv_size": [1, 5]},
								"down": {"uv": [9, 77], "uv_size": [1, -5]}
							}
						},
						{
							"origin": [-1.7, 17.18591, -27.71219],
							"size": [2.4, 3.3, 1.2],
							"pivot": [-0.4, 19.43591, -27.11219],
							"rotation": [25, 0, 0],
							"uv": {
								"north": {"uv": [70, 65], "uv_size": [2, 3]},
								"east": {"uv": [56, 74], "uv_size": [1, 3]},
								"south": {"uv": [66, 70], "uv_size": [2, 3]},
								"west": {"uv": [26, 75], "uv_size": [1, 3]},
								"up": {"uv": [67, 7], "uv_size": [2, 1]},
								"down": {"uv": [77, 27], "uv_size": [2, -1]}
							}
						},
						{
							"origin": [-1.6, 12.58811, -26.59725],
							"size": [2.4, 6.4, 3.3],
							"pivot": [-0.4, 18.13811, -24.59725],
							"rotation": [-10, 0, 0],
							"uv": {
								"north": {"uv": [43, 61], "uv_size": [2, 6]},
								"east": {"uv": [48, 54], "uv_size": [3, 6]},
								"south": {"uv": [8, 62], "uv_size": [2, 6]},
								"west": {"uv": [54, 51], "uv_size": [3, 6]},
								"up": {"uv": [62, 70], "uv_size": [2, 3]},
								"down": {"uv": [64, 73], "uv_size": [2, -3]}
							}
						},
						{
							"origin": [-1.6, 11.28811, -26.59725],
							"size": [2.4, 1.3, 3.5],
							"pivot": [-0.4, 18.13811, -24.59725],
							"rotation": [-10, 0, 0],
							"uv": {
								"north": {"uv": [66, 37], "uv_size": [2, 1]},
								"east": {"uv": [73, 53], "uv_size": [4, 1]},
								"south": {"uv": [66, 65], "uv_size": [2, 1]},
								"west": {"uv": [73, 54], "uv_size": [4, 1]},
								"up": {"uv": [28, 54], "uv_size": [2, 4]},
								"down": {"uv": [14, 71], "uv_size": [2, -4]}
							}
						},
						{
							"origin": [-2.3, 22.18591, -26.41219],
							"size": [3.6, 1.6, 1],
							"uv": {
								"north": {"uv": [10, 67], "uv_size": [4, 2]},
								"east": {"uv": [47, 16], "uv_size": [1, 2]},
								"south": {"uv": [67, 16], "uv_size": [4, 2]},
								"west": {"uv": [51, 54], "uv_size": [1, 2]},
								"up": {"uv": [73, 52], "uv_size": [4, 1]},
								"down": {"uv": [53, 74], "uv_size": [4, -1]}
							}
						},
						{
							"origin": [-2.3, 22.18591, -25.41219],
							"size": [3.6, 3.6, 3.4],
							"uv": {
								"north": {"uv": [39, 56], "uv_size": [4, 4]},
								"east": {"uv": [32, 61], "uv_size": [3, 4]},
								"south": {"uv": [10, 57], "uv_size": [4, 4]},
								"west": {"uv": [61, 38], "uv_size": [3, 4]},
								"up": {"uv": [61, 10], "uv_size": [4, 3]},
								"down": {"uv": [61, 45], "uv_size": [4, -3]}
							}
						},
						{
							"origin": [-1.3, 26.52051, -24.76397],
							"size": [1.6, 0.8, 10.3],
							"uv": {
								"north": {"uv": [77, 32], "uv_size": [2, 1]},
								"east": {"uv": [63, 19], "uv_size": [10, 1]},
								"south": {"uv": [77, 33], "uv_size": [2, 1]},
								"west": {"uv": [66, 13], "uv_size": [10, 1]},
								"up": {"uv": [52, 46], "uv_size": [2, 10]},
								"down": {"uv": [0, 63], "uv_size": [2, -10]}
							}
						},
						{
							"origin": [-1.1, 27.12051, -14.46397],
							"size": [1.2, 0.4, 3.3],
							"uv": {
								"north": {"uv": [79, 21], "uv_size": [1, 1]},
								"east": {"uv": [76, 20], "uv_size": [3, 1]},
								"south": {"uv": [79, 26], "uv_size": [1, 1]},
								"west": {"uv": [76, 21], "uv_size": [3, 1]},
								"up": {"uv": [33, 76], "uv_size": [1, 3]},
								"down": {"uv": [34, 79], "uv_size": [1, -3]}
							}
						},
						{
							"origin": [-0.40752, 26.03088, -24.76397],
							"size": [1.825, 0.8, 3.4],
							"pivot": [0.39248, 26.43088, -24.11397],
							"rotation": [0, 0, 57.5],
							"uv": {
								"north": {"uv": [77, 36], "uv_size": [2, 1]},
								"east": {"uv": [76, 6], "uv_size": [3, 1]},
								"south": {"uv": [77, 37], "uv_size": [2, 1]},
								"west": {"uv": [76, 17], "uv_size": [3, 1]},
								"up": {"uv": [10, 71], "uv_size": [2, 3]},
								"down": {"uv": [12, 74], "uv_size": [2, -3]}
							}
						},
						{
							"origin": [-1.37788, 25.83382, -24.76397],
							"size": [1.025, 0.8, 5.3],
							"pivot": [-1.36538, 26.23382, -23.06397],
							"rotation": [0, 0, -65],
							"uv": {
								"north": {"uv": [79, 59], "uv_size": [1, 1]},
								"east": {"uv": [72, 26], "uv_size": [5, 1]},
								"south": {"uv": [79, 60], "uv_size": [1, 1]},
								"west": {"uv": [72, 37], "uv_size": [5, 1]},
								"up": {"uv": [21, 72], "uv_size": [1, 5]},
								"down": {"uv": [72, 43], "uv_size": [1, -5]}
							}
						},
						{
							"origin": [-2.12523, 25.34631, -24.76397],
							"size": [1.125, 0.8, 5.3],
							"pivot": [-1.81273, 25.74631, -23.06397],
							"rotation": [0, 0, -45],
							"uv": {
								"north": {"uv": [79, 61], "uv_size": [1, 1]},
								"east": {"uv": [46, 72], "uv_size": [5, 1]},
								"south": {"uv": [62, 79], "uv_size": [1, 1]},
								"west": {"uv": [51, 72], "uv_size": [5, 1]},
								"up": {"uv": [40, 72], "uv_size": [1, 5]},
								"down": {"uv": [41, 77], "uv_size": [1, -5]}
							}
						},
						{
							"origin": [-0.27389, 25.98844, -21.41219],
							"size": [1.775, 0.8, 7],
							"pivot": [0.58861, 26.38844, -17.91219],
							"rotation": [0, 0, 47.5],
							"uv": {
								"north": {"uv": [52, 77], "uv_size": [2, 1]},
								"east": {"uv": [69, 59], "uv_size": [7, 1]},
								"south": {"uv": [77, 52], "uv_size": [2, 1]},
								"west": {"uv": [69, 60], "uv_size": [7, 1]},
								"up": {"uv": [46, 59], "uv_size": [2, 7]},
								"down": {"uv": [60, 34], "uv_size": [2, -7]}
							}
						},
						{
							"origin": [-2.20029, 26.01437, -19.46397],
							"size": [1.475, 0.8, 7.1],
							"pivot": [-1.58779, 26.41437, -17.96397],
							"rotation": [0, 0, -47.5],
							"uv": {
								"north": {"uv": [79, 71], "uv_size": [1, 1]},
								"east": {"uv": [69, 61], "uv_size": [7, 1]},
								"south": {"uv": [72, 79], "uv_size": [1, 1]},
								"west": {"uv": [62, 69], "uv_size": [7, 1]},
								"up": {"uv": [30, 69], "uv_size": [1, 7]},
								"down": {"uv": [31, 76], "uv_size": [1, -7]}
							}
						},
						{
							"origin": [-0.27389, 25.98844, -2.11219],
							"size": [1.4, 0.8, 3.4],
							"pivot": [0.58861, 26.38844, -17.91219],
							"rotation": [0, 0, 47.5],
							"uv": {
								"north": {"uv": [33, 79], "uv_size": [1, 1]},
								"east": {"uv": [76, 57], "uv_size": [3, 1]},
								"south": {"uv": [79, 33], "uv_size": [1, 1]},
								"west": {"uv": [76, 58], "uv_size": [3, 1]},
								"up": {"uv": [39, 76], "uv_size": [1, 3]},
								"down": {"uv": [76, 62], "uv_size": [1, -3]}
							}
						},
						{
							"origin": [-0.34154, 26.11337, 1.29379],
							"size": [1.375, 0.8, 3.7],
							"pivot": [0.34596, 26.51337, 2.99379],
							"rotation": [-2.10191, -1.89261, 50.49981],
							"uv": {
								"north": {"uv": [79, 37], "uv_size": [1, 1]},
								"east": {"uv": [73, 72], "uv_size": [4, 1]},
								"south": {"uv": [39, 79], "uv_size": [1, 1]},
								"west": {"uv": [73, 73], "uv_size": [4, 1]},
								"up": {"uv": [71, 73], "uv_size": [1, 4]},
								"down": {"uv": [3, 78], "uv_size": [1, -4]}
							}
						},
						{
							"origin": [-0.3695, 26.13745, 4.93603],
							"size": [1.275, 0.8, 10.2],
							"pivot": [0.318, 26.51245, 13.13603],
							"rotation": [0, 0, 57],
							"uv": {
								"north": {"uv": [79, 35], "uv_size": [1, 1]},
								"east": {"uv": [66, 14], "uv_size": [10, 1]},
								"south": {"uv": [79, 36], "uv_size": [1, 1]},
								"west": {"uv": [66, 15], "uv_size": [10, 1]},
								"up": {"uv": [58, 65], "uv_size": [1, 10]},
								"down": {"uv": [59, 75], "uv_size": [1, -10]}
							}
						},
						{
							"origin": [-1.9055, 26.13745, 9.03603],
							"size": [1.275, 0.8, 6.1],
							"pivot": [-1.318, 26.51245, 13.13603],
							"rotation": [0, 0, -57],
							"uv": {
								"north": {"uv": [2, 80], "uv_size": [1, 1]},
								"east": {"uv": [70, 68], "uv_size": [6, 1]},
								"south": {"uv": [80, 2], "uv_size": [1, 1]},
								"west": {"uv": [71, 16], "uv_size": [6, 1]},
								"up": {"uv": [14, 71], "uv_size": [1, 6]},
								"down": {"uv": [15, 77], "uv_size": [1, -6]}
							}
						},
						{
							"origin": [-1.99713, 26.1183, 5.3959],
							"size": [1.375, 0.8, 3.7],
							"pivot": [-1.30963, 26.5183, 7.2459],
							"rotation": [-1.69876, 1.80619, -53.50013],
							"uv": {
								"north": {"uv": [1, 80], "uv_size": [1, 1]},
								"east": {"uv": [74, 7], "uv_size": [4, 1]},
								"south": {"uv": [80, 1], "uv_size": [1, 1]},
								"west": {"uv": [74, 8], "uv_size": [4, 1]},
								"up": {"uv": [18, 74], "uv_size": [1, 4]},
								"down": {"uv": [19, 78], "uv_size": [1, -4]}
							}
						},
						{
							"origin": [-2.12611, 25.98844, -2.11219],
							"size": [1.4, 0.8, 7.5],
							"pivot": [-1.58861, 26.38844, -17.91219],
							"rotation": [0, 0, -47.5],
							"uv": {
								"north": {"uv": [0, 80], "uv_size": [1, 1]},
								"east": {"uv": [69, 62], "uv_size": [7, 1]},
								"south": {"uv": [80, 0], "uv_size": [1, 1]},
								"west": {"uv": [69, 63], "uv_size": [7, 1]},
								"up": {"uv": [32, 69], "uv_size": [1, 7]},
								"down": {"uv": [33, 76], "uv_size": [1, -7]}
							}
						},
						{
							"origin": [-0.27389, 25.98844, -14.41219],
							"size": [0.675, 0.525, 12.3],
							"pivot": [0.58861, 26.38844, -17.91219],
							"rotation": [0, 0, 47.5],
							"uv": {
								"north": {"uv": [27, 79], "uv_size": [1, 1]},
								"east": {"uv": [59, 21], "uv_size": [12, 1]},
								"south": {"uv": [79, 27], "uv_size": [1, 1]},
								"west": {"uv": [61, 45], "uv_size": [12, 1]},
								"up": {"uv": [5, 63], "uv_size": [1, 12]},
								"down": {"uv": [22, 75], "uv_size": [1, -12]}
							}
						},
						{
							"origin": [-2.50304, 26.00016, -12.36397],
							"size": [1.775, 0.525, 10.25],
							"pivot": [-1.59054, 26.40016, -17.96397],
							"rotation": [0, 0, -47.5],
							"uv": {
								"north": {"uv": [78, 4], "uv_size": [2, 1]},
								"east": {"uv": [66, 27], "uv_size": [10, 1]},
								"south": {"uv": [6, 78], "uv_size": [2, 1]},
								"west": {"uv": [66, 28], "uv_size": [10, 1]},
								"up": {"uv": [2, 53], "uv_size": [2, 10]},
								"down": {"uv": [4, 63], "uv_size": [2, -10]}
							}
						},
						{
							"origin": [0.40922, 26.30687, -14.41219],
							"size": [0.675, 0.225, 0.6],
							"pivot": [0.57172, 26.40687, -17.91219],
							"rotation": [0, 0, 47.5],
							"uv": {
								"north": {"uv": [79, 28], "uv_size": [1, 1]},
								"east": {"uv": [79, 29], "uv_size": [1, 1]},
								"south": {"uv": [30, 79], "uv_size": [1, 1]},
								"west": {"uv": [79, 30], "uv_size": [1, 1]},
								"up": {"uv": [31, 79], "uv_size": [1, 1]},
								"down": {"uv": [79, 32], "uv_size": [1, -1]}
							}
						},
						{
							"origin": [0.40922, 26.30687, -4.31219],
							"size": [0.675, 0.225, 2.2],
							"pivot": [0.57172, 26.40687, -17.91219],
							"rotation": [0, 0, 47.5],
							"uv": {
								"north": {"uv": [32, 79], "uv_size": [1, 1]},
								"east": {"uv": [77, 53], "uv_size": [2, 1]},
								"south": {"uv": [79, 32], "uv_size": [1, 1]},
								"west": {"uv": [77, 54], "uv_size": [2, 1]},
								"up": {"uv": [48, 77], "uv_size": [1, 2]},
								"down": {"uv": [77, 57], "uv_size": [1, -2]}
							}
						},
						{
							"origin": [-0.74035, 26.12545, -22.76397],
							"size": [2.2, 1.2, 2.2],
							"pivot": [0.45965, 26.32545, -21.16397],
							"rotation": [0, 45, 21.5],
							"uv": {
								"north": {"uv": [77, 42], "uv_size": [2, 1]},
								"east": {"uv": [77, 49], "uv_size": [2, 1]},
								"south": {"uv": [50, 77], "uv_size": [2, 1]},
								"west": {"uv": [77, 50], "uv_size": [2, 1]},
								"up": {"uv": [69, 73], "uv_size": [2, 2]},
								"down": {"uv": [73, 72], "uv_size": [2, -2]}
							}
						},
						{
							"origin": [-1.15027, 27.30788, -21.54682],
							"size": [1.3, 0.9, 0.2],
							"pivot": [0.44973, 27.45788, -21.44682],
							"rotation": [0, 0, 0],
							"uv": {
								"north": {"uv": [30, 80], "uv_size": [1, 1]},
								"east": {"uv": [80, 30], "uv_size": [1, 1]},
								"south": {"uv": [31, 80], "uv_size": [1, 1]},
								"west": {"uv": [80, 31], "uv_size": [1, 1]},
								"up": {"uv": [32, 80], "uv_size": [1, 1]},
								"down": {"uv": [80, 33], "uv_size": [1, -1]}
							}
						},
						{
							"origin": [-1.15027, 28.20788, -21.54682],
							"size": [0.5, 0.4, 0.2],
							"pivot": [0.44973, 27.45788, -21.44682],
							"rotation": [0, 0, 0],
							"uv": {
								"north": {"uv": [33, 80], "uv_size": [1, 1]},
								"east": {"uv": [80, 33], "uv_size": [1, 1]},
								"south": {"uv": [34, 80], "uv_size": [1, 1]},
								"west": {"uv": [80, 34], "uv_size": [1, 1]},
								"up": {"uv": [35, 80], "uv_size": [1, 1]},
								"down": {"uv": [80, 36], "uv_size": [1, -1]}
							}
						},
						{
							"origin": [-0.35027, 28.20788, -21.54682],
							"size": [0.5, 0.4, 0.2],
							"pivot": [0.44973, 27.45788, -21.44682],
							"rotation": [0, 0, 0],
							"uv": {
								"north": {"uv": [36, 80], "uv_size": [1, 1]},
								"east": {"uv": [80, 36], "uv_size": [1, 1]},
								"south": {"uv": [37, 80], "uv_size": [1, 1]},
								"west": {"uv": [80, 37], "uv_size": [1, 1]},
								"up": {"uv": [38, 80], "uv_size": [1, 1]},
								"down": {"uv": [80, 39], "uv_size": [1, -1]}
							}
						},
						{
							"origin": [0.03906, 27.2009, -20.46622],
							"size": [1.3, 0.9, 0.2],
							"pivot": [0.75911, 28.10155, -20.2876],
							"rotation": [-4.81869, 63.03654, 18.49925],
							"uv": {
								"north": {"uv": [45, 80], "uv_size": [1, 1]},
								"east": {"uv": [80, 45], "uv_size": [1, 1]},
								"south": {"uv": [46, 80], "uv_size": [1, 1]},
								"west": {"uv": [80, 46], "uv_size": [1, 1]},
								"up": {"uv": [47, 80], "uv_size": [1, 1]},
								"down": {"uv": [80, 48], "uv_size": [1, -1]}
							}
						},
						{
							"origin": [0.83906, 28.1009, -20.46622],
							"size": [0.5, 0.7, 0.2],
							"pivot": [0.75911, 28.10155, -20.2876],
							"rotation": [-4.81869, 63.03654, 18.49925],
							"uv": {
								"north": {"uv": [42, 80], "uv_size": [1, 1]},
								"east": {"uv": [80, 42], "uv_size": [1, 1]},
								"south": {"uv": [43, 80], "uv_size": [1, 1]},
								"west": {"uv": [80, 43], "uv_size": [1, 1]},
								"up": {"uv": [44, 80], "uv_size": [1, 1]},
								"down": {"uv": [80, 45], "uv_size": [1, -1]}
							}
						},
						{
							"origin": [0.03906, 28.1009, -20.46622],
							"size": [0.5, 0.7, 0.2],
							"pivot": [0.75911, 28.10155, -20.2876],
							"rotation": [-4.81869, 63.03654, 18.49925],
							"uv": {
								"north": {"uv": [39, 80], "uv_size": [1, 1]},
								"east": {"uv": [80, 39], "uv_size": [1, 1]},
								"south": {"uv": [40, 80], "uv_size": [1, 1]},
								"west": {"uv": [80, 40], "uv_size": [1, 1]},
								"up": {"uv": [41, 80], "uv_size": [1, 1]},
								"down": {"uv": [80, 42], "uv_size": [1, -1]}
							}
						},
						{
							"origin": [0.53906, 28.4009, -20.46622],
							"size": [0.3, 0.3, 0.2],
							"pivot": [0.75911, 28.10155, -20.2876],
							"rotation": [-4.81869, 63.03654, 18.49925],
							"uv": {
								"north": {"uv": [75, 80], "uv_size": [1, 1]},
								"east": {"uv": [80, 75], "uv_size": [1, 1]},
								"south": {"uv": [76, 80], "uv_size": [1, 1]},
								"west": {"uv": [80, 76], "uv_size": [1, 1]},
								"up": {"uv": [77, 80], "uv_size": [1, 1]},
								"down": {"uv": [80, 78], "uv_size": [1, -1]}
							}
						},
						{
							"origin": [-56.06094, 29.6009, 11.86622],
							"size": [1.3, 0.9, 0.2],
							"pivot": [0.75911, 28.10155, 40.2876],
							"rotation": [4.81869, -63.03654, 18.49925],
							"uv": {
								"north": {"uv": [54, 80], "uv_size": [1, 1]},
								"east": {"uv": [80, 54], "uv_size": [1, 1]},
								"south": {"uv": [55, 80], "uv_size": [1, 1]},
								"west": {"uv": [80, 55], "uv_size": [1, 1]},
								"up": {"uv": [56, 80], "uv_size": [1, 1]},
								"down": {"uv": [80, 57], "uv_size": [1, -1]}
							}
						},
						{
							"origin": [-55.26094, 30.5009, 11.86622],
							"size": [0.5, 0.5, 0.2],
							"pivot": [0.75911, 28.10155, 40.2876],
							"rotation": [4.81869, -63.03654, 18.49925],
							"uv": {
								"north": {"uv": [51, 80], "uv_size": [1, 1]},
								"east": {"uv": [80, 51], "uv_size": [1, 1]},
								"south": {"uv": [52, 80], "uv_size": [1, 1]},
								"west": {"uv": [80, 52], "uv_size": [1, 1]},
								"up": {"uv": [53, 80], "uv_size": [1, 1]},
								"down": {"uv": [80, 54], "uv_size": [1, -1]}
							}
						},
						{
							"origin": [-55.56094, 30.8009, 11.86622],
							"size": [0.3, 0.2, 0.2],
							"pivot": [0.75911, 28.10155, 40.2876],
							"rotation": [4.81869, -63.03654, 18.49925],
							"uv": {
								"north": {"uv": [78, 80], "uv_size": [1, 1]},
								"east": {"uv": [80, 78], "uv_size": [1, 1]},
								"south": {"uv": [79, 80], "uv_size": [1, 1]},
								"west": {"uv": [80, 79], "uv_size": [1, 1]},
								"up": {"uv": [80, 80], "uv_size": [1, 1]},
								"down": {"uv": [0, 82], "uv_size": [1, -1]}
							}
						},
						{
							"origin": [-56.06094, 30.5009, 11.86622],
							"size": [0.5, 0.5, 0.2],
							"pivot": [0.75911, 28.10155, 40.2876],
							"rotation": [4.81869, -63.03654, 18.49925],
							"uv": {
								"north": {"uv": [48, 80], "uv_size": [1, 1]},
								"east": {"uv": [80, 48], "uv_size": [1, 1]},
								"south": {"uv": [49, 80], "uv_size": [1, 1]},
								"west": {"uv": [80, 49], "uv_size": [1, 1]},
								"up": {"uv": [50, 80], "uv_size": [1, 1]},
								"down": {"uv": [80, 51], "uv_size": [1, -1]}
							}
						},
						{
							"origin": [-0.05943, 28.08822, -22.01654],
							"size": [0.5, 0.3, 0.2],
							"pivot": [1.11153, 27.94854, -21.7823],
							"rotation": [177.27176, -36.85037, -155.5668],
							"uv": {
								"north": {"uv": [63, 80], "uv_size": [1, 1]},
								"east": {"uv": [80, 63], "uv_size": [1, 1]},
								"south": {"uv": [64, 80], "uv_size": [1, 1]},
								"west": {"uv": [80, 64], "uv_size": [1, 1]},
								"up": {"uv": [65, 80], "uv_size": [1, 1]},
								"down": {"uv": [80, 66], "uv_size": [1, -1]}
							}
						},
						{
							"origin": [0.74057, 28.08822, -22.01654],
							"size": [0.5, 0.3, 0.2],
							"pivot": [1.11153, 27.94854, -21.7823],
							"rotation": [177.27176, -36.85037, -155.5668],
							"uv": {
								"north": {"uv": [60, 80], "uv_size": [1, 1]},
								"east": {"uv": [80, 60], "uv_size": [1, 1]},
								"south": {"uv": [61, 80], "uv_size": [1, 1]},
								"west": {"uv": [80, 61], "uv_size": [1, 1]},
								"up": {"uv": [62, 80], "uv_size": [1, 1]},
								"down": {"uv": [80, 63], "uv_size": [1, -1]}
							}
						},
						{
							"origin": [-0.05943, 27.08822, -22.01654],
							"size": [1.3, 1, 0.2],
							"pivot": [1.11153, 27.94854, -21.7823],
							"rotation": [177.27176, -36.85037, -155.5668],
							"uv": {
								"north": {"uv": [57, 80], "uv_size": [1, 1]},
								"east": {"uv": [80, 57], "uv_size": [1, 1]},
								"south": {"uv": [58, 80], "uv_size": [1, 1]},
								"west": {"uv": [80, 58], "uv_size": [1, 1]},
								"up": {"uv": [59, 80], "uv_size": [1, 1]},
								"down": {"uv": [80, 60], "uv_size": [1, -1]}
							}
						},
						{
							"origin": [37.74057, 25.48822, 92.11654],
							"size": [0.5, 0.4, 0.2],
							"pivot": [1.11153, 27.94854, 41.7823],
							"rotation": [-177.27176, 36.85037, -155.5668],
							"uv": {
								"north": {"uv": [72, 80], "uv_size": [1, 1]},
								"east": {"uv": [80, 72], "uv_size": [1, 1]},
								"south": {"uv": [73, 80], "uv_size": [1, 1]},
								"west": {"uv": [80, 73], "uv_size": [1, 1]},
								"up": {"uv": [74, 80], "uv_size": [1, 1]},
								"down": {"uv": [80, 75], "uv_size": [1, -1]}
							}
						},
						{
							"origin": [38.54057, 25.48822, 92.11654],
							"size": [0.5, 0.4, 0.2],
							"pivot": [1.11153, 27.94854, 41.7823],
							"rotation": [-177.27176, 36.85037, -155.5668],
							"uv": {
								"north": {"uv": [69, 80], "uv_size": [1, 1]},
								"east": {"uv": [80, 69], "uv_size": [1, 1]},
								"south": {"uv": [70, 80], "uv_size": [1, 1]},
								"west": {"uv": [80, 70], "uv_size": [1, 1]},
								"up": {"uv": [71, 80], "uv_size": [1, 1]},
								"down": {"uv": [80, 72], "uv_size": [1, -1]}
							}
						},
						{
							"origin": [37.74057, 24.58822, 92.11654],
							"size": [1.3, 0.9, 0.2],
							"pivot": [1.11153, 27.94854, 41.7823],
							"rotation": [-177.27176, 36.85037, -155.5668],
							"uv": {
								"north": {"uv": [66, 80], "uv_size": [1, 1]},
								"east": {"uv": [80, 66], "uv_size": [1, 1]},
								"south": {"uv": [67, 80], "uv_size": [1, 1]},
								"west": {"uv": [80, 67], "uv_size": [1, 1]},
								"up": {"uv": [68, 80], "uv_size": [1, 1]},
								"down": {"uv": [80, 69], "uv_size": [1, -1]}
							}
						},
						{
							"origin": [-1.3, 26.22051, -2.16397],
							"size": [1.6, 1.1, 17.3],
							"uv": {
								"north": {"uv": [77, 34], "uv_size": [2, 1]},
								"east": {"uv": [56, 22], "uv_size": [17, 1]},
								"south": {"uv": [77, 35], "uv_size": [2, 1]},
								"west": {"uv": [56, 23], "uv_size": [17, 1]},
								"up": {"uv": [32, 44], "uv_size": [2, 17]},
								"down": {"uv": [34, 61], "uv_size": [2, -17]}
							}
						},
						{
							"origin": [-1.1, 26.32051, -14.46397],
							"size": [1.2, 0.8, 12.3],
							"uv": {
								"north": {"uv": [79, 13], "uv_size": [1, 1]},
								"east": {"uv": [56, 24], "uv_size": [12, 1]},
								"south": {"uv": [79, 14], "uv_size": [1, 1]},
								"west": {"uv": [59, 20], "uv_size": [12, 1]},
								"up": {"uv": [45, 61], "uv_size": [1, 12]},
								"down": {"uv": [4, 75], "uv_size": [1, -12]}
							}
						},
						{
							"origin": [-2.3, 22.18591, -22.01219],
							"size": [3.6, 2.9, 3],
							"uv": {
								"north": {"uv": [50, 61], "uv_size": [4, 3]},
								"east": {"uv": [0, 66], "uv_size": [3, 3]},
								"south": {"uv": [61, 51], "uv_size": [4, 3]},
								"west": {"uv": [39, 66], "uv_size": [3, 3]},
								"up": {"uv": [54, 61], "uv_size": [4, 3]},
								"down": {"uv": [62, 16], "uv_size": [4, -3]}
							}
						},
						{
							"origin": [-2.9, 22.08591, -21.21219],
							"size": [0.6, 2.4, 7.6],
							"uv": {
								"north": {"uv": [1, 78], "uv_size": [1, 2]},
								"east": {"uv": [57, 47], "uv_size": [8, 2]},
								"south": {"uv": [3, 78], "uv_size": [1, 2]},
								"west": {"uv": [57, 49], "uv_size": [8, 2]},
								"up": {"uv": [3, 66], "uv_size": [1, 8]},
								"down": {"uv": [42, 74], "uv_size": [1, -8]}
							}
						},
						{
							"origin": [-3.1, 22.88591, -17.11219],
							"size": [0.6, 0.8, 3.2],
							"uv": {
								"north": {"uv": [3, 80], "uv_size": [1, 1]},
								"east": {"uv": [76, 69], "uv_size": [3, 1]},
								"south": {"uv": [80, 3], "uv_size": [1, 1]},
								"west": {"uv": [77, 2], "uv_size": [3, 1]},
								"up": {"uv": [15, 77], "uv_size": [1, 3]},
								"down": {"uv": [16, 80], "uv_size": [1, -3]}
							}
						},
						{
							"origin": [-3.1, 22.88591, -20.91219],
							"size": [0.6, 0.8, 3.2],
							"uv": {
								"north": {"uv": [4, 80], "uv_size": [1, 1]},
								"east": {"uv": [77, 3], "uv_size": [3, 1]},
								"south": {"uv": [80, 4], "uv_size": [1, 1]},
								"west": {"uv": [77, 16], "uv_size": [3, 1]},
								"up": {"uv": [17, 77], "uv_size": [1, 3]},
								"down": {"uv": [21, 80], "uv_size": [1, -3]}
							}
						},
						{
							"origin": [-2.7485, 22.08591, -23.19652],
							"size": [0.6, 2.4, 2.1],
							"pivot": [-2.4485, 23.28591, -21.64652],
							"rotation": [0, -17.5, 0],
							"uv": {
								"north": {"uv": [78, 11], "uv_size": [1, 2]},
								"east": {"uv": [74, 20], "uv_size": [2, 2]},
								"south": {"uv": [12, 78], "uv_size": [1, 2]},
								"west": {"uv": [74, 31], "uv_size": [2, 2]},
								"up": {"uv": [13, 78], "uv_size": [1, 2]},
								"down": {"uv": [78, 15], "uv_size": [1, -2]}
							}
						},
						{
							"origin": [-4.96928, 22.08591, -16.15651],
							"size": [0.6, 2.4, 2.7],
							"pivot": [4.33072, 23.28591, -21.60651],
							"rotation": [0, 17.5, 0],
							"uv": {
								"north": {"uv": [18, 78], "uv_size": [1, 2]},
								"east": {"uv": [71, 33], "uv_size": [3, 2]},
								"south": {"uv": [19, 78], "uv_size": [1, 2]},
								"west": {"uv": [71, 35], "uv_size": [3, 2]},
								"up": {"uv": [77, 13], "uv_size": [1, 3]},
								"down": {"uv": [14, 80], "uv_size": [1, -3]}
							}
						},
						{
							"origin": [-1.9, 25.08591, -22.01219],
							"size": [3.4, 0.9, 3],
							"uv": {
								"north": {"uv": [75, 4], "uv_size": [3, 1]},
								"east": {"uv": [75, 18], "uv_size": [3, 1]},
								"south": {"uv": [75, 24], "uv_size": [3, 1]},
								"west": {"uv": [65, 75], "uv_size": [3, 1]},
								"up": {"uv": [66, 59], "uv_size": [3, 3]},
								"down": {"uv": [62, 69], "uv_size": [3, -3]}
							}
						},
						{
							"origin": [-2.3, 25.08591, -22.01219],
							"size": [0.4, 0.7, 2.55],
							"uv": {
								"north": {"uv": [79, 70], "uv_size": [1, 1]},
								"east": {"uv": [66, 76], "uv_size": [3, 1]},
								"south": {"uv": [71, 79], "uv_size": [1, 1]},
								"west": {"uv": [76, 68], "uv_size": [3, 1]},
								"up": {"uv": [69, 76], "uv_size": [1, 3]},
								"down": {"uv": [70, 79], "uv_size": [1, -3]}
							}
						},
						{
							"origin": [-2.3, 25.08591, -19.46219],
							"size": [0.4, 0.9, 0.45],
							"uv": {
								"north": {"uv": [79, 73], "uv_size": [1, 1]},
								"east": {"uv": [74, 79], "uv_size": [1, 1]},
								"south": {"uv": [79, 74], "uv_size": [1, 1]},
								"west": {"uv": [75, 79], "uv_size": [1, 1]},
								"up": {"uv": [79, 75], "uv_size": [1, 1]},
								"down": {"uv": [76, 80], "uv_size": [1, -1]}
							}
						},
						{
							"origin": [-2.301, 21.93, -29.11099],
							"size": [3.6, 1.1, 2.375],
							"pivot": [-0.4, 25.52218, -28.36099],
							"rotation": [65, 0, 0],
							"uv": {
								"north": {"uv": [73, 23], "uv_size": [4, 1]},
								"east": {"uv": [48, 41], "uv_size": [2, 1]},
								"south": {"uv": [49, 73], "uv_size": [4, 1]},
								"west": {"uv": [52, 27], "uv_size": [2, 1]},
								"up": {"uv": [67, 0], "uv_size": [4, 2]},
								"down": {"uv": [67, 7], "uv_size": [4, -2]}
							}
						},
						{
							"origin": [-1.3, 21.922, -26.76099],
							"size": [1.6, 1.1, 1.55],
							"pivot": [-0.4, 25.52218, -28.36099],
							"rotation": [65, 0, 0],
							"uv": {
								"north": {"uv": [28, 77], "uv_size": [2, 1]},
								"east": {"uv": [77, 29], "uv_size": [2, 1]},
								"south": {"uv": [77, 30], "uv_size": [2, 1]},
								"west": {"uv": [77, 31], "uv_size": [2, 1]},
								"up": {"uv": [65, 73], "uv_size": [2, 2]},
								"down": {"uv": [67, 75], "uv_size": [2, -2]}
							}
						},
						{
							"origin": [-0.1427, 26.2568, -25.28318],
							"size": [1, 0.7, 1.8],
							"pivot": [1.1573, 26.4068, -24.58318],
							"rotation": [68.75156, -13.489, -30.95837],
							"uv": {
								"north": {"uv": [79, 17], "uv_size": [1, 1]},
								"east": {"uv": [77, 39], "uv_size": [2, 1]},
								"south": {"uv": [79, 20], "uv_size": [1, 1]},
								"west": {"uv": [40, 77], "uv_size": [2, 1]},
								"up": {"uv": [77, 40], "uv_size": [1, 2]},
								"down": {"uv": [77, 49], "uv_size": [1, -2]}
							}
						},
						{
							"origin": [-1.73502, 25.93055, -25.76273],
							"size": [1, 0.7, 1.8],
							"pivot": [-1.33502, 26.28055, -24.86273],
							"rotation": [67.26073, 10.6765, 23.84715],
							"uv": {
								"north": {"uv": [63, 79], "uv_size": [1, 1]},
								"east": {"uv": [77, 73], "uv_size": [2, 1]},
								"south": {"uv": [64, 79], "uv_size": [1, 1]},
								"west": {"uv": [77, 74], "uv_size": [2, 1]},
								"up": {"uv": [68, 77], "uv_size": [1, 2]},
								"down": {"uv": [71, 79], "uv_size": [1, -2]}
							}
						},
						{
							"origin": [-1.71002, 25.93055, -25.78773],
							"size": [0.5, 0.7, 0.85],
							"pivot": [-1.33502, 26.28055, -24.86273],
							"rotation": [72.20415, 17.85183, 43.68288],
							"uv": {
								"north": {"uv": [79, 64], "uv_size": [1, 1]},
								"east": {"uv": [65, 79], "uv_size": [1, 1]},
								"south": {"uv": [79, 65], "uv_size": [1, 1]},
								"west": {"uv": [66, 79], "uv_size": [1, 1]},
								"up": {"uv": [79, 66], "uv_size": [1, 1]},
								"down": {"uv": [67, 80], "uv_size": [1, -1]}
							}
						},
						{
							"origin": [-2.29747, 25.52514, -25.15178],
							"size": [0.5, 0.7, 0.2],
							"pivot": [-2.04747, 25.87514, -25.05178],
							"rotation": [65.00752, 0.63387, 1.35952],
							"uv": {
								"north": {"uv": [79, 67], "uv_size": [1, 1]},
								"east": {"uv": [68, 79], "uv_size": [1, 1]},
								"south": {"uv": [79, 68], "uv_size": [1, 1]},
								"west": {"uv": [69, 79], "uv_size": [1, 1]},
								"up": {"uv": [79, 69], "uv_size": [1, 1]},
								"down": {"uv": [70, 80], "uv_size": [1, -1]}
							}
						},
						{
							"origin": [-2.3, 20.68591, -19.01219],
							"size": [3.8, 5.3, 4.6],
							"uv": {
								"north": {"uv": [48, 36], "uv_size": [4, 5]},
								"east": {"uv": [0, 48], "uv_size": [5, 5]},
								"south": {"uv": [48, 49], "uv_size": [4, 5]},
								"west": {"uv": [5, 48], "uv_size": [5, 5]},
								"up": {"uv": [50, 41], "uv_size": [4, 5]},
								"down": {"uv": [51, 15], "uv_size": [4, -5]}
							}
						},
						{
							"origin": [-2.3, 25.98591, -19.46219],
							"size": [0.6, 0.25, 5.05],
							"uv": {
								"north": {"uv": [79, 72], "uv_size": [1, 1]},
								"east": {"uv": [72, 65], "uv_size": [5, 1]},
								"south": {"uv": [73, 79], "uv_size": [1, 1]},
								"west": {"uv": [72, 66], "uv_size": [5, 1]},
								"up": {"uv": [72, 70], "uv_size": [1, 5]},
								"down": {"uv": [0, 78], "uv_size": [1, -5]}
							}
						},
						{
							"origin": [-2.3, 25.28591, -14.41219],
							"size": [0.6, 0.95, 2.05],
							"uv": {
								"north": {"uv": [79, 76], "uv_size": [1, 1]},
								"east": {"uv": [75, 77], "uv_size": [2, 1]},
								"south": {"uv": [77, 79], "uv_size": [1, 1]},
								"west": {"uv": [77, 75], "uv_size": [2, 1]},
								"up": {"uv": [77, 76], "uv_size": [1, 2]},
								"down": {"uv": [0, 80], "uv_size": [1, -2]}
							}
						},
						{
							"origin": [-2.3, 25.28591, -12.36219],
							"size": [0.6, 0.525, 10.25],
							"uv": {
								"north": {"uv": [79, 77], "uv_size": [1, 1]},
								"east": {"uv": [66, 29], "uv_size": [10, 1]},
								"south": {"uv": [78, 79], "uv_size": [1, 1]},
								"west": {"uv": [66, 30], "uv_size": [10, 1]},
								"up": {"uv": [60, 65], "uv_size": [1, 10]},
								"down": {"uv": [61, 75], "uv_size": [1, -10]}
							}
						},
						{
							"origin": [-2.3, 22.58591, -14.41219],
							"size": [3.8, 2.7, 5.9],
							"uv": {
								"north": {"uv": [62, 27], "uv_size": [4, 3]},
								"east": {"uv": [55, 0], "uv_size": [6, 3]},
								"south": {"uv": [28, 62], "uv_size": [4, 3]},
								"west": {"uv": [55, 3], "uv_size": [6, 3]},
								"up": {"uv": [48, 16], "uv_size": [4, 6]},
								"down": {"uv": [22, 54], "uv_size": [4, -6]}
							}
						},
						{
							"origin": [-1.9, 20.78591, -14.41219],
							"size": [3.4, 1.8, 5.9],
							"uv": {
								"north": {"uv": [71, 20], "uv_size": [3, 2]},
								"east": {"uv": [41, 16], "uv_size": [6, 2]},
								"south": {"uv": [71, 31], "uv_size": [3, 2]},
								"west": {"uv": [63, 8], "uv_size": [6, 2]},
								"up": {"uv": [56, 16], "uv_size": [3, 6]},
								"down": {"uv": [36, 62], "uv_size": [3, -6]}
							}
						},
						{
							"origin": [-2.3, 22.58591, -8.51219],
							"size": [3.8, 2.7, 6],
							"uv": {
								"north": {"uv": [62, 30], "uv_size": [4, 3]},
								"east": {"uv": [55, 10], "uv_size": [6, 3]},
								"south": {"uv": [62, 33], "uv_size": [4, 3]},
								"west": {"uv": [56, 13], "uv_size": [6, 3]},
								"up": {"uv": [48, 22], "uv_size": [4, 6]},
								"down": {"uv": [26, 54], "uv_size": [4, -6]}
							}
						},
						{
							"origin": [-2.3, 22.58591, -2.51219],
							"size": [0.4, 2.7, 0.4],
							"uv": {
								"north": {"uv": [73, 76], "uv_size": [1, 3]},
								"east": {"uv": [74, 76], "uv_size": [1, 3]},
								"south": {"uv": [76, 74], "uv_size": [1, 3]},
								"west": {"uv": [2, 77], "uv_size": [1, 3]},
								"up": {"uv": [79, 78], "uv_size": [1, 1]},
								"down": {"uv": [79, 80], "uv_size": [1, -1]}
							}
						},
						{
							"origin": [-1.9, 20.78591, -8.51219],
							"size": [3.2, 1.8, 5.1],
							"uv": {
								"north": {"uv": [70, 43], "uv_size": [3, 2]},
								"east": {"uv": [65, 41], "uv_size": [5, 2]},
								"south": {"uv": [70, 52], "uv_size": [3, 2]},
								"west": {"uv": [65, 43], "uv_size": [5, 2]},
								"up": {"uv": [43, 56], "uv_size": [3, 5]},
								"down": {"uv": [59, 62], "uv_size": [3, -5]}
							}
						},
						{
							"origin": [-2.14676, 20.83431, -8.51219],
							"size": [0.4, 1.8, 5.1],
							"pivot": [-1.94676, 21.73431, -5.96219],
							"rotation": [0, 0, -10],
							"uv": {
								"north": {"uv": [78, 7], "uv_size": [1, 2]},
								"east": {"uv": [66, 31], "uv_size": [5, 2]},
								"south": {"uv": [78, 9], "uv_size": [1, 2]},
								"west": {"uv": [66, 33], "uv_size": [5, 2]},
								"up": {"uv": [1, 73], "uv_size": [1, 5]},
								"down": {"uv": [73, 10], "uv_size": [1, -5]}
							}
						},
						{
							"origin": [-2.14676, 20.83431, -14.61219],
							"size": [0.4, 1.8, 6.1],
							"pivot": [-1.94676, 21.73431, -5.96219],
							"rotation": [0, 0, -10],
							"uv": {
								"north": {"uv": [10, 78], "uv_size": [1, 2]},
								"east": {"uv": [50, 64], "uv_size": [6, 2]},
								"south": {"uv": [11, 78], "uv_size": [1, 2]},
								"west": {"uv": [10, 65], "uv_size": [6, 2]},
								"up": {"uv": [16, 71], "uv_size": [1, 6]},
								"down": {"uv": [17, 77], "uv_size": [1, -6]}
							}
						},
						{
							"origin": [-2.31, 20.3155, -2.84311],
							"size": [3.6, 5.2, 4],
							"pivot": [-0.4, 23.0155, -1.79311],
							"rotation": [-47.5, 0, 0],
							"uv": {
								"north": {"uv": [36, 51], "uv_size": [4, 5]},
								"east": {"uv": [10, 52], "uv_size": [4, 5]},
								"south": {"uv": [14, 52], "uv_size": [4, 5]},
								"west": {"uv": [52, 15], "uv_size": [4, 5]},
								"up": {"uv": [14, 57], "uv_size": [4, 4]},
								"down": {"uv": [18, 61], "uv_size": [4, -4]}
							}
						},
						{
							"origin": [-0.6, 18.5155, -2.84311],
							"size": [0.4, 1.8, 1.9],
							"pivot": [-0.4, 23.0155, -1.79311],
							"rotation": [-47.5, 0, 0],
							"uv": {
								"north": {"uv": [77, 60], "uv_size": [1, 2]},
								"east": {"uv": [74, 0], "uv_size": [2, 2]},
								"south": {"uv": [62, 77], "uv_size": [1, 2]},
								"west": {"uv": [74, 5], "uv_size": [2, 2]},
								"up": {"uv": [77, 62], "uv_size": [1, 2]},
								"down": {"uv": [63, 79], "uv_size": [1, -2]}
							}
						},
						{
							"origin": [-0.575, 19.34866, -4.53661],
							"size": [0.35, 1.8, 2.6],
							"uv": {
								"north": {"uv": [64, 77], "uv_size": [1, 2]},
								"east": {"uv": [70, 55], "uv_size": [3, 2]},
								"south": {"uv": [77, 64], "uv_size": [1, 2]},
								"west": {"uv": [71, 0], "uv_size": [3, 2]},
								"up": {"uv": [76, 62], "uv_size": [1, 3]},
								"down": {"uv": [65, 79], "uv_size": [1, -3]}
							}
						},
						{
							"origin": [-2.3, 20.32978, -4.51005],
							"size": [3.6, 1.8, 5.3],
							"pivot": [-0.4, 20.82978, -0.81005],
							"rotation": [-157.5, 0, 0],
							"uv": {
								"north": {"uv": [27, 67], "uv_size": [4, 2]},
								"east": {"uv": [65, 52], "uv_size": [5, 2]},
								"south": {"uv": [31, 67], "uv_size": [4, 2]},
								"west": {"uv": [65, 55], "uv_size": [5, 2]},
								"up": {"uv": [18, 52], "uv_size": [4, 5]},
								"down": {"uv": [52, 25], "uv_size": [4, -5]}
							}
						},
						{
							"origin": [-2.301, 20.84466, -3.59421],
							"size": [3.602, 2, 17.7],
							"pivot": [-0.4, 21.94466, 5.75579],
							"rotation": [180, 0, 0],
							"uv": {
								"north": {"uv": [67, 47], "uv_size": [4, 2]},
								"east": {"uv": [41, 6], "uv_size": [18, 2]},
								"south": {"uv": [67, 49], "uv_size": [4, 2]},
								"west": {"uv": [41, 8], "uv_size": [18, 2]},
								"up": {"uv": [32, 18], "uv_size": [4, 18]},
								"down": {"uv": [36, 36], "uv_size": [4, -18]}
							}
						},
						{
							"origin": [-2.301, 17.64466, 10.00579],
							"size": [3.602, 3.2, 3.625],
							"pivot": [-0.4, 21.94466, 5.75579],
							"rotation": [180, 0, 0],
							"uv": {
								"north": {"uv": [35, 62], "uv_size": [4, 3]},
								"east": {"uv": [62, 57], "uv_size": [4, 3]},
								"south": {"uv": [58, 62], "uv_size": [4, 3]},
								"west": {"uv": [62, 60], "uv_size": [4, 3]},
								"up": {"uv": [57, 39], "uv_size": [4, 4]},
								"down": {"uv": [57, 47], "uv_size": [4, -4]}
							}
						},
						{
							"origin": [-2.301, 17.64466, 6.10579],
							"size": [0.502, 3.2, 3.925],
							"pivot": [-0.4, 21.94466, 5.75579],
							"rotation": [180, 0, 0],
							"uv": {
								"north": {"uv": [4, 77], "uv_size": [1, 3]},
								"east": {"uv": [63, 5], "uv_size": [4, 3]},
								"south": {"uv": [5, 77], "uv_size": [1, 3]},
								"west": {"uv": [63, 16], "uv_size": [4, 3]},
								"up": {"uv": [10, 74], "uv_size": [1, 4]},
								"down": {"uv": [11, 78], "uv_size": [1, -4]}
							}
						},
						{
							"origin": [0.54762, 22.44466, 1.4729],
							"size": [0.602, 3.2, 3.5],
							"pivot": [0.84862, 24.34466, 3.2229],
							"rotation": [180, -5, 0],
							"uv": {
								"north": {"uv": [31, 76], "uv_size": [1, 3]},
								"east": {"uv": [0, 63], "uv_size": [4, 3]},
								"south": {"uv": [32, 76], "uv_size": [1, 3]},
								"west": {"uv": [63, 0], "uv_size": [4, 3]},
								"up": {"uv": [57, 73], "uv_size": [1, 4]},
								"down": {"uv": [64, 77], "uv_size": [1, -4]}
							}
						},
						{
							"origin": [-2.50966, 22.44466, -3.37335],
							"size": [0.602, 3.2, 4],
							"pivot": [0.79134, 24.34466, 2.87665],
							"rotation": [180, 5, 0],
							"uv": {
								"north": {"uv": [8, 77], "uv_size": [1, 3]},
								"east": {"uv": [62, 63], "uv_size": [4, 3]},
								"south": {"uv": [9, 77], "uv_size": [1, 3]},
								"west": {"uv": [64, 38], "uv_size": [4, 3]},
								"up": {"uv": [12, 74], "uv_size": [1, 4]},
								"down": {"uv": [13, 78], "uv_size": [1, -4]}
							}
						},
						{
							"origin": [-2.001, 17.64466, -3.59421],
							"size": [3.002, 3.2, 13.6],
							"pivot": [-0.4, 21.94466, 5.75579],
							"rotation": [180, 0, 0],
							"uv": {
								"north": {"uv": [66, 62], "uv_size": [3, 3]},
								"east": {"uv": [41, 0], "uv_size": [14, 3]},
								"south": {"uv": [65, 66], "uv_size": [3, 3]},
								"west": {"uv": [41, 3], "uv_size": [14, 3]},
								"up": {"uv": [40, 42], "uv_size": [3, 14]},
								"down": {"uv": [43, 56], "uv_size": [3, -14]}
							}
						},
						{
							"origin": [-2.999, 25.94466, 17.10579],
							"size": [1.2, 1.2, 0.6],
							"pivot": [-0.499, 24.64466, 16.40579],
							"rotation": [180, 0, -45],
							"uv": {
								"north": {"uv": [6, 80], "uv_size": [1, 1]},
								"east": {"uv": [80, 6], "uv_size": [1, 1]},
								"south": {"uv": [7, 80], "uv_size": [1, 1]},
								"west": {"uv": [80, 7], "uv_size": [1, 1]},
								"up": {"uv": [8, 80], "uv_size": [1, 1]},
								"down": {"uv": [80, 9], "uv_size": [1, -1]}
							}
						},
						{
							"origin": [-2.899, 26.04466, 11.70579],
							"size": [1, 1, 5.4],
							"pivot": [-0.499, 24.64466, 16.40579],
							"rotation": [180, 0, -45],
							"uv": {
								"north": {"uv": [9, 80], "uv_size": [1, 1]},
								"east": {"uv": [73, 11], "uv_size": [5, 1]},
								"south": {"uv": [80, 9], "uv_size": [1, 1]},
								"west": {"uv": [73, 12], "uv_size": [5, 1]},
								"up": {"uv": [46, 73], "uv_size": [1, 5]},
								"down": {"uv": [47, 78], "uv_size": [1, -5]}
							}
						},
						{
							"origin": [-0.899, 21.45766, 19.20579],
							"size": [1.1, 1, 7.6],
							"pivot": [-0.499, 21.95766, 23.80579],
							"rotation": [180, 0, -90],
							"uv": {
								"north": {"uv": [10, 80], "uv_size": [1, 1]},
								"east": {"uv": [67, 2], "uv_size": [8, 1]},
								"south": {"uv": [80, 10], "uv_size": [1, 1]},
								"west": {"uv": [67, 18], "uv_size": [8, 1]},
								"up": {"uv": [2, 69], "uv_size": [1, 8]},
								"down": {"uv": [27, 77], "uv_size": [1, -8]}
							}
						},
						{
							"origin": [0.201, 21.65766, 20.10579],
							"size": [0.7, 0.6, 4],
							"pivot": [-0.499, 21.95766, 23.80579],
							"rotation": [180, 0, -90],
							"uv": {
								"north": {"uv": [15, 80], "uv_size": [1, 1]},
								"east": {"uv": [74, 43], "uv_size": [4, 1]},
								"south": {"uv": [80, 15], "uv_size": [1, 1]},
								"west": {"uv": [74, 44], "uv_size": [4, 1]},
								"up": {"uv": [43, 74], "uv_size": [1, 4]},
								"down": {"uv": [44, 78], "uv_size": [1, -4]}
							}
						},
						{
							"origin": [0.401, 22.25766, 20.10579],
							"size": [0.5, 0.3, 4],
							"pivot": [-0.499, 21.95766, 23.80579],
							"rotation": [180, 0, -90],
							"uv": {
								"north": {"uv": [17, 80], "uv_size": [1, 1]},
								"east": {"uv": [50, 74], "uv_size": [4, 1]},
								"south": {"uv": [80, 17], "uv_size": [1, 1]},
								"west": {"uv": [74, 51], "uv_size": [4, 1]},
								"up": {"uv": [54, 74], "uv_size": [1, 4]},
								"down": {"uv": [55, 78], "uv_size": [1, -4]}
							}
						},
						{
							"origin": [0.501, 21.35766, 20.10579],
							"size": [0.4, 0.3, 4],
							"pivot": [-0.499, 21.95766, 23.80579],
							"rotation": [180, 0, -90],
							"uv": {
								"north": {"uv": [16, 80], "uv_size": [1, 1]},
								"east": {"uv": [74, 45], "uv_size": [4, 1]},
								"south": {"uv": [80, 16], "uv_size": [1, 1]},
								"west": {"uv": [74, 46], "uv_size": [4, 1]},
								"up": {"uv": [74, 47], "uv_size": [1, 4]},
								"down": {"uv": [49, 78], "uv_size": [1, -4]}
							}
						},
						{
							"origin": [-1.999, 21.65766, 23.70579],
							"size": [1.1, 0.6, 1.8],
							"pivot": [-0.499, 21.95766, 23.80579],
							"rotation": [180, 0, -90],
							"uv": {
								"north": {"uv": [13, 80], "uv_size": [1, 1]},
								"east": {"uv": [78, 15], "uv_size": [2, 1]},
								"south": {"uv": [80, 13], "uv_size": [1, 1]},
								"west": {"uv": [78, 18], "uv_size": [2, 1]},
								"up": {"uv": [36, 78], "uv_size": [1, 2]},
								"down": {"uv": [37, 80], "uv_size": [1, -2]}
							}
						},
						{
							"origin": [-0.749, 20.60766, 23.10579],
							"size": [1.1, 0.8, 4.1],
							"pivot": [-0.499, 21.00766, 24.75579],
							"rotation": [180, 27.5, -90],
							"uv": {
								"north": {"uv": [11, 80], "uv_size": [1, 1]},
								"east": {"uv": [74, 9], "uv_size": [4, 1]},
								"south": {"uv": [80, 11], "uv_size": [1, 1]},
								"west": {"uv": [74, 38], "uv_size": [4, 1]},
								"up": {"uv": [74, 39], "uv_size": [1, 4]},
								"down": {"uv": [42, 78], "uv_size": [1, -4]}
							}
						},
						{
							"origin": [-1.449, 20.90033, 20.80372],
							"size": [1.1, 0.85, 3.1],
							"pivot": [-0.499, 21.32533, 22.25372],
							"rotation": [180, -42.5, -90],
							"uv": {
								"north": {"uv": [12, 80], "uv_size": [1, 1]},
								"east": {"uv": [77, 19], "uv_size": [3, 1]},
								"south": {"uv": [80, 12], "uv_size": [1, 1]},
								"west": {"uv": [77, 22], "uv_size": [3, 1]},
								"up": {"uv": [24, 77], "uv_size": [1, 3]},
								"down": {"uv": [25, 80], "uv_size": [1, -3]}
							}
						},
						{
							"origin": [-0.2, 21.48511, -3.59433],
							"size": [1.8, 3.4, 1.625],
							"pivot": [-0.3, 22.83511, -0.61933],
							"rotation": [-37.5, 0, 0],
							"uv": {
								"north": {"uv": [68, 70], "uv_size": [2, 3]},
								"east": {"uv": [70, 70], "uv_size": [2, 3]},
								"south": {"uv": [71, 5], "uv_size": [2, 3]},
								"west": {"uv": [71, 8], "uv_size": [2, 3]},
								"up": {"uv": [73, 55], "uv_size": [2, 2]},
								"down": {"uv": [62, 75], "uv_size": [2, -2]}
							}
						},
						{
							"origin": [-0.2, 25.28331, -1.7424],
							"size": [1.825, 1.2, 1.3],
							"uv": {
								"north": {"uv": [56, 77], "uv_size": [2, 1]},
								"east": {"uv": [34, 79], "uv_size": [1, 1]},
								"south": {"uv": [58, 77], "uv_size": [2, 1]},
								"west": {"uv": [79, 34], "uv_size": [1, 1]},
								"up": {"uv": [77, 59], "uv_size": [2, 1]},
								"down": {"uv": [60, 78], "uv_size": [2, -1]}
							}
						},
						{
							"origin": [-1.401, 19.3, -41],
							"size": [2, 2.5, 5.9],
							"pivot": [-0.4, 20.1, -37.55],
							"rotation": [17.5, 0, 0],
							"uv": {
								"north": {"uv": [37, 70], "uv_size": [2, 3]},
								"east": {"uv": [52, 36], "uv_size": [6, 3]},
								"south": {"uv": [70, 37], "uv_size": [2, 3]},
								"west": {"uv": [54, 27], "uv_size": [6, 3]},
								"up": {"uv": [39, 60], "uv_size": [2, 6]},
								"down": {"uv": [41, 66], "uv_size": [2, -6]}
							}
						},
						{
							"origin": [-1.405, 20.09511, -35.66575],
							"size": [2, 2.5, 5.5],
							"pivot": [-0.4, 20.89511, -37.41575],
							"rotation": [-0.5, 0, 0],
							"uv": {
								"north": {"uv": [70, 40], "uv_size": [2, 3]},
								"east": {"uv": [54, 30], "uv_size": [6, 3]},
								"south": {"uv": [56, 70], "uv_size": [2, 3]},
								"west": {"uv": [54, 33], "uv_size": [6, 3]},
								"up": {"uv": [48, 60], "uv_size": [2, 6]},
								"down": {"uv": [61, 6], "uv_size": [2, -6]}
							}
						}
					]
				},
				{
					"name": "magazine",
					"parent": "main",
					"pivot": [-2.16698, 13.92303, -13.13113],
					"rotation": [0, 180, 0],
					"cubes": [
						{
							"origin": [-4.12783, 16.31722, -17.56826],
							"size": [2, 4, 5.8],
							"pivot": [-3.12783, 18.31722, -15.86826],
							"rotation": [97.5, 0, -12.5],
							"uv": {
								"north": {"uv": [35, 67], "uv_size": [2, 4]},
								"east": {"uv": [48, 28], "uv_size": [6, 4]},
								"south": {"uv": [43, 67], "uv_size": [2, 4]},
								"west": {"uv": [48, 32], "uv_size": [6, 4]},
								"up": {"uv": [56, 64], "uv_size": [2, 6]},
								"down": {"uv": [16, 71], "uv_size": [2, -6]}
							}
						},
						{
							"origin": [-3.46315, 13.31907, -17.75741],
							"size": [2, 4, 4.2],
							"pivot": [-2.46315, 15.31907, -15.25741],
							"rotation": [105, 0, -12.5],
							"uv": {
								"north": {"uv": [8, 68], "uv_size": [2, 4]},
								"east": {"uv": [51, 57], "uv_size": [4, 4]},
								"south": {"uv": [18, 68], "uv_size": [2, 4]},
								"west": {"uv": [57, 51], "uv_size": [4, 4]},
								"up": {"uv": [20, 68], "uv_size": [2, 4]},
								"down": {"uv": [68, 41], "uv_size": [2, -4]}
							}
						},
						{
							"origin": [-2.57419, 9.30919, -16.29082],
							"size": [2, 4, 4.5],
							"pivot": [-1.57419, 11.30919, -13.89082],
							"rotation": [112.5, 0, -12.5],
							"uv": {
								"north": {"uv": [46, 68], "uv_size": [2, 4]},
								"east": {"uv": [55, 57], "uv_size": [4, 4]},
								"south": {"uv": [48, 68], "uv_size": [2, 4]},
								"west": {"uv": [28, 58], "uv_size": [4, 4]},
								"up": {"uv": [50, 68], "uv_size": [2, 4]},
								"down": {"uv": [52, 72], "uv_size": [2, -4]}
							}
						},
						{
							"origin": [-1.72331, 5.47115, -14.21309],
							"size": [2, 4, 4.5],
							"pivot": [-0.72331, 7.47115, -11.96309],
							"rotation": [120, 0, -12.5],
							"uv": {
								"north": {"uv": [54, 68], "uv_size": [2, 4]},
								"east": {"uv": [59, 6], "uv_size": [4, 4]},
								"south": {"uv": [68, 65], "uv_size": [2, 4]},
								"west": {"uv": [59, 16], "uv_size": [4, 4]},
								"up": {"uv": [0, 69], "uv_size": [2, 4]},
								"down": {"uv": [69, 11], "uv_size": [2, -4]}
							}
						},
						{
							"origin": [-2.87675, 14.25733, -7.90058],
							"size": [1.2, 2.5, 4.8],
							"pivot": [-2.27675, 14.32503, -11.81912],
							"rotation": [95.05919, -0.54094, -12.48848],
							"uv": {
								"north": {"uv": [29, 78], "uv_size": [1, 2]},
								"east": {"uv": [51, 66], "uv_size": [5, 2]},
								"south": {"uv": [35, 78], "uv_size": [1, 2]},
								"west": {"uv": [66, 57], "uv_size": [5, 2]},
								"up": {"uv": [37, 73], "uv_size": [1, 5]},
								"down": {"uv": [38, 78], "uv_size": [1, -5]}
							}
						},
						{
							"origin": [-2.87675, 13.71221, -11.62083],
							"size": [1.2, 2.5, 4.2],
							"pivot": [-2.27675, 14.32503, -11.81912],
							"rotation": [102.55919, -0.54094, -12.48848],
							"uv": {
								"north": {"uv": [22, 77], "uv_size": [1, 3]},
								"east": {"uv": [65, 10], "uv_size": [4, 3]},
								"south": {"uv": [23, 77], "uv_size": [1, 3]},
								"west": {"uv": [18, 65], "uv_size": [4, 3]},
								"up": {"uv": [35, 74], "uv_size": [1, 4]},
								"down": {"uv": [36, 78], "uv_size": [1, -4]}
							}
						},
						{
							"origin": [-2.87675, 13.65735, -15.68041],
							"size": [1.2, 2.5, 4.5],
							"pivot": [-2.27675, 14.32503, -11.81912],
							"rotation": [112.5, 0, -12.5],
							"uv": {
								"north": {"uv": [78, 27], "uv_size": [1, 2]},
								"east": {"uv": [10, 69], "uv_size": [4, 2]},
								"south": {"uv": [28, 78], "uv_size": [1, 2]},
								"west": {"uv": [69, 11], "uv_size": [4, 2]},
								"up": {"uv": [20, 74], "uv_size": [1, 4]},
								"down": {"uv": [74, 37], "uv_size": [1, -4]}
							}
						},
						{
							"origin": [-2.87675, 14.13285, -20.01242],
							"size": [1.2, 2.5, 4.8],
							"pivot": [-2.27675, 14.32503, -11.81912],
							"rotation": [120, 0, -12.5],
							"uv": {
								"north": {"uv": [20, 78], "uv_size": [1, 2]},
								"east": {"uv": [66, 35], "uv_size": [5, 2]},
								"south": {"uv": [26, 78], "uv_size": [1, 2]},
								"west": {"uv": [46, 66], "uv_size": [5, 2]},
								"up": {"uv": [6, 73], "uv_size": [1, 5]},
								"down": {"uv": [7, 78], "uv_size": [1, -5]}
							}
						}
					]
				},
				{
					"name": "bone",
					"parent": "magazine",
					"pivot": [-4.06698, 22.92303, -16.13113],
					"cubes": [
						{
							"origin": [-4.86698, 22.22303, -17.73113],
							"size": [0.8, 0.8, 3.9],
							"pivot": [-4.06698, 22.92303, -16.13113],
							"rotation": [5, 5, -57.5],
							"uv": {
								"north": {"uv": [86, 23], "uv_size": [0.8, 0.8]},
								"east": {"uv": [83, 23], "uv_size": [3.9, 0.8]},
								"south": {"uv": [86, 23], "uv_size": [0.8, 0.8]},
								"west": {"uv": [86, 23], "uv_size": [3.9, 0.8]},
								"up": {"uv": [86.8, 26.9], "uv_size": [-0.8, -3.9]},
								"down": {"uv": [86.8, 26.9], "uv_size": [-0.8, -3.9]}
							}
						}
					]
				},
				{
					"name": "magazine2",
					"parent": "main",
					"pivot": [-2.26698, 13.92303, -13.13113],
					"rotation": [0, 180, 0],
					"cubes": [
						{
							"origin": [-4.22783, 16.31722, -17.56826],
							"size": [2, 4, 5.8],
							"pivot": [-3.22783, 18.31722, -15.86826],
							"rotation": [97.5, 0, -12.5],
							"uv": {
								"north": {"uv": [35, 67], "uv_size": [2, 4]},
								"east": {"uv": [48, 28], "uv_size": [6, 4]},
								"south": {"uv": [43, 67], "uv_size": [2, 4]},
								"west": {"uv": [48, 32], "uv_size": [6, 4]},
								"up": {"uv": [56, 64], "uv_size": [2, 6]},
								"down": {"uv": [16, 71], "uv_size": [2, -6]}
							}
						},
						{
							"origin": [-3.56315, 13.31907, -17.75741],
							"size": [2, 4, 4.2],
							"pivot": [-2.56315, 15.31907, -15.25741],
							"rotation": [105, 0, -12.5],
							"uv": {
								"north": {"uv": [8, 68], "uv_size": [2, 4]},
								"east": {"uv": [51, 57], "uv_size": [4, 4]},
								"south": {"uv": [18, 68], "uv_size": [2, 4]},
								"west": {"uv": [57, 51], "uv_size": [4, 4]},
								"up": {"uv": [20, 68], "uv_size": [2, 4]},
								"down": {"uv": [68, 41], "uv_size": [2, -4]}
							}
						},
						{
							"origin": [-2.67419, 9.30919, -16.29082],
							"size": [2, 4, 4.5],
							"pivot": [-1.67419, 11.30919, -13.89082],
							"rotation": [112.5, 0, -12.5],
							"uv": {
								"north": {"uv": [46, 68], "uv_size": [2, 4]},
								"east": {"uv": [55, 57], "uv_size": [4, 4]},
								"south": {"uv": [48, 68], "uv_size": [2, 4]},
								"west": {"uv": [28, 58], "uv_size": [4, 4]},
								"up": {"uv": [50, 68], "uv_size": [2, 4]},
								"down": {"uv": [52, 72], "uv_size": [2, -4]}
							}
						},
						{
							"origin": [-1.82331, 5.47115, -14.21309],
							"size": [2, 4, 4.5],
							"pivot": [-0.82331, 7.47115, -11.96309],
							"rotation": [120, 0, -12.5],
							"uv": {
								"north": {"uv": [54, 68], "uv_size": [2, 4]},
								"east": {"uv": [59, 6], "uv_size": [4, 4]},
								"south": {"uv": [68, 65], "uv_size": [2, 4]},
								"west": {"uv": [59, 16], "uv_size": [4, 4]},
								"up": {"uv": [0, 69], "uv_size": [2, 4]},
								"down": {"uv": [69, 11], "uv_size": [2, -4]}
							}
						},
						{
							"origin": [-2.97675, 14.25733, -7.90058],
							"size": [1.2, 2.5, 4.8],
							"pivot": [-2.37675, 14.32503, -11.81912],
							"rotation": [95.05919, -0.54094, -12.48848],
							"uv": {
								"north": {"uv": [29, 78], "uv_size": [1, 2]},
								"east": {"uv": [51, 66], "uv_size": [5, 2]},
								"south": {"uv": [35, 78], "uv_size": [1, 2]},
								"west": {"uv": [66, 57], "uv_size": [5, 2]},
								"up": {"uv": [37, 73], "uv_size": [1, 5]},
								"down": {"uv": [38, 78], "uv_size": [1, -5]}
							}
						},
						{
							"origin": [-2.97675, 13.71221, -11.62083],
							"size": [1.2, 2.5, 4.2],
							"pivot": [-2.37675, 14.32503, -11.81912],
							"rotation": [102.55919, -0.54094, -12.48848],
							"uv": {
								"north": {"uv": [22, 77], "uv_size": [1, 3]},
								"east": {"uv": [65, 10], "uv_size": [4, 3]},
								"south": {"uv": [23, 77], "uv_size": [1, 3]},
								"west": {"uv": [18, 65], "uv_size": [4, 3]},
								"up": {"uv": [35, 74], "uv_size": [1, 4]},
								"down": {"uv": [36, 78], "uv_size": [1, -4]}
							}
						},
						{
							"origin": [-2.97675, 13.65735, -15.68041],
							"size": [1.2, 2.5, 4.5],
							"pivot": [-2.37675, 14.32503, -11.81912],
							"rotation": [112.5, 0, -12.5],
							"uv": {
								"north": {"uv": [78, 27], "uv_size": [1, 2]},
								"east": {"uv": [10, 69], "uv_size": [4, 2]},
								"south": {"uv": [28, 78], "uv_size": [1, 2]},
								"west": {"uv": [69, 11], "uv_size": [4, 2]},
								"up": {"uv": [20, 74], "uv_size": [1, 4]},
								"down": {"uv": [74, 37], "uv_size": [1, -4]}
							}
						},
						{
							"origin": [-2.97675, 14.13285, -20.01242],
							"size": [1.2, 2.5, 4.8],
							"pivot": [-2.37675, 14.32503, -11.81912],
							"rotation": [120, 0, -12.5],
							"uv": {
								"north": {"uv": [20, 78], "uv_size": [1, 2]},
								"east": {"uv": [66, 35], "uv_size": [5, 2]},
								"south": {"uv": [26, 78], "uv_size": [1, 2]},
								"west": {"uv": [46, 66], "uv_size": [5, 2]},
								"up": {"uv": [6, 73], "uv_size": [1, 5]},
								"down": {"uv": [7, 78], "uv_size": [1, -5]}
							}
						}
					]
				},
				{
					"name": "bone2",
					"parent": "magazine2",
					"pivot": [2.83302, 22.92303, -16.13113],
					"cubes": [
						{
							"origin": [-1.76698, 28.12303, -17.73113],
							"size": [0.8, 0.8, 3.9],
							"pivot": [2.83302, 22.92303, -16.13113],
							"rotation": [5, 5, -57.5],
							"uv": {
								"north": {"uv": [86, 23], "uv_size": [0.8, 0.8]},
								"east": {"uv": [83, 23], "uv_size": [3.9, 0.8]},
								"south": {"uv": [86, 23], "uv_size": [0.8, 0.8]},
								"west": {"uv": [86, 23], "uv_size": [3.9, 0.8]},
								"up": {"uv": [86.8, 26.9], "uv_size": [-0.8, -3.9]},
								"down": {"uv": [86.8, 26.9], "uv_size": [-0.8, -3.9]}
							}
						}
					]
				},
				{
					"name": "bone7",
					"parent": "main",
					"pivot": [-0.39945, 26.71751, -53.8885],
					"rotation": [0, 180, 0],
					"cubes": [
						{
							"origin": [-1.099, 23.94466, -71.49421],
							"size": [1.4, 1.4, 5.2],
							"pivot": [-0.399, 24.64466, -67.59421],
							"rotation": [180, 0, -45],
							"uv": {
								"north": {"uv": [5, 80], "uv_size": [1, 1]},
								"east": {"uv": [72, 67], "uv_size": [5, 1]},
								"south": {"uv": [80, 5], "uv_size": [1, 1]},
								"west": {"uv": [73, 10], "uv_size": [5, 1]},
								"up": {"uv": [73, 38], "uv_size": [1, 5]},
								"down": {"uv": [45, 78], "uv_size": [1, -5]}
							}
						},
						{
							"origin": [-0.899, 24.14466, -91.69421],
							"size": [1, 1, 20.2],
							"pivot": [-0.399, 24.64466, -67.59421],
							"rotation": [180, 0, -45],
							"uv": {
								"north": {"uv": [14, 80], "uv_size": [1, 1]},
								"east": {"uv": [52, 25], "uv_size": [20, 1]},
								"south": {"uv": [80, 14], "uv_size": [1, 1]},
								"west": {"uv": [52, 26], "uv_size": [20, 1]},
								"up": {"uv": [6, 53], "uv_size": [1, 20]},
								"down": {"uv": [7, 73], "uv_size": [1, -20]}
							}
						},
						{
							"origin": [0.301, 21.15766, -65.19421],
							"size": [3.4, 1.6, 1.3],
							"pivot": [-0.399, 21.95766, -60.19421],
							"rotation": [180, 0, -90],
							"uv": {
								"north": {"uv": [71, 47], "uv_size": [3, 2]},
								"east": {"uv": [38, 78], "uv_size": [1, 2]},
								"south": {"uv": [71, 49], "uv_size": [3, 2]},
								"west": {"uv": [40, 78], "uv_size": [1, 2]},
								"up": {"uv": [77, 23], "uv_size": [3, 1]},
								"down": {"uv": [77, 26], "uv_size": [3, -1]}
							}
						},
						{
							"origin": [3.701, 21.25766, -66.19421],
							"size": [1.2, 1.4, 1.5],
							"pivot": [-0.399, 21.95766, -60.19421],
							"rotation": [180, 0, -90],
							"uv": {
								"north": {"uv": [19, 80], "uv_size": [1, 1]},
								"east": {"uv": [78, 24], "uv_size": [2, 1]},
								"south": {"uv": [80, 19], "uv_size": [1, 1]},
								"west": {"uv": [78, 38], "uv_size": [2, 1]},
								"up": {"uv": [42, 78], "uv_size": [1, 2]},
								"down": {"uv": [43, 80], "uv_size": [1, -2]}
							}
						},
						{
							"origin": [5.301, 20.95766, -66.19421],
							"size": [0.3, 2, 1.5],
							"pivot": [-0.399, 21.95766, -60.19421],
							"rotation": [180, 0, -90],
							"uv": {
								"north": {"uv": [78, 43], "uv_size": [1, 2]},
								"east": {"uv": [75, 55], "uv_size": [2, 2]},
								"south": {"uv": [44, 78], "uv_size": [1, 2]},
								"west": {"uv": [58, 75], "uv_size": [2, 2]},
								"up": {"uv": [45, 78], "uv_size": [1, 2]},
								"down": {"uv": [78, 47], "uv_size": [1, -2]}
							}
						},
						{
							"origin": [5.601, 21.9, -65.79421],
							"size": [0.6, 0.1, 0.7],
							"pivot": [-0.399, 21.95766, -60.19421],
							"rotation": [180, 0, -90],
							"uv": {
								"north": {"uv": [27, 80], "uv_size": [1, 1]},
								"east": {"uv": [80, 27], "uv_size": [1, 1]},
								"south": {"uv": [28, 80], "uv_size": [1, 1]},
								"west": {"uv": [80, 28], "uv_size": [1, 1]},
								"up": {"uv": [29, 80], "uv_size": [1, 1]},
								"down": {"uv": [80, 30], "uv_size": [1, -1]}
							}
						},
						{
							"origin": [5.601, 22.75766, -66.19421],
							"size": [1.4, 0.2, 1.5],
							"pivot": [-0.399, 21.95766, -60.19421],
							"rotation": [180, 0, -90],
							"uv": {
								"north": {"uv": [23, 80], "uv_size": [1, 1]},
								"east": {"uv": [46, 78], "uv_size": [2, 1]},
								"south": {"uv": [80, 23], "uv_size": [1, 1]},
								"west": {"uv": [78, 47], "uv_size": [2, 1]},
								"up": {"uv": [49, 78], "uv_size": [1, 2]},
								"down": {"uv": [50, 80], "uv_size": [1, -2]}
							}
						},
						{
							"origin": [5.601, 20.95766, -66.19421],
							"size": [1.4, 0.2, 1.5],
							"pivot": [-0.399, 21.95766, -60.19421],
							"rotation": [180, 0, -90],
							"uv": {
								"north": {"uv": [24, 80], "uv_size": [1, 1]},
								"east": {"uv": [78, 48], "uv_size": [2, 1]},
								"south": {"uv": [80, 24], "uv_size": [1, 1]},
								"west": {"uv": [51, 78], "uv_size": [2, 1]},
								"up": {"uv": [53, 78], "uv_size": [1, 2]},
								"down": {"uv": [54, 80], "uv_size": [1, -2]}
							}
						},
						{
							"origin": [6.701, 21.15766, -66.19421],
							"size": [0.3, 1.6, 1.5],
							"pivot": [-0.399, 21.95766, -60.19421],
							"rotation": [180, 0, -90],
							"uv": {
								"north": {"uv": [55, 78], "uv_size": [1, 2]},
								"east": {"uv": [60, 75], "uv_size": [2, 2]},
								"south": {"uv": [78, 55], "uv_size": [1, 2]},
								"west": {"uv": [62, 75], "uv_size": [2, 2]},
								"up": {"uv": [56, 78], "uv_size": [1, 2]},
								"down": {"uv": [57, 80], "uv_size": [1, -2]}
							}
						},
						{
							"origin": [0.18609, 28.47997, -55.69421],
							"size": [0.4, 0.9, 1.5],
							"pivot": [0.23609, 29.12997, -54.94421],
							"rotation": [180, 0, -67.5],
							"uv": {
								"north": {"uv": [25, 80], "uv_size": [1, 1]},
								"east": {"uv": [78, 51], "uv_size": [2, 1]},
								"south": {"uv": [80, 25], "uv_size": [1, 1]},
								"west": {"uv": [58, 78], "uv_size": [2, 1]},
								"up": {"uv": [60, 78], "uv_size": [1, 2]},
								"down": {"uv": [78, 62], "uv_size": [1, -2]}
							}
						},
						{
							"origin": [-1.07585, 28.94128, -55.69421],
							"size": [0.4, 0.9, 1.5],
							"pivot": [-0.92585, 29.39128, -54.94421],
							"rotation": [180, 0, 67.5],
							"uv": {
								"north": {"uv": [26, 80], "uv_size": [1, 1]},
								"east": {"uv": [78, 62], "uv_size": [2, 1]},
								"south": {"uv": [80, 26], "uv_size": [1, 1]},
								"west": {"uv": [78, 63], "uv_size": [2, 1]},
								"up": {"uv": [61, 78], "uv_size": [1, 2]},
								"down": {"uv": [78, 66], "uv_size": [1, -2]}
							}
						},
						{
							"origin": [-0.599, 26.95766, -55.49421],
							"size": [0.4, 1, 1.1],
							"pivot": [-0.399, 27.45766, -54.94421],
							"rotation": [135, 0, -90],
							"uv": {
								"north": {"uv": [20, 80], "uv_size": [1, 1]},
								"east": {"uv": [80, 20], "uv_size": [1, 1]},
								"south": {"uv": [21, 80], "uv_size": [1, 1]},
								"west": {"uv": [80, 21], "uv_size": [1, 1]},
								"up": {"uv": [22, 80], "uv_size": [1, 1]},
								"down": {"uv": [80, 23], "uv_size": [1, -1]}
							}
						},
						{
							"origin": [1.501, 21.15766, -68.19421],
							"size": [2.2, 1.6, 3],
							"pivot": [-0.399, 21.95766, -60.19421],
							"rotation": [180, 0, -90],
							"uv": {
								"north": {"uv": [74, 57], "uv_size": [2, 2]},
								"east": {"uv": [71, 57], "uv_size": [3, 2]},
								"south": {"uv": [73, 74], "uv_size": [2, 2]},
								"west": {"uv": [18, 72], "uv_size": [3, 2]},
								"up": {"uv": [35, 71], "uv_size": [2, 3]},
								"down": {"uv": [43, 74], "uv_size": [2, -3]}
							}
						},
						{
							"origin": [1.501, 21.15766, -75.69421],
							"size": [0.8, 1.6, 7.5],
							"pivot": [-0.399, 21.95766, -60.19421],
							"rotation": [180, 0, -90],
							"uv": {
								"north": {"uv": [78, 40], "uv_size": [1, 2]},
								"east": {"uv": [57, 55], "uv_size": [8, 2]},
								"south": {"uv": [41, 78], "uv_size": [1, 2]},
								"west": {"uv": [58, 36], "uv_size": [8, 2]},
								"up": {"uv": [28, 69], "uv_size": [1, 8]},
								"down": {"uv": [29, 77], "uv_size": [1, -8]}
							}
						},
						{
							"origin": [2.201, 21.55766, -75.49421],
							"size": [1.4, 0.8, 7.3],
							"pivot": [-0.399, 21.95766, -60.19421],
							"rotation": [180, 0, -90],
							"uv": {
								"north": {"uv": [18, 80], "uv_size": [1, 1]},
								"east": {"uv": [69, 64], "uv_size": [7, 1]},
								"south": {"uv": [80, 18], "uv_size": [1, 1]},
								"west": {"uv": [69, 69], "uv_size": [7, 1]},
								"up": {"uv": [34, 69], "uv_size": [1, 7]},
								"down": {"uv": [39, 76], "uv_size": [1, -7]}
							}
						},
						{
							"origin": [-2.549, 25.00766, -49.39421],
							"size": [2.3, 1.8, 2.3],
							"pivot": [-0.399, 25.90766, -48.44421],
							"rotation": [-180, -45, -90],
							"uv": {
								"north": {"uv": [75, 2], "uv_size": [2, 2]},
								"east": {"uv": [4, 75], "uv_size": [2, 2]},
								"south": {"uv": [22, 75], "uv_size": [2, 2]},
								"west": {"uv": [24, 75], "uv_size": [2, 2]},
								"up": {"uv": [75, 33], "uv_size": [2, 2]},
								"down": {"uv": [75, 37], "uv_size": [2, -2]}
							}
						},
						{
							"origin": [-0.149, 25.00766, -51.79421],
							"size": [2.3, 1.8, 2.3],
							"pivot": [-0.399, 25.90766, -48.44421],
							"rotation": [-180, -45, -90],
							"uv": {
								"north": {"uv": [75, 39], "uv_size": [2, 2]},
								"east": {"uv": [75, 41], "uv_size": [2, 2]},
								"south": {"uv": [75, 47], "uv_size": [2, 2]},
								"west": {"uv": [75, 49], "uv_size": [2, 2]},
								"up": {"uv": [50, 75], "uv_size": [2, 2]},
								"down": {"uv": [52, 77], "uv_size": [2, -2]}
							}
						}
					]
				},
				{
					"name": "belt",
					"parent": "main",
					"pivot": [-2.36623, 25.67528, -19.25718],
					"rotation": [0, 180, 0],
					"cubes": [
						{
							"origin": [-3.89303, 25.51085, -28.91219],
							"size": [1.175, 0.525, 12.3],
							"pivot": [-3.20553, 25.77335, -22.76219],
							"rotation": [0, 0, 49.5],
							"uv": {
								"north": {"uv": [79, 39], "uv_size": [1, 1]},
								"east": {"uv": [61, 46], "uv_size": [12, 1]},
								"south": {"uv": [79, 40], "uv_size": [1, 1]},
								"west": {"uv": [61, 54], "uv_size": [12, 1]},
								"up": {"uv": [23, 63], "uv_size": [1, 12]},
								"down": {"uv": [24, 75], "uv_size": [1, -12]}
							}
						},
						{
							"origin": [-2.86432, 25.04814, -28.91219],
							"size": [0.175, 0.525, 12.3],
							"uv": {
								"north": {"uv": [79, 41], "uv_size": [1, 1]},
								"east": {"uv": [63, 3], "uv_size": [12, 1]},
								"south": {"uv": [79, 42], "uv_size": [1, 1]},
								"west": {"uv": [63, 4], "uv_size": [12, 1]},
								"up": {"uv": [25, 63], "uv_size": [1, 12]},
								"down": {"uv": [26, 75], "uv_size": [1, -12]}
							}
						},
						{
							"origin": [-3.36432, 25.34814, -17.71219],
							"size": [0.975, 0.625, 0.6],
							"uv": {
								"north": {"uv": [79, 43], "uv_size": [1, 1]},
								"east": {"uv": [79, 44], "uv_size": [1, 1]},
								"south": {"uv": [79, 45], "uv_size": [1, 1]},
								"west": {"uv": [46, 79], "uv_size": [1, 1]},
								"up": {"uv": [79, 46], "uv_size": [1, 1]},
								"down": {"uv": [47, 80], "uv_size": [1, -1]}
							}
						},
						{
							"origin": [-1.82926, 25.34814, -17.953],
							"size": [1.575, 0.925, 0.6],
							"pivot": [-1.94176, 25.66064, -17.553],
							"rotation": [0, -5, 0],
							"uv": {
								"north": {"uv": [66, 77], "uv_size": [2, 1]},
								"east": {"uv": [48, 79], "uv_size": [1, 1]},
								"south": {"uv": [77, 66], "uv_size": [2, 1]},
								"west": {"uv": [79, 49], "uv_size": [1, 1]},
								"up": {"uv": [77, 67], "uv_size": [2, 1]},
								"down": {"uv": [77, 73], "uv_size": [2, -1]}
							}
						},
						{
							"origin": [-2.50917, 25.34814, -17.80858],
							"size": [0.775, 0.425, 0.5],
							"pivot": [-1.92167, 25.66064, -17.50858],
							"rotation": [0, 12.5, 0],
							"uv": {
								"north": {"uv": [79, 55], "uv_size": [1, 1]},
								"east": {"uv": [79, 56], "uv_size": [1, 1]},
								"south": {"uv": [79, 57], "uv_size": [1, 1]},
								"west": {"uv": [58, 79], "uv_size": [1, 1]},
								"up": {"uv": [79, 58], "uv_size": [1, 1]},
								"down": {"uv": [59, 80], "uv_size": [1, -1]}
							}
						},
						{
							"origin": [-2.54213, 25.6606, -17.81357],
							"size": [0.975, 0.525, 0.5],
							"pivot": [-1.90463, 25.7231, -17.56357],
							"rotation": [-4.3361, 11.73507, -20.44582],
							"uv": {
								"north": {"uv": [79, 50], "uv_size": [1, 1]},
								"east": {"uv": [51, 79], "uv_size": [1, 1]},
								"south": {"uv": [52, 79], "uv_size": [1, 1]},
								"west": {"uv": [79, 52], "uv_size": [1, 1]},
								"up": {"uv": [79, 53], "uv_size": [1, 1]},
								"down": {"uv": [79, 55], "uv_size": [1, -1]}
							}
						}
					]
				},
				{
					"name": "rightarm",
					"parent": "main",
					"pivot": [-4.3, 10.8, 19.8],
					"rotation": [-101.81106, -12.40003, -2.46982],
					"cubes": [
						{
							"origin": [-8.3, -13.2, 15.8],
							"size": [8, 24, 8],
							"uv": {
								"north": {"uv": [0, 0], "uv_size": [8, 24]},
								"east": {"uv": [8, 0], "uv_size": [8, 24]},
								"south": {"uv": [16, 0], "uv_size": [8, 24]},
								"west": {"uv": [0, 24], "uv_size": [8, 24]},
								"up": {"uv": [32, 36], "uv_size": [8, 8]},
								"down": {"uv": [40, 26], "uv_size": [8, -8]}
							}
						}
					]
				},
				{
					"name": "leftarm",
					"parent": "main",
					"pivot": [8.7, 5.3, -6.6],
					"rotation": [-132.35364, -5.73588, -31.59165],
					"cubes": [
						{
							"origin": [4.7, -18.7, -10.6],
							"size": [8, 24, 8],
							"uv": {
								"north": {"uv": [24, 0], "uv_size": [8, 24]},
								"east": {"uv": [8, 24], "uv_size": [8, 24]},
								"south": {"uv": [16, 24], "uv_size": [8, 24]},
								"west": {"uv": [24, 24], "uv_size": [8, 24]},
								"up": {"uv": [40, 26], "uv_size": [8, 8]},
								"down": {"uv": [40, 42], "uv_size": [8, -8]}
							}
						}
					]
				},
				{
					"name": "muzzleflash",
					"parent": "main",
					"pivot": [-0.4, 24.75, -66.05],
					"cubes": [
						{
							"origin": [-0.9, 24.25, -66.55],
							"size": [1, 1, 1],
							"inflate": -0.4,
							"uv": {
								"north": {"uv": [51, 15], "uv_size": [1, 1]},
								"east": {"uv": [50, 60], "uv_size": [1, 1]},
								"south": {"uv": [35, 61], "uv_size": [1, 1]},
								"west": {"uv": [58, 61], "uv_size": [1, 1]},
								"up": {"uv": [64, 41], "uv_size": [1, 1]},
								"down": {"uv": [66, 79], "uv_size": [1, -1]}
							}
						}
					]
				},
				{
					"name": "scope",
					"parent": "main",
					"pivot": [-0.4, 28.65, 2.45],
					"cubes": [
						{
							"origin": [-0.9, 28.15, 1.95],
							"size": [1, 1, 1],
							"inflate": -0.4,
							"uv": {
								"north": {"uv": [67, 78], "uv_size": [1, 1]},
								"east": {"uv": [78, 70], "uv_size": [1, 1]},
								"south": {"uv": [78, 71], "uv_size": [1, 1]},
								"west": {"uv": [72, 78], "uv_size": [1, 1]},
								"up": {"uv": [75, 78], "uv_size": [1, 1]},
								"down": {"uv": [76, 79], "uv_size": [1, -1]}
							}
						}
					]
				}
			]
		}
	]
}