{
	"format_version": "1.12.0",
	"minecraft:geometry": [
		{
			"description": {
				"identifier": "geometry.unknown",
				"texture_width": 64,
				"texture_height": 64,
				"visible_bounds_width": 8,
				"visible_bounds_height": 5,
				"visible_bounds_offset": [0, 0.5, 0]
			},
			"bones": [
				{
					"name": "main",
					"pivot": [0, 20, 0]
				},
				{
					"name": "rightarm",
					"parent": "main",
					"pivot": [-2.7, 8.8, 21.8],
					"rotation": [-103.85258, -6.61528, 11.79213],
					"cubes": [
						{
							"origin": [-6.7, -15.2, 17.8],
							"size": [8, 24, 8],
							"uv": {
								"north": {"uv": [0, 0], "uv_size": [8, 24]},
								"east": {"uv": [8, 0], "uv_size": [8, 24]},
								"south": {"uv": [16, 0], "uv_size": [8, 24]},
								"west": {"uv": [0, 24], "uv_size": [8, 24]},
								"up": {"uv": [32, 0], "uv_size": [8, 8]},
								"down": {"uv": [32, 16], "uv_size": [8, -8]}
							}
						}
					]
				},
				{
					"name": "leftarm",
					"parent": "main",
					"pivot": [10.7, 2.3, 19.4],
					"rotation": [-119.61483, 1.67666, -38.31282],
					"cubes": [
						{
							"origin": [6.7, -21.7, 15.4],
							"size": [8, 24, 8],
							"uv": {
								"north": {"uv": [24, 0], "uv_size": [8, 24]},
								"east": {"uv": [8, 24], "uv_size": [8, 24]},
								"south": {"uv": [16, 24], "uv_size": [8, 24]},
								"west": {"uv": [24, 24], "uv_size": [8, 24]},
								"up": {"uv": [32, 16], "uv_size": [8, 8]},
								"down": {"uv": [32, 32], "uv_size": [8, -8]}
							}
						}
					]
				},
				{
					"name": "muzzleflash",
					"parent": "main",
					"pivot": [1.9, 20.75, -15.25],
					"cubes": [
						{
							"origin": [1.4, 20.25, -15.55],
							"size": [1, 1, 1],
							"inflate": -0.4,
							"uv": {
								"north": {"uv": [47, 51], "uv_size": [1, 1]},
								"east": {"uv": [56, 60], "uv_size": [1, 1]},
								"south": {"uv": [60, 56], "uv_size": [1, 1]},
								"west": {"uv": [60, 57], "uv_size": [1, 1]},
								"up": {"uv": [58, 60], "uv_size": [1, 1]},
								"down": {"uv": [60, 59], "uv_size": [1, -1]}
							}
						}
					]
				},
				{
					"name": "scope",
					"parent": "main",
					"pivot": [1.8, 22.35, 9.95],
					"cubes": [
						{
							"origin": [1.3, 21.85, 9.45],
							"size": [1, 1, 1],
							"inflate": -0.4,
							"uv": {
								"north": {"uv": [59, 60], "uv_size": [1, 1]},
								"east": {"uv": [60, 59], "uv_size": [1, 1]},
								"south": {"uv": [60, 60], "uv_size": [1, 1]},
								"west": {"uv": [61, 4], "uv_size": [1, 1]},
								"up": {"uv": [61, 5], "uv_size": [1, 1]},
								"down": {"uv": [6, 62], "uv_size": [1, -1]}
							}
						}
					]
				},
				{
					"name": "gun",
					"parent": "main",
					"pivot": [1.69613, 18.22765, -5.10836],
					"cubes": [
						{
							"origin": [0.76684, 20.69961, -4.04444],
							"size": [0.72428, 0.75702, 3.02808],
							"pivot": [1.25175, 21.19065, -0.93452],
							"rotation": [0, 0, 22.5],
							"uv": {
								"north": {"uv": [5, 62], "uv_size": [1, 1]},
								"east": {"uv": [43, 57], "uv_size": [3, 1]},
								"south": {"uv": [62, 5], "uv_size": [1, 1]},
								"west": {"uv": [46, 57], "uv_size": [3, 1]},
								"up": {"uv": [37, 57], "uv_size": [1, 3]},
								"down": {"uv": [49, 60], "uv_size": [1, -3]}
							}
						},
						{
							"origin": [0.54248, 21.20483, -4.04444],
							"size": [1.05164, 0.75702, 3.02808],
							"pivot": [1.02738, 21.14345, -0.93452],
							"rotation": [0, 0, 67.5],
							"uv": {
								"north": {"uv": [6, 62], "uv_size": [1, 1]},
								"east": {"uv": [57, 51], "uv_size": [3, 1]},
								"south": {"uv": [62, 6], "uv_size": [1, 1]},
								"west": {"uv": [57, 52], "uv_size": [3, 1]},
								"up": {"uv": [50, 57], "uv_size": [1, 3]},
								"down": {"uv": [51, 60], "uv_size": [1, -3]}
							}
						},
						{
							"origin": [1.58974, 20.88163, -4.04444],
							"size": [0.29462, 1.023, 3.02808],
							"uv": {
								"north": {"uv": [7, 62], "uv_size": [1, 1]},
								"east": {"uv": [57, 53], "uv_size": [3, 1]},
								"south": {"uv": [62, 7], "uv_size": [1, 1]},
								"west": {"uv": [54, 57], "uv_size": [3, 1]},
								"up": {"uv": [57, 56], "uv_size": [1, 3]},
								"down": {"uv": [58, 9], "uv_size": [1, -3]}
							}
						},
						{
							"origin": [0.60766, 19.92001, -4.04444],
							"size": [0.29462, 1.023, 3.02808],
							"uv": {
								"north": {"uv": [8, 62], "uv_size": [1, 1]},
								"east": {"uv": [9, 58], "uv_size": [3, 1]},
								"south": {"uv": [62, 8], "uv_size": [1, 1]},
								"west": {"uv": [13, 58], "uv_size": [3, 1]},
								"up": {"uv": [58, 13], "uv_size": [1, 3]},
								"down": {"uv": [58, 19], "uv_size": [1, -3]}
							}
						},
						{
							"origin": [0.55446, 7.59827, 2.61271],
							"size": [2.53704, 2.53704, 5.64696],
							"uv": {
								"north": {"uv": [48, 44], "uv_size": [3, 3]},
								"east": {"uv": [43, 25], "uv_size": [6, 3]},
								"south": {"uv": [48, 47], "uv_size": [3, 3]},
								"west": {"uv": [44, 7], "uv_size": [6, 3]},
								"up": {"uv": [44, 10], "uv_size": [3, 6]},
								"down": {"uv": [45, 34], "uv_size": [3, -6]}
							}
						},
						{
							"origin": [0.55446, 7.27091, 7.27759],
							"size": [2.53704, 0.32736, 0.98208],
							"uv": {
								"north": {"uv": [55, 41], "uv_size": [3, 1]},
								"east": {"uv": [61, 16], "uv_size": [1, 1]},
								"south": {"uv": [55, 42], "uv_size": [3, 1]},
								"west": {"uv": [17, 61], "uv_size": [1, 1]},
								"up": {"uv": [43, 55], "uv_size": [3, 1]},
								"down": {"uv": [50, 56], "uv_size": [3, -1]}
							}
						},
						{
							"origin": [0.57492, 7.73831, 2.16857],
							"size": [2.49612, 1.2276, 0.79794],
							"pivot": [1.72068, 8.22935, 2.56754],
							"rotation": [-35, 0, 0],
							"uv": {
								"north": {"uv": [11, 59], "uv_size": [2, 1]},
								"east": {"uv": [15, 61], "uv_size": [1, 1]},
								"south": {"uv": [59, 11], "uv_size": [2, 1]},
								"west": {"uv": [61, 15], "uv_size": [1, 1]},
								"up": {"uv": [13, 59], "uv_size": [2, 1]},
								"down": {"uv": [59, 14], "uv_size": [2, -1]}
							}
						},
						{
							"origin": [0.57083, 16.27331, 3.84031],
							"size": [2.5043, 2.53704, 1.80048],
							"pivot": [1.53654, 17.05079, 2.81731],
							"rotation": [-20, 0, 0],
							"uv": {
								"north": {"uv": [17, 49], "uv_size": [3, 3]},
								"east": {"uv": [50, 12], "uv_size": [2, 3]},
								"south": {"uv": [20, 49], "uv_size": [3, 3]},
								"west": {"uv": [50, 41], "uv_size": [2, 3]},
								"up": {"uv": [48, 50], "uv_size": [3, 2]},
								"down": {"uv": [51, 27], "uv_size": [3, -2]}
							}
						},
						{
							"origin": [1.06187, 13.65443, 0.40303],
							"size": [1.52222, 2.53704, 1.80048],
							"pivot": [1.53654, 17.05079, 2.81731],
							"rotation": [-20, 0, 0],
							"uv": {
								"north": {"uv": [51, 33], "uv_size": [2, 3]},
								"east": {"uv": [35, 51], "uv_size": [2, 3]},
								"south": {"uv": [51, 36], "uv_size": [2, 3]},
								"west": {"uv": [51, 44], "uv_size": [2, 3]},
								"up": {"uv": [54, 44], "uv_size": [2, 2]},
								"down": {"uv": [46, 56], "uv_size": [2, -2]}
							}
						},
						{
							"origin": [0.81635, 14.7654, -0.15364],
							"size": [2.01326, 0.57288, 0.57288],
							"pivot": [1.82298, 15.05184, 0.17372],
							"rotation": [22.5, 0, 0],
							"uv": {
								"north": {"uv": [6, 60], "uv_size": [2, 1]},
								"east": {"uv": [30, 62], "uv_size": [1, 1]},
								"south": {"uv": [8, 60], "uv_size": [2, 1]},
								"west": {"uv": [62, 30], "uv_size": [1, 1]},
								"up": {"uv": [10, 60], "uv_size": [2, 1]},
								"down": {"uv": [12, 61], "uv_size": [2, -1]}
							}
						},
						{
							"origin": [1.06187, 17.22257, -6.79004],
							"size": [1.52222, 1.39128, 2.29152],
							"pivot": [1.70022, 17.83637, -5.56244],
							"rotation": [-40, 0, 0],
							"uv": {
								"north": {"uv": [50, 15], "uv_size": [2, 1]},
								"east": {"uv": [58, 22], "uv_size": [2, 1]},
								"south": {"uv": [58, 38], "uv_size": [2, 1]},
								"west": {"uv": [58, 43], "uv_size": [2, 1]},
								"up": {"uv": [54, 46], "uv_size": [2, 2]},
								"down": {"uv": [48, 56], "uv_size": [2, -2]}
							}
						},
						{
							"origin": [1.47107, 16.40136, -2.48718],
							"size": [0.70382, 1.06392, 0.49104],
							"pivot": [1.82298, 16.85148, -2.1189],
							"rotation": [-2.5, 0, 0],
							"uv": {
								"north": {"uv": [9, 62], "uv_size": [1, 1]},
								"east": {"uv": [62, 9], "uv_size": [1, 1]},
								"south": {"uv": [10, 62], "uv_size": [1, 1]},
								"west": {"uv": [62, 10], "uv_size": [1, 1]},
								"up": {"uv": [11, 62], "uv_size": [1, 1]},
								"down": {"uv": [62, 12], "uv_size": [1, -1]}
							}
						},
						{
							"origin": [1.49153, 16.074, -2.48718],
							"size": [0.6629, 0.32736, 0.08184],
							"pivot": [1.82298, 16.85148, -2.1189],
							"rotation": [-2.5, 0, 0],
							"uv": {
								"north": {"uv": [27, 62], "uv_size": [1, 1]},
								"east": {"uv": [62, 27], "uv_size": [1, 1]},
								"south": {"uv": [28, 62], "uv_size": [1, 1]},
								"west": {"uv": [62, 28], "uv_size": [1, 1]},
								"up": {"uv": [29, 62], "uv_size": [1, 1]},
								"down": {"uv": [62, 30], "uv_size": [1, -1]}
							}
						},
						{
							"origin": [1.47107, 15.69705, -2.61411],
							"size": [0.70382, 0.8184, 0.38874],
							"pivot": [1.82298, 15.98349, -2.38905],
							"rotation": [-25, 0, 0],
							"uv": {
								"north": {"uv": [15, 62], "uv_size": [1, 1]},
								"east": {"uv": [62, 15], "uv_size": [1, 1]},
								"south": {"uv": [16, 62], "uv_size": [1, 1]},
								"west": {"uv": [62, 16], "uv_size": [1, 1]},
								"up": {"uv": [17, 62], "uv_size": [1, 1]},
								"down": {"uv": [62, 18], "uv_size": [1, -1]}
							}
						},
						{
							"origin": [1.47107, 14.75998, -2.18767],
							"size": [0.70382, 0.90024, 0.14322],
							"pivot": [1.82298, 15.94666, -2.20813],
							"rotation": [-57.5, 0, 0],
							"uv": {
								"north": {"uv": [18, 62], "uv_size": [1, 1]},
								"east": {"uv": [62, 18], "uv_size": [1, 1]},
								"south": {"uv": [19, 62], "uv_size": [1, 1]},
								"west": {"uv": [62, 19], "uv_size": [1, 1]},
								"up": {"uv": [20, 62], "uv_size": [1, 1]},
								"down": {"uv": [62, 21], "uv_size": [1, -1]}
							}
						},
						{
							"origin": [1.49153, 15.29194, -2.28997],
							"size": [0.6629, 0.36828, 0.1023],
							"pivot": [1.82298, 15.94666, -2.20813],
							"rotation": [-57.5, 0, 0],
							"uv": {
								"north": {"uv": [24, 62], "uv_size": [1, 1]},
								"east": {"uv": [62, 24], "uv_size": [1, 1]},
								"south": {"uv": [25, 62], "uv_size": [1, 1]},
								"west": {"uv": [62, 25], "uv_size": [1, 1]},
								"up": {"uv": [26, 62], "uv_size": [1, 1]},
								"down": {"uv": [62, 27], "uv_size": [1, -1]}
							}
						},
						{
							"origin": [1.47107, 14.90871, -2.43896],
							"size": [0.70382, 0.90024, 0.14322],
							"pivot": [1.82298, 16.09539, -2.3162],
							"rotation": [-41.75, 0, 0],
							"uv": {
								"north": {"uv": [21, 62], "uv_size": [1, 1]},
								"east": {"uv": [62, 21], "uv_size": [1, 1]},
								"south": {"uv": [22, 62], "uv_size": [1, 1]},
								"west": {"uv": [62, 22], "uv_size": [1, 1]},
								"up": {"uv": [23, 62], "uv_size": [1, 1]},
								"down": {"uv": [62, 24], "uv_size": [1, -1]}
							}
						},
						{
							"origin": [1.47107, 17.32151, -2.66896],
							"size": [0.70382, 0.90024, 1.39128],
							"pivot": [1.82298, 17.52611, -2.137],
							"rotation": [-12.5, 0, 0],
							"uv": {
								"north": {"uv": [12, 62], "uv_size": [1, 1]},
								"east": {"uv": [62, 12], "uv_size": [1, 1]},
								"south": {"uv": [13, 62], "uv_size": [1, 1]},
								"west": {"uv": [62, 13], "uv_size": [1, 1]},
								"up": {"uv": [14, 62], "uv_size": [1, 1]},
								"down": {"uv": [62, 15], "uv_size": [1, -1]}
							}
						},
						{
							"origin": [1.47107, 13.52689, -0.62485],
							"size": [0.70382, 1.80048, 0.32736],
							"pivot": [1.70022, 14.87725, -0.54301],
							"rotation": [-70, 0, 0],
							"uv": {
								"north": {"uv": [38, 58], "uv_size": [1, 2]},
								"east": {"uv": [39, 58], "uv_size": [1, 2]},
								"south": {"uv": [58, 41], "uv_size": [1, 2]},
								"west": {"uv": [43, 58], "uv_size": [1, 2]},
								"up": {"uv": [61, 6], "uv_size": [1, 1]},
								"down": {"uv": [7, 62], "uv_size": [1, -1]}
							}
						},
						{
							"origin": [1.47107, 11.27937, -0.45945],
							"size": [0.70382, 1.80048, 0.32736],
							"pivot": [1.70022, 14.43021, -0.37761],
							"rotation": [-90, 0, 0],
							"uv": {
								"north": {"uv": [44, 58], "uv_size": [1, 2]},
								"east": {"uv": [45, 58], "uv_size": [1, 2]},
								"south": {"uv": [46, 58], "uv_size": [1, 2]},
								"west": {"uv": [47, 58], "uv_size": [1, 2]},
								"up": {"uv": [61, 7], "uv_size": [1, 1]},
								"down": {"uv": [8, 62], "uv_size": [1, -1]}
							}
						},
						{
							"origin": [1.47107, 8.07028, -0.60533],
							"size": [0.70382, 1.98462, 0.32736],
							"pivot": [1.70022, 13.20574, -0.52349],
							"rotation": [-112.5, 0, 0],
							"uv": {
								"north": {"uv": [48, 58], "uv_size": [1, 2]},
								"east": {"uv": [58, 48], "uv_size": [1, 2]},
								"south": {"uv": [53, 58], "uv_size": [1, 2]},
								"west": {"uv": [54, 58], "uv_size": [1, 2]},
								"up": {"uv": [61, 8], "uv_size": [1, 1]},
								"down": {"uv": [9, 62], "uv_size": [1, -1]}
							}
						},
						{
							"origin": [1.47107, 14.94205, -5.45702],
							"size": [0.70382, 2.12784, 0.4092],
							"uv": {
								"north": {"uv": [55, 58], "uv_size": [1, 2]},
								"east": {"uv": [56, 58], "uv_size": [1, 2]},
								"south": {"uv": [58, 56], "uv_size": [1, 2]},
								"west": {"uv": [58, 58], "uv_size": [1, 2]},
								"up": {"uv": [61, 9], "uv_size": [1, 1]},
								"down": {"uv": [10, 62], "uv_size": [1, -1]}
							}
						},
						{
							"origin": [0.56265, 8.97391, 2.74828],
							"size": [2.52067, 10.47552, 5.23776],
							"pivot": [1.53654, 10.24243, 5.20348],
							"rotation": [22.5, 0, 0],
							"uv": {
								"north": {"uv": [40, 18], "uv_size": [3, 10]},
								"east": {"uv": [32, 32], "uv_size": [5, 10]},
								"south": {"uv": [42, 28], "uv_size": [3, 10]},
								"west": {"uv": [37, 32], "uv_size": [5, 10]},
								"up": {"uv": [46, 20], "uv_size": [3, 5]},
								"down": {"uv": [45, 51], "uv_size": [3, -5]}
							}
						},
						{
							"origin": [0.43989, 8.97391, 3.07564],
							"size": [2.76619, 9.4116, 4.41936],
							"pivot": [1.53654, 10.24243, 5.20348],
							"rotation": [22.5, 0, 0],
							"uv": {
								"north": {"uv": [32, 42], "uv_size": [3, 9]},
								"east": {"uv": [40, 0], "uv_size": [4, 9]},
								"south": {"uv": [35, 42], "uv_size": [3, 9]},
								"west": {"uv": [40, 9], "uv_size": [4, 9]},
								"up": {"uv": [47, 12], "uv_size": [3, 4]},
								"down": {"uv": [8, 52], "uv_size": [3, -4]}
							}
						},
						{
							"origin": [0.53809, 17.76154, -1.63432],
							"size": [2.56159, 1.67772, 1.06392],
							"pivot": [1.70841, 18.4981, -1.10236],
							"rotation": [15, 0, 0],
							"uv": {
								"north": {"uv": [51, 39], "uv_size": [3, 2]},
								"east": {"uv": [59, 15], "uv_size": [1, 2]},
								"south": {"uv": [51, 50], "uv_size": [3, 2]},
								"west": {"uv": [17, 59], "uv_size": [1, 2]},
								"up": {"uv": [56, 45], "uv_size": [3, 1]},
								"down": {"uv": [46, 57], "uv_size": [3, -1]}
							}
						},
						{
							"origin": [0.54628, 17.64895, -1.42556],
							"size": [2.54522, 1.6368, 7.52928],
							"uv": {
								"north": {"uv": [51, 27], "uv_size": [3, 2]},
								"east": {"uv": [44, 16], "uv_size": [8, 2]},
								"south": {"uv": [32, 51], "uv_size": [3, 2]},
								"west": {"uv": [46, 18], "uv_size": [8, 2]},
								"up": {"uv": [38, 42], "uv_size": [3, 8]},
								"down": {"uv": [42, 46], "uv_size": [3, -8]}
							}
						},
						{
							"origin": [0.95548, 17.87573, 5.93747],
							"size": [1.72682, 0.3069, 1.88232],
							"pivot": [1.69613, 18.26447, 6.83771],
							"rotation": [20, 0, 0],
							"uv": {
								"north": {"uv": [59, 29], "uv_size": [2, 1]},
								"east": {"uv": [30, 59], "uv_size": [2, 1]},
								"south": {"uv": [59, 30], "uv_size": [2, 1]},
								"west": {"uv": [59, 31], "uv_size": [2, 1]},
								"up": {"uv": [6, 55], "uv_size": [2, 2]},
								"down": {"uv": [55, 14], "uv_size": [2, -2]}
							}
						},
						{
							"origin": [0.95548, 18.40424, 6.06701],
							"size": [1.72682, 0.79794, 0.4092],
							"pivot": [1.81889, 18.72137, 6.14885],
							"rotation": [40, 0, 0],
							"uv": {
								"north": {"uv": [59, 42], "uv_size": [2, 1]},
								"east": {"uv": [61, 36], "uv_size": [1, 1]},
								"south": {"uv": [59, 44], "uv_size": [2, 1]},
								"west": {"uv": [37, 61], "uv_size": [1, 1]},
								"up": {"uv": [59, 45], "uv_size": [2, 1]},
								"down": {"uv": [59, 47], "uv_size": [2, -1]}
							}
						},
						{
							"origin": [0.96366, 18.34866, 5.89273],
							"size": [1.72682, 0.34782, 1.88232],
							"pivot": [1.69613, 18.5328, 6.79297],
							"rotation": [-10, 0, 0],
							"uv": {
								"north": {"uv": [32, 59], "uv_size": [2, 1]},
								"east": {"uv": [59, 32], "uv_size": [2, 1]},
								"south": {"uv": [59, 33], "uv_size": [2, 1]},
								"west": {"uv": [34, 59], "uv_size": [2, 1]},
								"up": {"uv": [55, 14], "uv_size": [2, 2]},
								"down": {"uv": [55, 18], "uv_size": [2, -2]}
							}
						},
						{
							"origin": [0.96366, 17.87735, 5.78116],
							"size": [1.71046, 0.6138, 1.10484],
							"uv": {
								"north": {"uv": [59, 34], "uv_size": [2, 1]},
								"east": {"uv": [61, 34], "uv_size": [1, 1]},
								"south": {"uv": [59, 35], "uv_size": [2, 1]},
								"west": {"uv": [35, 61], "uv_size": [1, 1]},
								"up": {"uv": [59, 36], "uv_size": [2, 1]},
								"down": {"uv": [59, 38], "uv_size": [2, -1]}
							}
						},
						{
							"origin": [0.96366, 18.04103, 6.886],
							"size": [1.71046, 0.45012, 0.28644],
							"uv": {
								"north": {"uv": [59, 39], "uv_size": [2, 1]},
								"east": {"uv": [61, 35], "uv_size": [1, 1]},
								"south": {"uv": [40, 59], "uv_size": [2, 1]},
								"west": {"uv": [36, 61], "uv_size": [1, 1]},
								"up": {"uv": [59, 40], "uv_size": [2, 1]},
								"down": {"uv": [59, 42], "uv_size": [2, -1]}
							}
						},
						{
							"origin": [1.42606, 19.32209, 5.10462],
							"size": [0.7652, 2.41428, 0.96162],
							"pivot": [1.80866, 19.97681, 5.33991],
							"rotation": [-20, 0, 0],
							"uv": {
								"north": {"uv": [42, 59], "uv_size": [1, 2]},
								"east": {"uv": [59, 47], "uv_size": [1, 2]},
								"south": {"uv": [59, 49], "uv_size": [1, 2]},
								"west": {"uv": [52, 59], "uv_size": [1, 2]},
								"up": {"uv": [61, 37], "uv_size": [1, 1]},
								"down": {"uv": [38, 62], "uv_size": [1, -1]}
							}
						},
						{
							"origin": [1.43833, 20.85103, 6.18086],
							"size": [0.73656, 0.94116, 0.53196],
							"pivot": [1.80866, 21.13747, 5.98649],
							"rotation": [-52.5, 0, 0],
							"uv": {
								"north": {"uv": [61, 49], "uv_size": [1, 1]},
								"east": {"uv": [61, 50], "uv_size": [1, 1]},
								"south": {"uv": [61, 51], "uv_size": [1, 1]},
								"west": {"uv": [52, 61], "uv_size": [1, 1]},
								"up": {"uv": [61, 52], "uv_size": [1, 1]},
								"down": {"uv": [53, 62], "uv_size": [1, -1]}
							}
						},
						{
							"origin": [0.70996, 18.46735, -9.60956],
							"size": [2.21786, 0.8184, 8.184],
							"uv": {
								"north": {"uv": [59, 4], "uv_size": [2, 1]},
								"east": {"uv": [49, 23], "uv_size": [8, 1]},
								"south": {"uv": [59, 5], "uv_size": [2, 1]},
								"west": {"uv": [49, 24], "uv_size": [8, 1]},
								"up": {"uv": [41, 46], "uv_size": [2, 8]},
								"down": {"uv": [43, 54], "uv_size": [2, -8]}
							}
						},
						{
							"origin": [1.12734, 20.02231, -12.63764],
							"size": [1.30944, 1.30944, 11.21208],
							"pivot": [1.82298, 20.47243, -5.51756],
							"rotation": [0, 0, 22.5],
							"uv": {
								"north": {"uv": [55, 62], "uv_size": [1, 1]},
								"east": {"uv": [47, 6], "uv_size": [11, 1]},
								"south": {"uv": [62, 55], "uv_size": [1, 1]},
								"west": {"uv": [17, 48], "uv_size": [11, 1]},
								"up": {"uv": [28, 48], "uv_size": [1, 11]},
								"down": {"uv": [48, 39], "uv_size": [1, -11]}
							}
						},
						{
							"origin": [2.26492, 18.38551, -2.98052],
							"size": [0.99026, 0.8184, 3.51912],
							"uv": {
								"north": {"uv": [49, 62], "uv_size": [1, 1]},
								"east": {"uv": [55, 20], "uv_size": [4, 1]},
								"south": {"uv": [62, 49], "uv_size": [1, 1]},
								"west": {"uv": [55, 21], "uv_size": [4, 1]},
								"up": {"uv": [41, 42], "uv_size": [1, 4]},
								"down": {"uv": [36, 58], "uv_size": [1, -4]}
							}
						},
						{
							"origin": [2.84478, 18.45864, -1.58924],
							"size": [0.5606, 0.57288, 2.12784],
							"pivot": [3.25807, 18.62232, -1.46648],
							"rotation": [0, 0, 45],
							"uv": {
								"north": {"uv": [50, 62], "uv_size": [1, 1]},
								"east": {"uv": [60, 12], "uv_size": [2, 1]},
								"south": {"uv": [62, 50], "uv_size": [1, 1]},
								"west": {"uv": [14, 60], "uv_size": [2, 1]},
								"up": {"uv": [60, 15], "uv_size": [1, 2]},
								"down": {"uv": [16, 62], "uv_size": [1, -2]}
							}
						},
						{
							"origin": [1.48744, 17.62849, -9.60956],
							"size": [0.6629, 0.83886, 4.66488],
							"uv": {
								"north": {"uv": [61, 10], "uv_size": [1, 1]},
								"east": {"uv": [53, 38], "uv_size": [5, 1]},
								"south": {"uv": [11, 61], "uv_size": [1, 1]},
								"west": {"uv": [54, 39], "uv_size": [5, 1]},
								"up": {"uv": [25, 54], "uv_size": [1, 5]},
								"down": {"uv": [35, 59], "uv_size": [1, -5]}
							}
						},
						{
							"origin": [1.56928, 18.36505, -12.5558],
							"size": [0.49922, 0.5115, 3.10992],
							"pivot": [1.81889, 18.6208, -11.1236],
							"rotation": [0, 0, 22.5],
							"uv": {
								"north": {"uv": [62, 2], "uv_size": [1, 1]},
								"east": {"uv": [57, 23], "uv_size": [3, 1]},
								"south": {"uv": [62, 3], "uv_size": [1, 1]},
								"west": {"uv": [57, 24], "uv_size": [3, 1]},
								"up": {"uv": [23, 57], "uv_size": [1, 3]},
								"down": {"uv": [24, 60], "uv_size": [1, -3]}
							}
						},
						{
							"origin": [2.17889, 17.70831, -9.60956],
							"size": [0.58106, 1.14576, 8.184],
							"pivot": [2.34666, 18.44487, -5.51756],
							"rotation": [0, 0, 42.5],
							"uv": {
								"north": {"uv": [61, 11], "uv_size": [1, 1]},
								"east": {"uv": [49, 29], "uv_size": [8, 1]},
								"south": {"uv": [12, 61], "uv_size": [1, 1]},
								"west": {"uv": [49, 30], "uv_size": [8, 1]},
								"up": {"uv": [31, 48], "uv_size": [1, 8]},
								"down": {"uv": [26, 57], "uv_size": [1, -8]}
							}
						},
						{
							"origin": [0.94575, 17.54833, -9.60956],
							"size": [0.58106, 1.14576, 8.184],
							"pivot": [1.11352, 18.28489, -5.51756],
							"rotation": [0, 0, -42.5],
							"uv": {
								"north": {"uv": [13, 61], "uv_size": [1, 1]},
								"east": {"uv": [49, 31], "uv_size": [8, 1]},
								"south": {"uv": [61, 13], "uv_size": [1, 1]},
								"west": {"uv": [49, 32], "uv_size": [8, 1]},
								"up": {"uv": [27, 49], "uv_size": [1, 8]},
								"down": {"uv": [50, 41], "uv_size": [1, -8]}
							}
						},
						{
							"origin": [0.70996, 17.64895, -5.10836],
							"size": [2.21786, 0.8184, 3.6828],
							"uv": {
								"north": {"uv": [59, 6], "uv_size": [2, 1]},
								"east": {"uv": [54, 48], "uv_size": [4, 1]},
								"south": {"uv": [59, 7], "uv_size": [2, 1]},
								"west": {"uv": [54, 49], "uv_size": [4, 1]},
								"up": {"uv": [40, 28], "uv_size": [2, 4]},
								"down": {"uv": [49, 29], "uv_size": [2, -4]}
							}
						},
						{
							"origin": [0.71405, 17.81845, -5.51756],
							"size": [2.20968, 1.2276, 0.8184],
							"pivot": [1.69613, 18.22765, -5.10836],
							"rotation": [45, 0, 0],
							"uv": {
								"north": {"uv": [59, 8], "uv_size": [2, 1]},
								"east": {"uv": [14, 61], "uv_size": [1, 1]},
								"south": {"uv": [9, 59], "uv_size": [2, 1]},
								"west": {"uv": [61, 14], "uv_size": [1, 1]},
								"up": {"uv": [59, 9], "uv_size": [2, 1]},
								"down": {"uv": [59, 11], "uv_size": [2, -1]}
							}
						}
					]
				},
				{
					"name": "slide",
					"parent": "main",
					"pivot": [1.11352, 18.69409, -8.38196],
					"cubes": [
						{
							"origin": [0.52582, 19.28575, -4.04444],
							"size": [1.19486, 0.90024, 3.02808],
							"uv": {
								"north": {"uv": [4, 62], "uv_size": [1, 1]},
								"east": {"uv": [57, 25], "uv_size": [3, 1]},
								"south": {"uv": [62, 4], "uv_size": [1, 1]},
								"west": {"uv": [57, 26], "uv_size": [3, 1]},
								"up": {"uv": [26, 57], "uv_size": [1, 3]},
								"down": {"uv": [27, 60], "uv_size": [1, -3]}
							}
						},
						{
							"origin": [0.52582, 19.28575, 3.64852],
							"size": [2.58614, 1.71864, 1.47312],
							"uv": {
								"north": {"uv": [8, 52], "uv_size": [3, 2]},
								"east": {"uv": [59, 17], "uv_size": [1, 2]},
								"south": {"uv": [11, 52], "uv_size": [3, 2]},
								"west": {"uv": [59, 20], "uv_size": [1, 2]},
								"up": {"uv": [56, 46], "uv_size": [3, 1]},
								"down": {"uv": [56, 48], "uv_size": [3, -1]}
							}
						},
						{
							"origin": [0.52582, 19.28575, 0.70228],
							"size": [2.58614, 1.71864, 2.94624],
							"uv": {
								"north": {"uv": [52, 12], "uv_size": [3, 2]},
								"east": {"uv": [14, 52], "uv_size": [3, 2]},
								"south": {"uv": [52, 14], "uv_size": [3, 2]},
								"west": {"uv": [52, 16], "uv_size": [3, 2]},
								"up": {"uv": [49, 20], "uv_size": [3, 3]},
								"down": {"uv": [23, 52], "uv_size": [3, -3]}
							}
						},
						{
							"origin": [0.52582, 19.28575, -1.01636],
							"size": [2.58614, 1.71864, 1.71864],
							"uv": {
								"north": {"uv": [17, 52], "uv_size": [3, 2]},
								"east": {"uv": [54, 50], "uv_size": [2, 2]},
								"south": {"uv": [20, 52], "uv_size": [3, 2]},
								"west": {"uv": [54, 52], "uv_size": [2, 2]},
								"up": {"uv": [52, 20], "uv_size": [3, 2]},
								"down": {"uv": [23, 54], "uv_size": [3, -2]}
							}
						},
						{
							"origin": [0.77182, 19.37764, -12.47396],
							"size": [2.0951, 2.046, 2.8644],
							"uv": {
								"north": {"uv": [54, 54], "uv_size": [2, 2]},
								"east": {"uv": [52, 41], "uv_size": [3, 2]},
								"south": {"uv": [4, 55], "uv_size": [2, 2]},
								"west": {"uv": [47, 52], "uv_size": [3, 2]},
								"up": {"uv": [50, 52], "uv_size": [2, 3]},
								"down": {"uv": [52, 55], "uv_size": [2, -3]}
							}
						},
						{
							"origin": [1.5079, 21.00439, -1.01636],
							"size": [0.62198, 1.023, 6.138],
							"uv": {
								"north": {"uv": [61, 20], "uv_size": [1, 1]},
								"east": {"uv": [50, 9], "uv_size": [6, 1]},
								"south": {"uv": [61, 21], "uv_size": [1, 1]},
								"west": {"uv": [52, 22], "uv_size": [6, 1]},
								"up": {"uv": [49, 33], "uv_size": [1, 6]},
								"down": {"uv": [40, 56], "uv_size": [1, -6]}
							}
						},
						{
							"origin": [2.23668, 20.78145, -9.60956],
							"size": [0.72428, 0.75702, 14.7312],
							"pivot": [2.47606, 21.27249, 2.09356],
							"rotation": [0, 0, -22.5],
							"uv": {
								"north": {"uv": [22, 61], "uv_size": [1, 1]},
								"east": {"uv": [47, 0], "uv_size": [15, 1]},
								"south": {"uv": [61, 22], "uv_size": [1, 1]},
								"west": {"uv": [47, 1], "uv_size": [15, 1]},
								"up": {"uv": [0, 48], "uv_size": [1, 15]},
								"down": {"uv": [1, 63], "uv_size": [1, -15]}
							}
						},
						{
							"origin": [2.13368, 21.28667, -9.60956],
							"size": [1.05164, 0.75702, 14.7312],
							"pivot": [2.70042, 21.22529, 2.09356],
							"rotation": [0, 0, -67.5],
							"uv": {
								"north": {"uv": [23, 61], "uv_size": [1, 1]},
								"east": {"uv": [47, 2], "uv_size": [15, 1]},
								"south": {"uv": [25, 61], "uv_size": [1, 1]},
								"west": {"uv": [47, 3], "uv_size": [15, 1]},
								"up": {"uv": [2, 48], "uv_size": [1, 15]},
								"down": {"uv": [3, 63], "uv_size": [1, -15]}
							}
						},
						{
							"origin": [2.224, 19.17682, 4.96581],
							"size": [0.8675, 1.88232, 0.96162],
							"pivot": [2.73959, 20.03614, 5.51823],
							"rotation": [12.5, 0, 0],
							"uv": {
								"north": {"uv": [25, 59], "uv_size": [1, 2]},
								"east": {"uv": [59, 27], "uv_size": [1, 2]},
								"south": {"uv": [28, 59], "uv_size": [1, 2]},
								"west": {"uv": [29, 59], "uv_size": [1, 2]},
								"up": {"uv": [26, 61], "uv_size": [1, 1]},
								"down": {"uv": [27, 62], "uv_size": [1, -1]}
							}
						},
						{
							"origin": [2.25945, 20.839, 5.03293],
							"size": [0.72428, 0.75702, 0.57288],
							"pivot": [2.49883, 21.21751, 5.31937],
							"rotation": [12.5, 0, -22.5],
							"uv": {
								"north": {"uv": [28, 61], "uv_size": [1, 1]},
								"east": {"uv": [29, 61], "uv_size": [1, 1]},
								"south": {"uv": [61, 29], "uv_size": [1, 1]},
								"west": {"uv": [30, 61], "uv_size": [1, 1]},
								"up": {"uv": [61, 30], "uv_size": [1, 1]},
								"down": {"uv": [31, 62], "uv_size": [1, -1]}
							}
						},
						{
							"origin": [2.34937, 21.02864, 5.03487],
							"size": [0.39692, 0.75702, 0.4092],
							"pivot": [2.26139, 21.40715, 5.23947],
							"rotation": [12.5, 0, -67.5],
							"uv": {
								"north": {"uv": [61, 31], "uv_size": [1, 1]},
								"east": {"uv": [32, 61], "uv_size": [1, 1]},
								"south": {"uv": [61, 32], "uv_size": [1, 1]},
								"west": {"uv": [33, 61], "uv_size": [1, 1]},
								"up": {"uv": [61, 33], "uv_size": [1, 1]},
								"down": {"uv": [34, 62], "uv_size": [1, -1]}
							}
						},
						{
							"origin": [0.685, 20.78145, -1.01636],
							"size": [0.72428, 0.75702, 6.138],
							"pivot": [1.16991, 21.27249, 2.09356],
							"rotation": [0, 0, 22.5],
							"uv": {
								"north": {"uv": [39, 61], "uv_size": [1, 1]},
								"east": {"uv": [52, 43], "uv_size": [6, 1]},
								"south": {"uv": [61, 39], "uv_size": [1, 1]},
								"west": {"uv": [53, 4], "uv_size": [6, 1]},
								"up": {"uv": [37, 51], "uv_size": [1, 6]},
								"down": {"uv": [29, 59], "uv_size": [1, -6]}
							}
						},
						{
							"origin": [0.46064, 21.28667, -1.01636],
							"size": [1.05164, 0.75702, 6.138],
							"pivot": [0.94554, 21.22529, 2.09356],
							"rotation": [0, 0, 67.5],
							"uv": {
								"north": {"uv": [40, 61], "uv_size": [1, 1]},
								"east": {"uv": [53, 5], "uv_size": [6, 1]},
								"south": {"uv": [61, 40], "uv_size": [1, 1]},
								"west": {"uv": [53, 10], "uv_size": [6, 1]},
								"up": {"uv": [30, 53], "uv_size": [1, 6]},
								"down": {"uv": [32, 59], "uv_size": [1, -6]}
							}
						},
						{
							"origin": [0.55022, 19.17682, 4.96581],
							"size": [0.8675, 1.88232, 0.96162],
							"pivot": [0.90213, 20.03614, 5.51823],
							"rotation": [12.5, 0, 0],
							"uv": {
								"north": {"uv": [59, 54], "uv_size": [1, 2]},
								"east": {"uv": [59, 56], "uv_size": [1, 2]},
								"south": {"uv": [57, 59], "uv_size": [1, 2]},
								"west": {"uv": [59, 58], "uv_size": [1, 2]},
								"up": {"uv": [61, 41], "uv_size": [1, 1]},
								"down": {"uv": [42, 62], "uv_size": [1, -1]}
							}
						},
						{
							"origin": [0.89543, 21.02864, 5.03487],
							"size": [0.39692, 0.75702, 0.4092],
							"pivot": [1.38033, 21.40715, 5.23947],
							"rotation": [12.5, 0, 67.5],
							"uv": {
								"north": {"uv": [61, 42], "uv_size": [1, 1]},
								"east": {"uv": [43, 61], "uv_size": [1, 1]},
								"south": {"uv": [44, 61], "uv_size": [1, 1]},
								"west": {"uv": [61, 44], "uv_size": [1, 1]},
								"up": {"uv": [45, 61], "uv_size": [1, 1]},
								"down": {"uv": [61, 46], "uv_size": [1, -1]}
							}
						},
						{
							"origin": [0.65799, 20.839, 5.03293],
							"size": [0.72428, 0.75702, 0.57288],
							"pivot": [1.14289, 21.21751, 5.31937],
							"rotation": [12.5, 0, 22.5],
							"uv": {
								"north": {"uv": [46, 61], "uv_size": [1, 1]},
								"east": {"uv": [61, 46], "uv_size": [1, 1]},
								"south": {"uv": [47, 61], "uv_size": [1, 1]},
								"west": {"uv": [61, 47], "uv_size": [1, 1]},
								"up": {"uv": [48, 61], "uv_size": [1, 1]},
								"down": {"uv": [61, 49], "uv_size": [1, -1]}
							}
						},
						{
							"origin": [1.83526, 21.00439, -4.04444],
							"size": [0.29462, 1.023, 3.02808],
							"uv": {
								"north": {"uv": [54, 61], "uv_size": [1, 1]},
								"east": {"uv": [49, 56], "uv_size": [3, 1]},
								"south": {"uv": [61, 54], "uv_size": [1, 1]},
								"west": {"uv": [56, 50], "uv_size": [3, 1]},
								"up": {"uv": [56, 51], "uv_size": [1, 3]},
								"down": {"uv": [52, 59], "uv_size": [1, -3]}
							}
						},
						{
							"origin": [1.5079, 21.41359, -12.47396],
							"size": [0.62198, 0.6138, 8.42952],
							"uv": {
								"north": {"uv": [61, 55], "uv_size": [1, 1]},
								"east": {"uv": [50, 7], "uv_size": [8, 1]},
								"south": {"uv": [56, 61], "uv_size": [1, 1]},
								"west": {"uv": [50, 8], "uv_size": [8, 1]},
								"up": {"uv": [38, 50], "uv_size": [1, 8]},
								"down": {"uv": [39, 58], "uv_size": [1, -8]}
							}
						},
						{
							"origin": [0.685, 20.78145, -9.60956],
							"size": [0.72428, 0.75702, 5.56512],
							"pivot": [1.16991, 21.27249, -7.07252],
							"rotation": [0, 0, 22.5],
							"uv": {
								"north": {"uv": [61, 56], "uv_size": [1, 1]},
								"east": {"uv": [53, 11], "uv_size": [6, 1]},
								"south": {"uv": [57, 61], "uv_size": [1, 1]},
								"west": {"uv": [53, 33], "uv_size": [6, 1]},
								"up": {"uv": [33, 53], "uv_size": [1, 6]},
								"down": {"uv": [34, 59], "uv_size": [1, -6]}
							}
						},
						{
							"origin": [0.46064, 21.28667, -9.60956],
							"size": [1.05164, 0.75702, 5.56512],
							"pivot": [0.94554, 21.22529, -7.07252],
							"rotation": [0, 0, 67.5],
							"uv": {
								"north": {"uv": [61, 57], "uv_size": [1, 1]},
								"east": {"uv": [53, 34], "uv_size": [6, 1]},
								"south": {"uv": [58, 61], "uv_size": [1, 1]},
								"west": {"uv": [53, 35], "uv_size": [6, 1]},
								"up": {"uv": [53, 44], "uv_size": [1, 6]},
								"down": {"uv": [8, 60], "uv_size": [1, -6]}
							}
						},
						{
							"origin": [2.03822, 21.33488, -12.47396],
							"size": [1.05164, 0.65472, 2.8644],
							"pivot": [2.60496, 21.2735, -0.77084],
							"rotation": [0, 0, -67.5],
							"uv": {
								"north": {"uv": [61, 58], "uv_size": [1, 1]},
								"east": {"uv": [54, 56], "uv_size": [3, 1]},
								"south": {"uv": [59, 61], "uv_size": [1, 1]},
								"west": {"uv": [56, 54], "uv_size": [3, 1]},
								"up": {"uv": [4, 57], "uv_size": [1, 3]},
								"down": {"uv": [5, 60], "uv_size": [1, -3]}
							}
						},
						{
							"origin": [1.99164, 21.2007, -12.47396],
							"size": [0.72428, 0.34782, 2.8644],
							"pivot": [2.23102, 21.69174, -0.77084],
							"rotation": [0, 0, -22.5],
							"uv": {
								"north": {"uv": [61, 59], "uv_size": [1, 1]},
								"east": {"uv": [56, 55], "uv_size": [3, 1]},
								"south": {"uv": [60, 61], "uv_size": [1, 1]},
								"west": {"uv": [9, 57], "uv_size": [3, 1]},
								"up": {"uv": [6, 57], "uv_size": [1, 3]},
								"down": {"uv": [7, 60], "uv_size": [1, -3]}
							}
						},
						{
							"origin": [0.93004, 21.2007, -12.47396],
							"size": [0.72428, 0.34782, 2.8644],
							"pivot": [1.41494, 21.69174, -0.77084],
							"rotation": [0, 0, 22.5],
							"uv": {
								"north": {"uv": [61, 60], "uv_size": [1, 1]},
								"east": {"uv": [57, 12], "uv_size": [3, 1]},
								"south": {"uv": [61, 61], "uv_size": [1, 1]},
								"west": {"uv": [13, 57], "uv_size": [3, 1]},
								"up": {"uv": [57, 13], "uv_size": [1, 3]},
								"down": {"uv": [57, 19], "uv_size": [1, -3]}
							}
						},
						{
							"origin": [0.5561, 21.33488, -12.47396],
							"size": [1.05164, 0.65472, 2.8644],
							"pivot": [1.041, 21.2735, -0.77084],
							"rotation": [0, 0, 67.5],
							"uv": {
								"north": {"uv": [62, 0], "uv_size": [1, 1]},
								"east": {"uv": [18, 57], "uv_size": [3, 1]},
								"south": {"uv": [62, 1], "uv_size": [1, 1]},
								"west": {"uv": [57, 19], "uv_size": [3, 1]},
								"up": {"uv": [21, 57], "uv_size": [1, 3]},
								"down": {"uv": [22, 60], "uv_size": [1, -3]}
							}
						},
						{
							"origin": [0.52582, 19.28575, -9.60956],
							"size": [2.58614, 1.71864, 5.56512],
							"uv": {
								"north": {"uv": [53, 36], "uv_size": [3, 2]},
								"east": {"uv": [47, 4], "uv_size": [6, 2]},
								"south": {"uv": [9, 54], "uv_size": [3, 2]},
								"west": {"uv": [47, 10], "uv_size": [6, 2]},
								"up": {"uv": [45, 34], "uv_size": [3, 6]},
								"down": {"uv": [45, 46], "uv_size": [3, -6]}
							}
						},
						{
							"origin": [1.75342, 19.28575, -4.04444],
							"size": [1.35854, 1.71864, 3.02808],
							"uv": {
								"north": {"uv": [4, 60], "uv_size": [1, 2]},
								"east": {"uv": [12, 54], "uv_size": [3, 2]},
								"south": {"uv": [5, 60], "uv_size": [1, 2]},
								"west": {"uv": [15, 54], "uv_size": [3, 2]},
								"up": {"uv": [57, 27], "uv_size": [1, 3]},
								"down": {"uv": [57, 33], "uv_size": [1, -3]}
							}
						},
						{
							"origin": [2.24446, 21.78187, 3.15748],
							"size": [0.13094, 0.6138, 0.8184],
							"uv": {
								"north": {"uv": [31, 62], "uv_size": [1, 1]},
								"east": {"uv": [62, 31], "uv_size": [1, 1]},
								"south": {"uv": [32, 62], "uv_size": [1, 1]},
								"west": {"uv": [62, 32], "uv_size": [1, 1]},
								"up": {"uv": [33, 62], "uv_size": [1, 1]},
								"down": {"uv": [62, 34], "uv_size": [1, -1]}
							}
						},
						{
							"origin": [1.26238, 21.78187, 3.15748],
							"size": [0.13094, 0.6138, 0.8184],
							"uv": {
								"north": {"uv": [34, 62], "uv_size": [1, 1]},
								"east": {"uv": [62, 34], "uv_size": [1, 1]},
								"south": {"uv": [35, 62], "uv_size": [1, 1]},
								"west": {"uv": [62, 35], "uv_size": [1, 1]},
								"up": {"uv": [36, 62], "uv_size": [1, 1]},
								"down": {"uv": [62, 37], "uv_size": [1, -1]}
							}
						},
						{
							"origin": [1.39332, 21.78187, 3.23932],
							"size": [0.8675, 0.36828, 0.24552],
							"uv": {
								"north": {"uv": [37, 62], "uv_size": [1, 1]},
								"east": {"uv": [62, 37], "uv_size": [1, 1]},
								"south": {"uv": [38, 62], "uv_size": [1, 1]},
								"west": {"uv": [62, 38], "uv_size": [1, 1]},
								"up": {"uv": [39, 62], "uv_size": [1, 1]},
								"down": {"uv": [62, 40], "uv_size": [1, -1]}
							}
						},
						{
							"origin": [2.1662, 22.15015, 3.23932],
							"size": [0.09462, 0.22506, 0.24552],
							"uv": {
								"north": {"uv": [40, 62], "uv_size": [1, 1]},
								"east": {"uv": [62, 40], "uv_size": [1, 1]},
								"south": {"uv": [41, 62], "uv_size": [1, 1]},
								"west": {"uv": [62, 41], "uv_size": [1, 1]},
								"up": {"uv": [42, 62], "uv_size": [1, 1]},
								"down": {"uv": [62, 43], "uv_size": [1, -1]}
							}
						},
						{
							"origin": [1.39332, 22.15015, 3.23932],
							"size": [0.09462, 0.22506, 0.24552],
							"uv": {
								"north": {"uv": [43, 62], "uv_size": [1, 1]},
								"east": {"uv": [62, 43], "uv_size": [1, 1]},
								"south": {"uv": [44, 62], "uv_size": [1, 1]},
								"west": {"uv": [62, 44], "uv_size": [1, 1]},
								"up": {"uv": [45, 62], "uv_size": [1, 1]},
								"down": {"uv": [62, 46], "uv_size": [1, -1]}
							}
						},
						{
							"origin": [1.7616, 21.86371, -11.98292],
							"size": [0.13094, 0.45012, 0.7184],
							"pivot": [1.82707, 22.21153, -11.57372],
							"rotation": [15, 0, 0],
							"uv": {
								"north": {"uv": [46, 62], "uv_size": [1, 1]},
								"east": {"uv": [62, 46], "uv_size": [1, 1]},
								"south": {"uv": [47, 62], "uv_size": [1, 1]},
								"west": {"uv": [62, 47], "uv_size": [1, 1]},
								"up": {"uv": [48, 62], "uv_size": [1, 1]},
								"down": {"uv": [62, 49], "uv_size": [1, -1]}
							}
						},
						{
							"origin": [3.1447, 19.82084, 3.72276],
							"size": [0.13094, 0.98208, 1.14576],
							"pivot": [3.1957, 19.99931, 4.19727],
							"rotation": [-32.5, 0, 0],
							"uv": {
								"north": {"uv": [51, 62], "uv_size": [1, 1]},
								"east": {"uv": [62, 51], "uv_size": [1, 1]},
								"south": {"uv": [52, 62], "uv_size": [1, 1]},
								"west": {"uv": [62, 52], "uv_size": [1, 1]},
								"up": {"uv": [53, 62], "uv_size": [1, 1]},
								"down": {"uv": [62, 54], "uv_size": [1, -1]}
							}
						},
						{
							"origin": [2.90517, 18.77171, 3.86991],
							"size": [0.54014, 1.80048, 0.65472],
							"pivot": [3.1957, 19.99931, 4.19727],
							"rotation": [-61.51653, 25.49671, -38.42684],
							"uv": {
								"north": {"uv": [60, 17], "uv_size": [1, 2]},
								"east": {"uv": [60, 19], "uv_size": [1, 2]},
								"south": {"uv": [21, 60], "uv_size": [1, 2]},
								"west": {"uv": [60, 21], "uv_size": [1, 2]},
								"up": {"uv": [54, 62], "uv_size": [1, 1]},
								"down": {"uv": [62, 55], "uv_size": [1, -1]}
							}
						},
						{
							"origin": [0.9355, 18.64108, -12.47396],
							"size": [1.76774, 0.73656, 2.8644],
							"uv": {
								"north": {"uv": [59, 14], "uv_size": [2, 1]},
								"east": {"uv": [43, 56], "uv_size": [3, 1]},
								"south": {"uv": [15, 59], "uv_size": [2, 1]},
								"west": {"uv": [56, 44], "uv_size": [3, 1]},
								"up": {"uv": [45, 51], "uv_size": [2, 3]},
								"down": {"uv": [51, 50], "uv_size": [2, -3]}
							}
						},
						{
							"origin": [2.17547, 18.1234, -12.47396],
							"size": [0.58106, 0.8184, 2.94624],
							"pivot": [2.34324, 18.85996, -8.38196],
							"rotation": [0, 0, 42.5],
							"uv": {
								"north": {"uv": [61, 18], "uv_size": [1, 1]},
								"east": {"uv": [13, 56], "uv_size": [3, 1]},
								"south": {"uv": [19, 61], "uv_size": [1, 1]},
								"west": {"uv": [22, 56], "uv_size": [3, 1]},
								"up": {"uv": [16, 56], "uv_size": [1, 3]},
								"down": {"uv": [17, 59], "uv_size": [1, -3]}
							}
						},
						{
							"origin": [1.48744, 18.03769, -12.47396],
							"size": [0.6629, 0.75702, 2.8644],
							"uv": {
								"north": {"uv": [61, 17], "uv_size": [1, 1]},
								"east": {"uv": [9, 56], "uv_size": [3, 1]},
								"south": {"uv": [18, 61], "uv_size": [1, 1]},
								"west": {"uv": [56, 9], "uv_size": [3, 1]},
								"up": {"uv": [53, 55], "uv_size": [1, 3]},
								"down": {"uv": [12, 59], "uv_size": [1, -3]}
							}
						},
						{
							"origin": [0.94575, 17.95753, -12.47396],
							"size": [0.58106, 0.8184, 2.94624],
							"pivot": [1.11352, 18.69409, -8.38196],
							"rotation": [0, 0, -42.5],
							"uv": {
								"north": {"uv": [61, 19], "uv_size": [1, 1]},
								"east": {"uv": [56, 36], "uv_size": [3, 1]},
								"south": {"uv": [20, 61], "uv_size": [1, 1]},
								"west": {"uv": [56, 37], "uv_size": [3, 1]},
								"up": {"uv": [31, 56], "uv_size": [1, 3]},
								"down": {"uv": [40, 59], "uv_size": [1, -3]}
							}
						}
					]
				},
				{
					"name": "glowy",
					"parent": "slide",
					"pivot": [1.82707, 22.21629, -11.55595],
					"cubes": [
						{
							"origin": [1.48795, 22.15015, 3.23932],
							"size": [0.21962, 0.22506, 0.24552],
							"uv": {
								"north": {"uv": [40, 62], "uv_size": [1, 1]},
								"east": {"uv": [62, 40], "uv_size": [1, 1]},
								"south": {"uv": [41, 63], "uv_size": [1, 1]},
								"west": {"uv": [62, 41], "uv_size": [1, 1]},
								"up": {"uv": [42, 62], "uv_size": [1, 1]},
								"down": {"uv": [62, 43], "uv_size": [1, -1]}
							}
						},
						{
							"origin": [1.94658, 22.15015, 3.23932],
							"size": [0.21962, 0.22506, 0.24552],
							"uv": {
								"north": {"uv": [40, 62], "uv_size": [1, 1]},
								"east": {"uv": [62, 40], "uv_size": [1, 1]},
								"south": {"uv": [41, 63], "uv_size": [1, 1]},
								"west": {"uv": [62, 41], "uv_size": [1, 1]},
								"up": {"uv": [42, 62], "uv_size": [1, 1]},
								"down": {"uv": [62, 43], "uv_size": [1, -1]}
							}
						},
						{
							"origin": [1.7616, 21.86847, -11.26515],
							"size": [0.13094, 0.45012, 0.1184],
							"pivot": [1.82707, 22.21629, -11.55595],
							"rotation": [15, 0, 0],
							"uv": {
								"north": {"uv": [46, 62], "uv_size": [1, 1]},
								"east": {"uv": [62, 46], "uv_size": [1, 1]},
								"south": {"uv": [47, 62], "uv_size": [1, 1]},
								"west": {"uv": [62, 47], "uv_size": [1, 1]},
								"up": {"uv": [48, 62], "uv_size": [1, 1]},
								"down": {"uv": [62, 49], "uv_size": [1, -1]}
							}
						}
					]
				},
				{
					"name": "magazine",
					"parent": "main",
					"pivot": [1.82298, 13.04063, 5.68171],
					"cubes": [
						{
							"origin": [0.6363, 7.31183, 2.61271],
							"size": [2.37336, 0.28644, 4.66488],
							"uv": {
								"north": {"uv": [22, 60], "uv_size": [2, 1]},
								"east": {"uv": [54, 40], "uv_size": [5, 1]},
								"south": {"uv": [60, 23], "uv_size": [2, 1]},
								"west": {"uv": [41, 54], "uv_size": [5, 1]},
								"up": {"uv": [29, 48], "uv_size": [2, 5]},
								"down": {"uv": [48, 44], "uv_size": [2, -5]}
							}
						},
						{
							"origin": [0.88182, 7.35275, 4.82239],
							"size": [1.88232, 0.73656, 0.65472],
							"pivot": [1.82298, 13.04063, 5.68171],
							"rotation": [17.5, 0, 0],
							"uv": {
								"north": {"uv": [60, 24], "uv_size": [2, 1]},
								"east": {"uv": [56, 62], "uv_size": [1, 1]},
								"south": {"uv": [60, 25], "uv_size": [2, 1]},
								"west": {"uv": [62, 56], "uv_size": [1, 1]},
								"up": {"uv": [26, 60], "uv_size": [2, 1]},
								"down": {"uv": [60, 27], "uv_size": [2, -1]}
							}
						},
						{
							"origin": [0.88182, 7.59827, 4.16767],
							"size": [1.88232, 0.49104, 0.65472],
							"pivot": [1.82298, 13.04063, 5.68171],
							"rotation": [17.5, 0, 0],
							"uv": {
								"north": {"uv": [60, 27], "uv_size": [2, 1]},
								"east": {"uv": [57, 62], "uv_size": [1, 1]},
								"south": {"uv": [60, 28], "uv_size": [2, 1]},
								"west": {"uv": [62, 57], "uv_size": [1, 1]},
								"up": {"uv": [30, 60], "uv_size": [2, 1]},
								"down": {"uv": [32, 61], "uv_size": [2, -1]}
							}
						},
						{
							"origin": [0.88182, 8.08931, 2.44903],
							"size": [1.88232, 6.71088, 3.02808],
							"pivot": [1.82298, 13.04063, 5.68171],
							"rotation": [17.5, 0, 0],
							"uv": {
								"north": {"uv": [4, 48], "uv_size": [2, 7]},
								"east": {"uv": [43, 18], "uv_size": [3, 7]},
								"south": {"uv": [6, 48], "uv_size": [2, 7]},
								"west": {"uv": [44, 0], "uv_size": [3, 7]},
								"up": {"uv": [18, 54], "uv_size": [2, 3]},
								"down": {"uv": [20, 57], "uv_size": [2, -3]}
							}
						},
						{
							"origin": [1.12734, 14.80019, 2.44903],
							"size": [1.39128, 4.17384, 3.02808],
							"pivot": [1.82298, 13.04063, 5.68171],
							"rotation": [17.5, 0, 0],
							"uv": {
								"north": {"uv": [41, 55], "uv_size": [1, 4]},
								"east": {"uv": [11, 48], "uv_size": [3, 4]},
								"south": {"uv": [42, 55], "uv_size": [1, 4]},
								"west": {"uv": [14, 48], "uv_size": [3, 4]},
								"up": {"uv": [18, 58], "uv_size": [1, 3]},
								"down": {"uv": [19, 61], "uv_size": [1, -3]}
							}
						},
						{
							"origin": [1.68629, 13.99225, 1.59577],
							"size": [0.8184, 2.046, 2.98716],
							"pivot": [1.80905, 15.54721, 3.08935],
							"rotation": [17.25002, 2.99318, -9.54589],
							"uv": {
								"north": {"uv": [60, 49], "uv_size": [1, 2]},
								"east": {"uv": [54, 18], "uv_size": [3, 2]},
								"south": {"uv": [50, 60], "uv_size": [1, 2]},
								"west": {"uv": [22, 54], "uv_size": [3, 2]},
								"up": {"uv": [20, 58], "uv_size": [1, 3]},
								"down": {"uv": [58, 30], "uv_size": [1, -3]}
							}
						},
						{
							"origin": [1.01868, 15.84754, 1.52589],
							"size": [0.8184, 2.046, 2.98716],
							"pivot": [-8.92488, 15.7657, 2.99901],
							"rotation": [17.25002, -2.99318, 9.54589],
							"uv": {
								"north": {"uv": [51, 60], "uv_size": [1, 2]},
								"east": {"uv": [54, 25], "uv_size": [3, 2]},
								"south": {"uv": [60, 51], "uv_size": [1, 2]},
								"west": {"uv": [54, 27], "uv_size": [3, 2]},
								"up": {"uv": [58, 30], "uv_size": [1, 3]},
								"down": {"uv": [36, 61], "uv_size": [1, -3]}
							}
						},
						{
							"origin": [2.35494, 17.73765, 1.47223],
							"size": [0.14322, 0.90024, 2.23014],
							"uv": {
								"north": {"uv": [59, 62], "uv_size": [1, 1]},
								"east": {"uv": [43, 60], "uv_size": [2, 1]},
								"south": {"uv": [62, 59], "uv_size": [1, 1]},
								"west": {"uv": [60, 43], "uv_size": [2, 1]},
								"up": {"uv": [24, 60], "uv_size": [1, 2]},
								"down": {"uv": [41, 62], "uv_size": [1, -2]}
							}
						},
						{
							"origin": [1.1478, 17.73765, 1.47223],
							"size": [0.14322, 0.90024, 2.23014],
							"uv": {
								"north": {"uv": [60, 62], "uv_size": [1, 1]},
								"east": {"uv": [45, 60], "uv_size": [2, 1]},
								"south": {"uv": [62, 60], "uv_size": [1, 1]},
								"west": {"uv": [47, 60], "uv_size": [2, 1]},
								"up": {"uv": [60, 47], "uv_size": [1, 2]},
								"down": {"uv": [49, 62], "uv_size": [1, -2]}
							}
						},
						{
							"origin": [1.1478, 17.73765, 0.83797],
							"size": [0.14322, 0.65472, 0.63426],
							"uv": {
								"north": {"uv": [63, 1], "uv_size": [1, 1]},
								"east": {"uv": [2, 63], "uv_size": [1, 1]},
								"south": {"uv": [63, 2], "uv_size": [1, 1]},
								"west": {"uv": [3, 63], "uv_size": [1, 1]},
								"up": {"uv": [63, 3], "uv_size": [1, 1]},
								"down": {"uv": [4, 64], "uv_size": [1, -1]}
							}
						},
						{
							"origin": [1.29102, 17.73765, 0.83797],
							"size": [1.06392, 0.65472, 0.14322],
							"uv": {
								"north": {"uv": [63, 4], "uv_size": [1, 1]},
								"east": {"uv": [5, 63], "uv_size": [1, 1]},
								"south": {"uv": [63, 5], "uv_size": [1, 1]},
								"west": {"uv": [6, 63], "uv_size": [1, 1]},
								"up": {"uv": [63, 6], "uv_size": [1, 1]},
								"down": {"uv": [7, 64], "uv_size": [1, -1]}
							}
						},
						{
							"origin": [2.35494, 17.73765, 0.83797],
							"size": [0.14322, 0.65472, 0.63426],
							"uv": {
								"north": {"uv": [61, 62], "uv_size": [1, 1]},
								"east": {"uv": [62, 61], "uv_size": [1, 1]},
								"south": {"uv": [62, 62], "uv_size": [1, 1]},
								"west": {"uv": [0, 63], "uv_size": [1, 1]},
								"up": {"uv": [63, 0], "uv_size": [1, 1]},
								"down": {"uv": [1, 64], "uv_size": [1, -1]}
							}
						},
						{
							"origin": [0.88182, 7.80287, 3.28789],
							"size": [1.88232, 0.28644, 0.87978],
							"pivot": [1.82298, 13.04063, 5.68171],
							"rotation": [17.5, 0, 0],
							"uv": {
								"north": {"uv": [34, 60], "uv_size": [2, 1]},
								"east": {"uv": [58, 62], "uv_size": [1, 1]},
								"south": {"uv": [37, 60], "uv_size": [2, 1]},
								"west": {"uv": [62, 58], "uv_size": [1, 1]},
								"up": {"uv": [60, 38], "uv_size": [2, 1]},
								"down": {"uv": [39, 61], "uv_size": [2, -1]}
							}
						}
					]
				},
				{
					"name": "bullet",
					"parent": "magazine",
					"pivot": [1.82298, 13.04063, 5.68171],
					"cubes": [
						{
							"origin": [1.41378, 17.95103, 1.83523],
							"size": [0.8184, 0.8184, 1.6368],
							"pivot": [1.82298, 18.36023, 2.48995],
							"rotation": [0, 0, 22.5],
							"uv": {
								"north": {"uv": [63, 7], "uv_size": [1, 1]},
								"east": {"uv": [53, 60], "uv_size": [2, 1]},
								"south": {"uv": [8, 63], "uv_size": [1, 1]},
								"west": {"uv": [60, 53], "uv_size": [2, 1]},
								"up": {"uv": [60, 54], "uv_size": [1, 2]},
								"down": {"uv": [55, 62], "uv_size": [1, -2]}
							}
						},
						{
							"origin": [1.49562, 18.03287, 1.09867],
							"size": [0.65472, 0.65472, 0.73656],
							"pivot": [1.82298, 18.36023, 2.48995],
							"rotation": [0, 0, 22.5],
							"uv": {
								"north": {"uv": [63, 8], "uv_size": [1, 1]},
								"east": {"uv": [9, 63], "uv_size": [1, 1]},
								"south": {"uv": [63, 9], "uv_size": [1, 1]},
								"west": {"uv": [10, 63], "uv_size": [1, 1]},
								"up": {"uv": [63, 10], "uv_size": [1, 1]},
								"down": {"uv": [11, 64], "uv_size": [1, -1]}
							}
						}
					]
				},
				{
					"name": "magazine2",
					"parent": "main",
					"pivot": [1.82298, 13.04063, 5.68171],
					"cubes": [
						{
							"origin": [0.6363, 7.31183, 2.61271],
							"size": [2.37336, 0.28644, 4.66488],
							"uv": {
								"north": {"uv": [22, 60], "uv_size": [2, 1]},
								"east": {"uv": [54, 40], "uv_size": [5, 1]},
								"south": {"uv": [60, 23], "uv_size": [2, 1]},
								"west": {"uv": [41, 54], "uv_size": [5, 1]},
								"up": {"uv": [29, 48], "uv_size": [2, 5]},
								"down": {"uv": [48, 44], "uv_size": [2, -5]}
							}
						},
						{
							"origin": [0.88182, 7.35275, 4.82239],
							"size": [1.88232, 0.73656, 0.65472],
							"pivot": [1.82298, 13.04063, 5.68171],
							"rotation": [17.5, 0, 0],
							"uv": {
								"north": {"uv": [60, 24], "uv_size": [2, 1]},
								"east": {"uv": [56, 62], "uv_size": [1, 1]},
								"south": {"uv": [60, 25], "uv_size": [2, 1]},
								"west": {"uv": [62, 56], "uv_size": [1, 1]},
								"up": {"uv": [26, 60], "uv_size": [2, 1]},
								"down": {"uv": [60, 27], "uv_size": [2, -1]}
							}
						},
						{
							"origin": [0.88182, 7.59827, 4.16767],
							"size": [1.88232, 0.49104, 0.65472],
							"pivot": [1.82298, 13.04063, 5.68171],
							"rotation": [17.5, 0, 0],
							"uv": {
								"north": {"uv": [60, 27], "uv_size": [2, 1]},
								"east": {"uv": [57, 62], "uv_size": [1, 1]},
								"south": {"uv": [60, 28], "uv_size": [2, 1]},
								"west": {"uv": [62, 57], "uv_size": [1, 1]},
								"up": {"uv": [30, 60], "uv_size": [2, 1]},
								"down": {"uv": [32, 61], "uv_size": [2, -1]}
							}
						},
						{
							"origin": [0.88182, 8.08931, 2.44903],
							"size": [1.88232, 6.71088, 3.02808],
							"pivot": [1.82298, 13.04063, 5.68171],
							"rotation": [17.5, 0, 0],
							"uv": {
								"north": {"uv": [4, 48], "uv_size": [2, 7]},
								"east": {"uv": [43, 18], "uv_size": [3, 7]},
								"south": {"uv": [6, 48], "uv_size": [2, 7]},
								"west": {"uv": [44, 0], "uv_size": [3, 7]},
								"up": {"uv": [18, 54], "uv_size": [2, 3]},
								"down": {"uv": [20, 57], "uv_size": [2, -3]}
							}
						},
						{
							"origin": [1.12734, 14.80019, 2.44903],
							"size": [1.39128, 4.17384, 3.02808],
							"pivot": [1.82298, 13.04063, 5.68171],
							"rotation": [17.5, 0, 0],
							"uv": {
								"north": {"uv": [41, 55], "uv_size": [1, 4]},
								"east": {"uv": [11, 48], "uv_size": [3, 4]},
								"south": {"uv": [42, 55], "uv_size": [1, 4]},
								"west": {"uv": [14, 48], "uv_size": [3, 4]},
								"up": {"uv": [18, 58], "uv_size": [1, 3]},
								"down": {"uv": [19, 61], "uv_size": [1, -3]}
							}
						},
						{
							"origin": [1.68629, 13.99225, 1.59577],
							"size": [0.8184, 2.046, 2.98716],
							"pivot": [1.80905, 15.54721, 3.08935],
							"rotation": [17.25002, 2.99318, -9.54589],
							"uv": {
								"north": {"uv": [60, 49], "uv_size": [1, 2]},
								"east": {"uv": [54, 18], "uv_size": [3, 2]},
								"south": {"uv": [50, 60], "uv_size": [1, 2]},
								"west": {"uv": [22, 54], "uv_size": [3, 2]},
								"up": {"uv": [20, 58], "uv_size": [1, 3]},
								"down": {"uv": [58, 30], "uv_size": [1, -3]}
							}
						},
						{
							"origin": [1.01868, 15.84754, 1.52589],
							"size": [0.8184, 2.046, 2.98716],
							"pivot": [-8.92488, 15.7657, 2.99901],
							"rotation": [17.25002, -2.99318, 9.54589],
							"uv": {
								"north": {"uv": [51, 60], "uv_size": [1, 2]},
								"east": {"uv": [54, 25], "uv_size": [3, 2]},
								"south": {"uv": [60, 51], "uv_size": [1, 2]},
								"west": {"uv": [54, 27], "uv_size": [3, 2]},
								"up": {"uv": [58, 30], "uv_size": [1, 3]},
								"down": {"uv": [36, 61], "uv_size": [1, -3]}
							}
						},
						{
							"origin": [2.35494, 17.73765, 1.47223],
							"size": [0.14322, 0.90024, 2.23014],
							"uv": {
								"north": {"uv": [59, 62], "uv_size": [1, 1]},
								"east": {"uv": [43, 60], "uv_size": [2, 1]},
								"south": {"uv": [62, 59], "uv_size": [1, 1]},
								"west": {"uv": [60, 43], "uv_size": [2, 1]},
								"up": {"uv": [24, 60], "uv_size": [1, 2]},
								"down": {"uv": [41, 62], "uv_size": [1, -2]}
							}
						},
						{
							"origin": [1.1478, 17.73765, 1.47223],
							"size": [0.14322, 0.90024, 2.23014],
							"uv": {
								"north": {"uv": [60, 62], "uv_size": [1, 1]},
								"east": {"uv": [45, 60], "uv_size": [2, 1]},
								"south": {"uv": [62, 60], "uv_size": [1, 1]},
								"west": {"uv": [47, 60], "uv_size": [2, 1]},
								"up": {"uv": [60, 47], "uv_size": [1, 2]},
								"down": {"uv": [49, 62], "uv_size": [1, -2]}
							}
						},
						{
							"origin": [1.1478, 17.73765, 0.83797],
							"size": [0.14322, 0.65472, 0.63426],
							"uv": {
								"north": {"uv": [63, 1], "uv_size": [1, 1]},
								"east": {"uv": [2, 63], "uv_size": [1, 1]},
								"south": {"uv": [63, 2], "uv_size": [1, 1]},
								"west": {"uv": [3, 63], "uv_size": [1, 1]},
								"up": {"uv": [63, 3], "uv_size": [1, 1]},
								"down": {"uv": [4, 64], "uv_size": [1, -1]}
							}
						},
						{
							"origin": [1.29102, 17.73765, 0.83797],
							"size": [1.06392, 0.65472, 0.14322],
							"uv": {
								"north": {"uv": [63, 4], "uv_size": [1, 1]},
								"east": {"uv": [5, 63], "uv_size": [1, 1]},
								"south": {"uv": [63, 5], "uv_size": [1, 1]},
								"west": {"uv": [6, 63], "uv_size": [1, 1]},
								"up": {"uv": [63, 6], "uv_size": [1, 1]},
								"down": {"uv": [7, 64], "uv_size": [1, -1]}
							}
						},
						{
							"origin": [2.35494, 17.73765, 0.83797],
							"size": [0.14322, 0.65472, 0.63426],
							"uv": {
								"north": {"uv": [61, 62], "uv_size": [1, 1]},
								"east": {"uv": [62, 61], "uv_size": [1, 1]},
								"south": {"uv": [62, 62], "uv_size": [1, 1]},
								"west": {"uv": [0, 63], "uv_size": [1, 1]},
								"up": {"uv": [63, 0], "uv_size": [1, 1]},
								"down": {"uv": [1, 64], "uv_size": [1, -1]}
							}
						},
						{
							"origin": [0.88182, 7.80287, 3.28789],
							"size": [1.88232, 0.28644, 0.87978],
							"pivot": [1.82298, 13.04063, 5.68171],
							"rotation": [17.5, 0, 0],
							"uv": {
								"north": {"uv": [34, 60], "uv_size": [2, 1]},
								"east": {"uv": [58, 62], "uv_size": [1, 1]},
								"south": {"uv": [37, 60], "uv_size": [2, 1]},
								"west": {"uv": [62, 58], "uv_size": [1, 1]},
								"up": {"uv": [60, 38], "uv_size": [2, 1]},
								"down": {"uv": [39, 61], "uv_size": [2, -1]}
							}
						}
					]
				},
				{
					"name": "bullet2",
					"parent": "magazine2",
					"pivot": [1.82298, 13.04063, 5.68171],
					"cubes": [
						{
							"origin": [1.41378, 17.95103, 1.83523],
							"size": [0.8184, 0.8184, 1.6368],
							"pivot": [1.82298, 18.36023, 2.48995],
							"rotation": [0, 0, 22.5],
							"uv": {
								"north": {"uv": [63, 7], "uv_size": [1, 1]},
								"east": {"uv": [53, 60], "uv_size": [2, 1]},
								"south": {"uv": [8, 63], "uv_size": [1, 1]},
								"west": {"uv": [60, 53], "uv_size": [2, 1]},
								"up": {"uv": [60, 54], "uv_size": [1, 2]},
								"down": {"uv": [55, 62], "uv_size": [1, -2]}
							}
						},
						{
							"origin": [1.49562, 18.03287, 1.09867],
							"size": [0.65472, 0.65472, 0.73656],
							"pivot": [1.82298, 18.36023, 2.48995],
							"rotation": [0, 0, 22.5],
							"uv": {
								"north": {"uv": [63, 8], "uv_size": [1, 1]},
								"east": {"uv": [9, 63], "uv_size": [1, 1]},
								"south": {"uv": [63, 9], "uv_size": [1, 1]},
								"west": {"uv": [10, 63], "uv_size": [1, 1]},
								"up": {"uv": [63, 10], "uv_size": [1, 1]},
								"down": {"uv": [11, 64], "uv_size": [1, -1]}
							}
						}
					]
				}
			]
		}
	]
}