{
	"format_version": "1.12.0",
	"minecraft:geometry": [
		{
			"description": {
				"identifier": "geometry.unknown",
				"texture_width": 128,
				"texture_height": 128,
				"visible_bounds_width": 8,
				"visible_bounds_height": 4,
				"visible_bounds_offset": [0, 1, 0]
			},
			"bones": [
				{
					"name": "main",
					"pivot": [0, 0, 0]
				},
				{
					"name": "gun",
					"parent": "main",
					"pivot": [0.4, 1, 14],
					"cubes": [
						{
							"origin": [-1.708, 18.608, 8.792],
							"size": [3.348, 3.72, 28.396],
							"uv": {
								"north": {"uv": [28, 28], "uv_size": [3, 3]},
								"east": {"uv": [0, 28], "uv_size": [28, 3]},
								"south": {"uv": [59, 28], "uv_size": [3, 3]},
								"west": {"uv": [31, 28], "uv_size": [28, 3]},
								"up": {"uv": [28, 0], "uv_size": [3, 28]},
								"down": {"uv": [31, 28], "uv_size": [3, -28]}
							}
						},
						{
							"origin": [-0.468, 13.772, 34.832],
							"size": [0.868, 4.216, 2.356],
							"uv": {
								"north": {"uv": [36, 32], "uv_size": [0, 4]},
								"east": {"uv": [34, 32], "uv_size": [2, 4]},
								"south": {"uv": [38, 32], "uv_size": [0, 4]},
								"west": {"uv": [36, 32], "uv_size": [2, 4]},
								"up": {"uv": [36, 30], "uv_size": [0, 2]},
								"down": {"uv": [36, 32], "uv_size": [0, -2]}
							}
						},
						{
							"origin": [-0.344, 13.772, 33.964],
							"size": [0.62, 4.588, 2.356],
							"pivot": [-0.034, 15.88, 34.15],
							"rotation": [20, 0, 0],
							"uv": {
								"north": {"uv": [26, 32], "uv_size": [0, 4]},
								"east": {"uv": [24, 32], "uv_size": [2, 4]},
								"south": {"uv": [28, 32], "uv_size": [0, 4]},
								"west": {"uv": [26, 32], "uv_size": [2, 4]},
								"up": {"uv": [26, 30], "uv_size": [0, 2]},
								"down": {"uv": [26, 32], "uv_size": [0, -2]}
							}
						},
						{
							"origin": [-0.096, 16.748, 32.848],
							"size": [0.124, 0.124, 1.116],
							"pivot": [-0.034, 15.88, 34.15],
							"rotation": [20, 0, 0],
							"uv": {
								"north": {"uv": [1, 1], "uv_size": [0, 0]},
								"east": {"uv": [0, 1], "uv_size": [1, 0]},
								"south": {"uv": [2, 1], "uv_size": [0, 0]},
								"west": {"uv": [1, 1], "uv_size": [1, 0]},
								"up": {"uv": [1, 0], "uv_size": [0, 1]},
								"down": {"uv": [1, 1], "uv_size": [0, -1]}
							}
						},
						{
							"origin": [-0.096, 14.02, 32.848],
							"size": [0.124, 2.728, 0.124],
							"pivot": [-0.034, 15.88, 34.15],
							"rotation": [20, 0, 0],
							"uv": {
								"north": {"uv": [0, 0], "uv_size": [0, 2]},
								"east": {"uv": [0, 0], "uv_size": [0, 2]},
								"south": {"uv": [0, 0], "uv_size": [0, 2]},
								"west": {"uv": [0, 0], "uv_size": [0, 2]},
								"up": {"uv": [0, 0], "uv_size": [0, 0]},
								"down": {"uv": [0, 0], "uv_size": [0, 0]}
							}
						},
						{
							"origin": [-0.096, 13.896, 32.848],
							"size": [0.124, 0.124, 1.116],
							"pivot": [-0.034, 15.88, 34.15],
							"rotation": [20, 0, 0],
							"uv": {
								"north": {"uv": [1, 1], "uv_size": [0, 0]},
								"east": {"uv": [0, 1], "uv_size": [1, 0]},
								"south": {"uv": [2, 1], "uv_size": [0, 0]},
								"west": {"uv": [1, 1], "uv_size": [1, 0]},
								"up": {"uv": [1, 0], "uv_size": [0, 1]},
								"down": {"uv": [1, 1], "uv_size": [0, -1]}
							}
						},
						{
							"origin": [-2.328, 13.896, 37.188],
							"size": [4.588, 12.4, 1.984],
							"uv": {
								"north": {"uv": [1, 15], "uv_size": [4, 12]},
								"east": {"uv": [0, 15], "uv_size": [1, 12]},
								"south": {"uv": [6, 15], "uv_size": [4, 12]},
								"west": {"uv": [5, 15], "uv_size": [1, 12]},
								"up": {"uv": [1, 14], "uv_size": [4, 1]},
								"down": {"uv": [5, 15], "uv_size": [4, -1]}
							}
						},
						{
							"origin": [-1.088, 12.656, 37.188],
							"size": [2.108, 1.24, 1.984],
							"uv": {
								"north": {"uv": [25, 37], "uv_size": [2, 1]},
								"east": {"uv": [24, 37], "uv_size": [1, 1]},
								"south": {"uv": [28, 37], "uv_size": [2, 1]},
								"west": {"uv": [27, 37], "uv_size": [1, 1]},
								"up": {"uv": [25, 36], "uv_size": [2, 1]},
								"down": {"uv": [27, 37], "uv_size": [2, -1]}
							}
						},
						{
							"origin": [-2.576, 13.276, 37.1756],
							"size": [1.736, 1.116, 1.984],
							"pivot": [-1.708, 13.276, 38.18],
							"rotation": [0, 0, 45],
							"uv": {
								"north": {"uv": [51, 16], "uv_size": [1, 1]},
								"east": {"uv": [50, 16], "uv_size": [1, 1]},
								"south": {"uv": [53, 16], "uv_size": [1, 1]},
								"west": {"uv": [52, 16], "uv_size": [1, 1]},
								"up": {"uv": [51, 15], "uv_size": [1, 1]},
								"down": {"uv": [52, 16], "uv_size": [1, -1]}
							}
						},
						{
							"origin": [17.14, 3.728, 37.1756],
							"size": [1.736, 1.116, 1.984],
							"pivot": [-1.708, -11.276, 38.18],
							"rotation": [0, 0, -45],
							"uv": {
								"north": {"uv": [49, 26], "uv_size": [1, 1]},
								"east": {"uv": [48, 26], "uv_size": [1, 1]},
								"south": {"uv": [51, 26], "uv_size": [1, 1]},
								"west": {"uv": [50, 26], "uv_size": [1, 1]},
								"up": {"uv": [49, 25], "uv_size": [1, 1]},
								"down": {"uv": [50, 26], "uv_size": [1, -1]}
							}
						},
						{
							"origin": [-1.088, 15.012, 21.068],
							"size": [2.108, 3.348, 2.232],
							"uv": {
								"north": {"uv": [51, 2], "uv_size": [2, 3]},
								"east": {"uv": [49, 2], "uv_size": [2, 3]},
								"south": {"uv": [55, 2], "uv_size": [2, 3]},
								"west": {"uv": [53, 2], "uv_size": [2, 3]},
								"up": {"uv": [51, 0], "uv_size": [2, 2]},
								"down": {"uv": [53, 2], "uv_size": [2, -2]}
							}
						},
						{
							"origin": [-0.592, 13.4, 21.192],
							"size": [1.116, 1.86, 0.372],
							"pivot": [-0.034, 14.392, 21.254],
							"rotation": [5, 0, 0],
							"uv": {
								"north": {"uv": [6, 0], "uv_size": [1, 1]},
								"east": {"uv": [6, 0], "uv_size": [0, 1]},
								"south": {"uv": [7, 0], "uv_size": [1, 1]},
								"west": {"uv": [7, 0], "uv_size": [0, 1]},
								"up": {"uv": [6, 0], "uv_size": [1, 0]},
								"down": {"uv": [7, 0], "uv_size": [1, 0]}
							}
						},
						{
							"origin": [-0.964, 16.128, 20.82],
							"size": [1.86, 2.232, 0.744],
							"pivot": [-0.034, 17.244, 20.696],
							"rotation": [17.5, 0, 0],
							"uv": {
								"north": {"uv": [0, 0], "uv_size": [1, 2]},
								"east": {"uv": [0, 0], "uv_size": [0, 2]},
								"south": {"uv": [1, 0], "uv_size": [1, 2]},
								"west": {"uv": [1, 0], "uv_size": [0, 2]},
								"up": {"uv": [0, 0], "uv_size": [1, 0]},
								"down": {"uv": [1, 0], "uv_size": [1, 0]}
							}
						},
						{
							"origin": [-1.46, 22.328, 28.384],
							"size": [2.852, 2.232, 6.324],
							"uv": {
								"north": {"uv": [30, 38], "uv_size": [2, 2]},
								"east": {"uv": [24, 38], "uv_size": [6, 2]},
								"south": {"uv": [38, 38], "uv_size": [2, 2]},
								"west": {"uv": [32, 38], "uv_size": [6, 2]},
								"up": {"uv": [30, 32], "uv_size": [2, 6]},
								"down": {"uv": [32, 38], "uv_size": [2, -6]}
							}
						},
						{
							"origin": [0.9084, 22.328, 10.9],
							"size": [0.496, 2.232, 17.484],
							"uv": {
								"north": {"uv": [57, 18], "uv_size": [0, 2]},
								"east": {"uv": [40, 18], "uv_size": [17, 2]},
								"south": {"uv": [74, 18], "uv_size": [0, 2]},
								"west": {"uv": [57, 18], "uv_size": [17, 2]},
								"up": {"uv": [57, 1], "uv_size": [0, 17]},
								"down": {"uv": [57, 18], "uv_size": [0, -17]}
							}
						},
						{
							"origin": [-1.46, 22.328, 7.304],
							"size": [2.852, 2.232, 3.596],
							"uv": {
								"north": {"uv": [12, 67], "uv_size": [2, 2]},
								"east": {"uv": [9, 67], "uv_size": [3, 2]},
								"south": {"uv": [17, 67], "uv_size": [2, 2]},
								"west": {"uv": [14, 67], "uv_size": [3, 2]},
								"up": {"uv": [12, 64], "uv_size": [2, 3]},
								"down": {"uv": [14, 67], "uv_size": [2, -3]}
							}
						},
						{
							"origin": [-1.46, 23.816, 19.456],
							"size": [2.852, 0.744, 8.928],
							"uv": {
								"north": {"uv": [8, 8], "uv_size": [2, 0]},
								"east": {"uv": [0, 8], "uv_size": [8, 0]},
								"south": {"uv": [18, 8], "uv_size": [2, 0]},
								"west": {"uv": [10, 8], "uv_size": [8, 0]},
								"up": {"uv": [8, 0], "uv_size": [2, 8]},
								"down": {"uv": [10, 8], "uv_size": [2, -8]}
							}
						},
						{
							"origin": [-1.46124, 22.328, 27.64],
							"size": [2.232, 2.232, 0.992],
							"pivot": [-0.344, 23.444, 28.26],
							"rotation": [42.5, 0, 0],
							"uv": {
								"north": {"uv": [58, 25], "uv_size": [2, 2]},
								"east": {"uv": [58, 25], "uv_size": [0, 2]},
								"south": {"uv": [60, 25], "uv_size": [2, 2]},
								"west": {"uv": [60, 25], "uv_size": [0, 2]},
								"up": {"uv": [58, 25], "uv_size": [2, 0]},
								"down": {"uv": [60, 25], "uv_size": [2, 0]}
							}
						},
						{
							"origin": [-0.716, 24.56, 19.456],
							"size": [1.364, 1.2524, 13.764],
							"uv": {
								"north": {"uv": [13, 27], "uv_size": [1, 1]},
								"east": {"uv": [0, 27], "uv_size": [13, 1]},
								"south": {"uv": [27, 27], "uv_size": [1, 1]},
								"west": {"uv": [14, 27], "uv_size": [13, 1]},
								"up": {"uv": [13, 14], "uv_size": [1, 13]},
								"down": {"uv": [14, 27], "uv_size": [1, -13]}
							}
						},
						{
							"origin": [-0.468, 24.9444, 33.344],
							"size": [0.868, 0.7564, 3.844],
							"uv": {
								"north": {"uv": [3, 3], "uv_size": [0, 0]},
								"east": {"uv": [0, 3], "uv_size": [3, 0]},
								"south": {"uv": [6, 3], "uv_size": [0, 0]},
								"west": {"uv": [3, 3], "uv_size": [3, 0]},
								"up": {"uv": [3, 0], "uv_size": [0, 3]},
								"down": {"uv": [3, 3], "uv_size": [0, -3]}
							}
						},
						{
							"origin": [-0.468, 25.428, 33.344],
							"size": [0.868, 0.2604, 4.092],
							"pivot": [-0.034, 25.5582, 33.282],
							"rotation": [0, -12.5, 0],
							"uv": {
								"north": {"uv": [4, 4], "uv_size": [0, 0]},
								"east": {"uv": [0, 4], "uv_size": [4, 0]},
								"south": {"uv": [8, 4], "uv_size": [0, 0]},
								"west": {"uv": [4, 4], "uv_size": [4, 0]},
								"up": {"uv": [4, 0], "uv_size": [0, 4]},
								"down": {"uv": [4, 4], "uv_size": [0, -4]}
							}
						},
						{
							"origin": [-0.468, 25.428, 33.344],
							"size": [0.868, 0.2604, 4.092],
							"pivot": [-0.034, 25.5582, 33.282],
							"rotation": [0, 12.5, 0],
							"uv": {
								"north": {"uv": [4, 4], "uv_size": [0, 0]},
								"east": {"uv": [0, 4], "uv_size": [4, 0]},
								"south": {"uv": [8, 4], "uv_size": [0, 0]},
								"west": {"uv": [4, 4], "uv_size": [4, 0]},
								"up": {"uv": [4, 0], "uv_size": [0, 4]},
								"down": {"uv": [4, 4], "uv_size": [0, -4]}
							}
						},
						{
							"origin": [-0.22, 22.328, 35.824],
							"size": [0.372, 2.6164, 1.364],
							"uv": {
								"north": {"uv": [17, 11], "uv_size": [0, 2]},
								"east": {"uv": [16, 11], "uv_size": [1, 2]},
								"south": {"uv": [18, 11], "uv_size": [0, 2]},
								"west": {"uv": [17, 11], "uv_size": [1, 2]},
								"up": {"uv": [17, 10], "uv_size": [0, 1]},
								"down": {"uv": [17, 11], "uv_size": [0, -1]}
							}
						},
						{
							"origin": [-0.716, 24.932, 10.9],
							"size": [1.364, 0.8804, 8.556],
							"uv": {
								"north": {"uv": [12, 8], "uv_size": [1, 0]},
								"east": {"uv": [4, 8], "uv_size": [8, 0]},
								"south": {"uv": [21, 8], "uv_size": [1, 0]},
								"west": {"uv": [13, 8], "uv_size": [8, 0]},
								"up": {"uv": [12, 0], "uv_size": [1, 8]},
								"down": {"uv": [13, 8], "uv_size": [1, -8]}
							}
						},
						{
							"origin": [-0.716, 24.436, 32.972],
							"size": [1.364, 1.8724, 0.992],
							"pivot": [-0.034, 25.1862, 34.212],
							"rotation": [45, 0, 0],
							"uv": {
								"north": {"uv": [38, 33], "uv_size": [1, 1]},
								"east": {"uv": [38, 33], "uv_size": [0, 1]},
								"south": {"uv": [39, 33], "uv_size": [1, 1]},
								"west": {"uv": [39, 33], "uv_size": [0, 1]},
								"up": {"uv": [38, 33], "uv_size": [1, 0]},
								"down": {"uv": [39, 33], "uv_size": [1, 0]}
							}
						},
						{
							"origin": [-1.088, 24.436, 19.456],
							"size": [0.62, 1.4756, 13.764],
							"pivot": [-1.088, 25.18, 31.174],
							"rotation": [0, 0, 30],
							"uv": {
								"north": {"uv": [53, 20], "uv_size": [0, 1]},
								"east": {"uv": [40, 20], "uv_size": [13, 1]},
								"south": {"uv": [66, 20], "uv_size": [0, 1]},
								"west": {"uv": [53, 20], "uv_size": [13, 1]},
								"up": {"uv": [53, 7], "uv_size": [0, 13]},
								"down": {"uv": [53, 20], "uv_size": [0, -13]}
							}
						},
						{
							"origin": [-1.088, 25.18, 10.9],
							"size": [0.62, 0.7316, 8.556],
							"pivot": [-1.088, 25.18, 31.174],
							"rotation": [0, 0, 30],
							"uv": {
								"north": {"uv": [8, 8], "uv_size": [0, 0]},
								"east": {"uv": [0, 8], "uv_size": [8, 0]},
								"south": {"uv": [16, 8], "uv_size": [0, 0]},
								"west": {"uv": [8, 8], "uv_size": [8, 0]},
								"up": {"uv": [8, 0], "uv_size": [0, 8]},
								"down": {"uv": [8, 8], "uv_size": [0, -8]}
							}
						},
						{
							"origin": [0.5116, 24.87, 10.9],
							"size": [0.62, 1.4756, 22.32],
							"pivot": [1.888, 25.18, 31.174],
							"rotation": [0, 0, -30],
							"uv": {
								"north": {"uv": [22, 31], "uv_size": [0, 1]},
								"east": {"uv": [0, 31], "uv_size": [22, 1]},
								"south": {"uv": [44, 31], "uv_size": [0, 1]},
								"west": {"uv": [22, 31], "uv_size": [22, 1]},
								"up": {"uv": [22, 9], "uv_size": [0, 22]},
								"down": {"uv": [22, 31], "uv_size": [0, -22]}
							}
						},
						{
							"origin": [-1.088, 24.436, 7.304],
							"size": [0.62, 1.4756, 3.596],
							"pivot": [-1.088, 25.18, 8.854],
							"rotation": [0, 0, 30],
							"uv": {
								"north": {"uv": [19, 9], "uv_size": [0, 1]},
								"east": {"uv": [16, 9], "uv_size": [3, 1]},
								"south": {"uv": [22, 9], "uv_size": [0, 1]},
								"west": {"uv": [19, 9], "uv_size": [3, 1]},
								"up": {"uv": [19, 6], "uv_size": [0, 3]},
								"down": {"uv": [19, 9], "uv_size": [0, -3]}
							}
						},
						{
							"origin": [-0.716, 24.56, 7.304],
							"size": [1.364, 1.2524, 3.596],
							"uv": {
								"north": {"uv": [26, 67], "uv_size": [1, 1]},
								"east": {"uv": [23, 67], "uv_size": [3, 1]},
								"south": {"uv": [30, 67], "uv_size": [1, 1]},
								"west": {"uv": [27, 67], "uv_size": [3, 1]},
								"up": {"uv": [26, 64], "uv_size": [1, 3]},
								"down": {"uv": [27, 67], "uv_size": [1, -3]}
							}
						},
						{
							"origin": [-0.468, 25.8, 9.536],
							"size": [0.868, 1.0044, 0.992],
							"uv": {
								"north": {"uv": [0, 0], "uv_size": [0, 1]},
								"east": {"uv": [0, 0], "uv_size": [0, 1]},
								"south": {"uv": [0, 0], "uv_size": [0, 1]},
								"west": {"uv": [0, 0], "uv_size": [0, 1]},
								"up": {"uv": [0, 0], "uv_size": [0, 0]},
								"down": {"uv": [0, 0], "uv_size": [0, 0]}
							}
						},
						{
							"origin": [-0.468, 26.792, 9.66],
							"size": [0.868, 1.0044, 0.868],
							"uv": {
								"north": {"uv": [0, 0], "uv_size": [0, 1]},
								"east": {"uv": [0, 0], "uv_size": [0, 1]},
								"south": {"uv": [0, 0], "uv_size": [0, 1]},
								"west": {"uv": [0, 0], "uv_size": [0, 1]},
								"up": {"uv": [0, 0], "uv_size": [0, 0]},
								"down": {"uv": [0, 0], "uv_size": [0, 0]}
							}
						},
						{
							"origin": [-0.4556, 25.8, 10.714],
							"size": [0.124, 1.9964, 0.496],
							"pivot": [-0.406, 27.06547, 10.87117],
							"rotation": [50, 0, 0],
							"uv": {
								"north": {"uv": [0, 0], "uv_size": [0, 1]},
								"east": {"uv": [0, 0], "uv_size": [0, 1]},
								"south": {"uv": [0, 0], "uv_size": [0, 1]},
								"west": {"uv": [0, 0], "uv_size": [0, 1]},
								"up": {"uv": [0, 0], "uv_size": [0, 0]},
								"down": {"uv": [0, 0], "uv_size": [0, 0]}
							}
						},
						{
							"origin": [-0.4556, 26.296, 10.218],
							"size": [0.124, 1.3764, 0.496],
							"pivot": [-0.406, 27.06547, 10.87117],
							"rotation": [50, 0, 0],
							"uv": {
								"north": {"uv": [0, 0], "uv_size": [0, 1]},
								"east": {"uv": [0, 0], "uv_size": [0, 1]},
								"south": {"uv": [0, 0], "uv_size": [0, 1]},
								"west": {"uv": [0, 0], "uv_size": [0, 1]},
								"up": {"uv": [0, 0], "uv_size": [0, 0]},
								"down": {"uv": [0, 0], "uv_size": [0, 0]}
							}
						},
						{
							"origin": [-0.468, 25.924, 10.528],
							"size": [0.124, 0.6324, 3.348],
							"uv": {
								"north": {"uv": [3, 3], "uv_size": [0, 0]},
								"east": {"uv": [0, 3], "uv_size": [3, 0]},
								"south": {"uv": [6, 3], "uv_size": [0, 0]},
								"west": {"uv": [3, 3], "uv_size": [3, 0]},
								"up": {"uv": [3, 0], "uv_size": [0, 3]},
								"down": {"uv": [3, 3], "uv_size": [0, -3]}
							}
						},
						{
							"origin": [0.2636, 25.8, 10.714],
							"size": [0.124, 1.9964, 0.496],
							"pivot": [0.338, 27.06547, 10.87117],
							"rotation": [50, 0, 0],
							"uv": {
								"north": {"uv": [0, 0], "uv_size": [0, 1]},
								"east": {"uv": [0, 0], "uv_size": [0, 1]},
								"south": {"uv": [0, 0], "uv_size": [0, 1]},
								"west": {"uv": [0, 0], "uv_size": [0, 1]},
								"up": {"uv": [0, 0], "uv_size": [0, 0]},
								"down": {"uv": [0, 0], "uv_size": [0, 0]}
							}
						},
						{
							"origin": [0.2636, 26.296, 10.218],
							"size": [0.124, 1.3764, 0.496],
							"pivot": [0.338, 27.06547, 10.87117],
							"rotation": [50, 0, 0],
							"uv": {
								"north": {"uv": [0, 0], "uv_size": [0, 1]},
								"east": {"uv": [0, 0], "uv_size": [0, 1]},
								"south": {"uv": [0, 0], "uv_size": [0, 1]},
								"west": {"uv": [0, 0], "uv_size": [0, 1]},
								"up": {"uv": [0, 0], "uv_size": [0, 0]},
								"down": {"uv": [0, 0], "uv_size": [0, 0]}
							}
						},
						{
							"origin": [0.276, 25.924, 10.528],
							"size": [0.124, 0.6324, 3.348],
							"uv": {
								"north": {"uv": [3, 3], "uv_size": [0, 0]},
								"east": {"uv": [0, 3], "uv_size": [3, 0]},
								"south": {"uv": [6, 3], "uv_size": [0, 0]},
								"west": {"uv": [3, 3], "uv_size": [3, 0]},
								"up": {"uv": [3, 0], "uv_size": [0, 3]},
								"down": {"uv": [3, 3], "uv_size": [0, -3]}
							}
						},
						{
							"origin": [-0.344, 25.924, 10.528],
							"size": [0.62, 0.1364, 3.348],
							"uv": {
								"north": {"uv": [3, 3], "uv_size": [0, 0]},
								"east": {"uv": [0, 3], "uv_size": [3, 0]},
								"south": {"uv": [6, 3], "uv_size": [0, 0]},
								"west": {"uv": [3, 3], "uv_size": [3, 0]},
								"up": {"uv": [3, 0], "uv_size": [0, 3]},
								"down": {"uv": [3, 3], "uv_size": [0, -3]}
							}
						},
						{
							"origin": [0.5116, 24.87, 7.304],
							"size": [0.62, 1.4756, 3.596],
							"pivot": [1.888, 25.18, 8.854],
							"rotation": [0, 0, -30],
							"uv": {
								"north": {"uv": [19, 10], "uv_size": [0, 1]},
								"east": {"uv": [16, 10], "uv_size": [3, 1]},
								"south": {"uv": [22, 10], "uv_size": [0, 1]},
								"west": {"uv": [19, 10], "uv_size": [3, 1]},
								"up": {"uv": [19, 7], "uv_size": [0, 3]},
								"down": {"uv": [19, 10], "uv_size": [0, -3]}
							}
						},
						{
							"origin": [-1.46, 22.328, 34.708],
							"size": [2.852, 1.116, 1.116],
							"uv": {
								"north": {"uv": [35, 37], "uv_size": [2, 1]},
								"east": {"uv": [34, 37], "uv_size": [1, 1]},
								"south": {"uv": [38, 37], "uv_size": [2, 1]},
								"west": {"uv": [37, 37], "uv_size": [1, 1]},
								"up": {"uv": [35, 36], "uv_size": [2, 1]},
								"down": {"uv": [37, 37], "uv_size": [2, -1]}
							}
						},
						{
							"origin": [-1.46124, 23.258, 34.4104],
							"size": [2.852, 1.5996, 0.868],
							"pivot": [-0.034, 24.002, 35.328],
							"rotation": [45, 0, 0],
							"uv": {
								"north": {"uv": [40, 4], "uv_size": [2, 1]},
								"east": {"uv": [40, 4], "uv_size": [0, 1]},
								"south": {"uv": [42, 4], "uv_size": [2, 1]},
								"west": {"uv": [42, 4], "uv_size": [0, 1]},
								"up": {"uv": [40, 4], "uv_size": [2, 0]},
								"down": {"uv": [42, 4], "uv_size": [2, 0]}
							}
						},
						{
							"origin": [-0.84, 23.32, 6.808],
							"size": [1.612, 2.7528, 0.496],
							"uv": {
								"north": {"uv": [25, 25], "uv_size": [1, 2]},
								"east": {"uv": [25, 25], "uv_size": [0, 2]},
								"south": {"uv": [26, 25], "uv_size": [1, 2]},
								"west": {"uv": [26, 25], "uv_size": [0, 2]},
								"up": {"uv": [25, 25], "uv_size": [1, 0]},
								"down": {"uv": [26, 25], "uv_size": [1, 0]}
							}
						},
						{
							"origin": [-1.584, 23.32, 6.808],
							"size": [0.744, 1.736, 0.496],
							"uv": {
								"north": {"uv": [0, 0], "uv_size": [0, 1]},
								"east": {"uv": [0, 0], "uv_size": [0, 1]},
								"south": {"uv": [0, 0], "uv_size": [0, 1]},
								"west": {"uv": [0, 0], "uv_size": [0, 1]},
								"up": {"uv": [0, 0], "uv_size": [0, 0]},
								"down": {"uv": [0, 0], "uv_size": [0, 0]}
							}
						},
						{
							"origin": [-1.30973, 24.746, 6.8142],
							"size": [0.744, 1.24, 0.496],
							"pivot": [-0.93773, 25.30068, 7.056],
							"rotation": [0, 0, 35.5],
							"uv": {
								"north": {"uv": [0, 0], "uv_size": [0, 1]},
								"east": {"uv": [0, 0], "uv_size": [0, 1]},
								"south": {"uv": [0, 0], "uv_size": [0, 1]},
								"west": {"uv": [0, 0], "uv_size": [0, 1]},
								"up": {"uv": [0, 0], "uv_size": [0, 0]},
								"down": {"uv": [0, 0], "uv_size": [0, 0]}
							}
						},
						{
							"origin": [0.6604, 25.242, 6.8142],
							"size": [0.744, 1.24, 0.496],
							"pivot": [1.73773, 25.30068, 7.056],
							"rotation": [0, 0, -35.5],
							"uv": {
								"north": {"uv": [0, 0], "uv_size": [0, 1]},
								"east": {"uv": [0, 0], "uv_size": [0, 1]},
								"south": {"uv": [0, 0], "uv_size": [0, 1]},
								"west": {"uv": [0, 0], "uv_size": [0, 1]},
								"up": {"uv": [0, 0], "uv_size": [0, 0]},
								"down": {"uv": [0, 0], "uv_size": [0, 0]}
							}
						},
						{
							"origin": [0.772, 23.32, 6.808],
							"size": [0.744, 1.736, 0.496],
							"uv": {
								"north": {"uv": [0, 0], "uv_size": [0, 1]},
								"east": {"uv": [0, 0], "uv_size": [0, 1]},
								"south": {"uv": [0, 0], "uv_size": [0, 1]},
								"west": {"uv": [0, 0], "uv_size": [0, 1]},
								"up": {"uv": [0, 0], "uv_size": [0, 0]},
								"down": {"uv": [0, 0], "uv_size": [0, 0]}
							}
						},
						{
							"origin": [0.6604, 25.242, -5.5858],
							"size": [0.744, 1.24, 0.496],
							"pivot": [1.73773, 25.30068, -5.344],
							"rotation": [0, 0, -35.5],
							"uv": {
								"north": {"uv": [0, 0], "uv_size": [0, 1]},
								"east": {"uv": [0, 0], "uv_size": [0, 1]},
								"south": {"uv": [0, 0], "uv_size": [0, 1]},
								"west": {"uv": [0, 0], "uv_size": [0, 1]},
								"up": {"uv": [0, 0], "uv_size": [0, 0]},
								"down": {"uv": [0, 0], "uv_size": [0, 0]}
							}
						},
						{
							"origin": [0.772, 23.32, -5.592],
							"size": [0.744, 1.736, 0.496],
							"uv": {
								"north": {"uv": [0, 0], "uv_size": [0, 1]},
								"east": {"uv": [0, 0], "uv_size": [0, 1]},
								"south": {"uv": [0, 0], "uv_size": [0, 1]},
								"west": {"uv": [0, 0], "uv_size": [0, 1]},
								"up": {"uv": [0, 0], "uv_size": [0, 0]},
								"down": {"uv": [0, 0], "uv_size": [0, 0]}
							}
						},
						{
							"origin": [-0.84, 23.32, -5.592],
							"size": [1.612, 2.7528, 0.496],
							"uv": {
								"north": {"uv": [22, 12], "uv_size": [1, 2]},
								"east": {"uv": [22, 12], "uv_size": [0, 2]},
								"south": {"uv": [23, 12], "uv_size": [1, 2]},
								"west": {"uv": [23, 12], "uv_size": [0, 2]},
								"up": {"uv": [22, 12], "uv_size": [1, 0]},
								"down": {"uv": [23, 12], "uv_size": [1, 0]}
							}
						},
						{
							"origin": [-1.584, 23.32, -5.592],
							"size": [0.744, 1.736, 0.496],
							"uv": {
								"north": {"uv": [0, 0], "uv_size": [0, 1]},
								"east": {"uv": [0, 0], "uv_size": [0, 1]},
								"south": {"uv": [0, 0], "uv_size": [0, 1]},
								"west": {"uv": [0, 0], "uv_size": [0, 1]},
								"up": {"uv": [0, 0], "uv_size": [0, 0]},
								"down": {"uv": [0, 0], "uv_size": [0, 0]}
							}
						},
						{
							"origin": [-1.30973, 24.746, -5.5858],
							"size": [0.744, 1.24, 0.496],
							"pivot": [-0.93773, 25.30068, -5.344],
							"rotation": [0, 0, 35.5],
							"uv": {
								"north": {"uv": [0, 0], "uv_size": [0, 1]},
								"east": {"uv": [0, 0], "uv_size": [0, 1]},
								"south": {"uv": [0, 0], "uv_size": [0, 1]},
								"west": {"uv": [0, 0], "uv_size": [0, 1]},
								"up": {"uv": [0, 0], "uv_size": [0, 0]},
								"down": {"uv": [0, 0], "uv_size": [0, 0]}
							}
						},
						{
							"origin": [0.67342, 25.3381, -5.17629],
							"size": [0.7812, 1.302, 12.1768],
							"pivot": [1.80462, 25.39971, -4.9224],
							"rotation": [0, 0, -35.5],
							"uv": {
								"north": {"uv": [51, 22], "uv_size": [0, 1]},
								"east": {"uv": [39, 22], "uv_size": [12, 1]},
								"south": {"uv": [63, 22], "uv_size": [0, 1]},
								"west": {"uv": [51, 22], "uv_size": [12, 1]},
								"up": {"uv": [51, 10], "uv_size": [0, 12]},
								"down": {"uv": [51, 22], "uv_size": [0, -12]}
							}
						},
						{
							"origin": [0.7906, 23.32, -5.1828],
							"size": [0.7812, 1.8228, 12.1768],
							"uv": {
								"north": {"uv": [51, 22], "uv_size": [0, 1]},
								"east": {"uv": [39, 22], "uv_size": [12, 1]},
								"south": {"uv": [63, 22], "uv_size": [0, 1]},
								"west": {"uv": [51, 22], "uv_size": [12, 1]},
								"up": {"uv": [51, 10], "uv_size": [0, 12]},
								"down": {"uv": [51, 22], "uv_size": [0, -12]}
							}
						},
						{
							"origin": [-0.902, 23.32, -5.1828],
							"size": [1.6926, 2.89044, 12.1768],
							"uv": {
								"north": {"uv": [71, 12], "uv_size": [1, 2]},
								"east": {"uv": [59, 12], "uv_size": [12, 2]},
								"south": {"uv": [84, 12], "uv_size": [1, 2]},
								"west": {"uv": [72, 12], "uv_size": [12, 2]},
								"up": {"uv": [71, 0], "uv_size": [1, 12]},
								"down": {"uv": [72, 12], "uv_size": [1, -12]}
							}
						},
						{
							"origin": [-1.6832, 23.32, -5.1828],
							"size": [0.7812, 1.8228, 12.1768],
							"uv": {
								"north": {"uv": [52, 23], "uv_size": [0, 1]},
								"east": {"uv": [40, 23], "uv_size": [12, 1]},
								"south": {"uv": [64, 23], "uv_size": [0, 1]},
								"west": {"uv": [52, 23], "uv_size": [12, 1]},
								"up": {"uv": [52, 11], "uv_size": [0, 12]},
								"down": {"uv": [52, 23], "uv_size": [0, -12]}
							}
						},
						{
							"origin": [-1.39522, 24.8173, -5.17629],
							"size": [0.7812, 1.302, 12.1768],
							"pivot": [-1.00462, 25.39971, -4.9224],
							"rotation": [0, 0, 35.5],
							"uv": {
								"north": {"uv": [52, 24], "uv_size": [0, 1]},
								"east": {"uv": [40, 24], "uv_size": [12, 1]},
								"south": {"uv": [64, 24], "uv_size": [0, 1]},
								"west": {"uv": [52, 24], "uv_size": [12, 1]},
								"up": {"uv": [52, 12], "uv_size": [0, 12]},
								"down": {"uv": [52, 24], "uv_size": [0, -12]}
							}
						},
						{
							"origin": [-1.708, 18.608, -2.864],
							"size": [3.348, 4.712, 11.656],
							"uv": {
								"north": {"uv": [67, 31], "uv_size": [3, 4]},
								"east": {"uv": [56, 31], "uv_size": [11, 4]},
								"south": {"uv": [81, 31], "uv_size": [3, 4]},
								"west": {"uv": [70, 31], "uv_size": [11, 4]},
								"up": {"uv": [67, 20], "uv_size": [3, 11]},
								"down": {"uv": [70, 31], "uv_size": [3, -11]}
							}
						},
						{
							"origin": [-1.708, 17.616, -1.376],
							"size": [3.348, 0.992, 6.076],
							"uv": {
								"north": {"uv": [2, 9], "uv_size": [3, 0]},
								"east": {"uv": [-4, 9], "uv_size": [6, 0]},
								"south": {"uv": [11, 9], "uv_size": [3, 0]},
								"west": {"uv": [5, 9], "uv_size": [6, 0]},
								"up": {"uv": [2, 3], "uv_size": [3, 6]},
								"down": {"uv": [5, 9], "uv_size": [3, -6]}
							}
						},
						{
							"origin": [-1.46, 15.508, -1.376],
							"size": [2.852, 2.108, 5.208],
							"uv": {
								"north": {"uv": [69, 47], "uv_size": [2, 2]},
								"east": {"uv": [64, 47], "uv_size": [5, 2]},
								"south": {"uv": [76, 47], "uv_size": [2, 2]},
								"west": {"uv": [71, 47], "uv_size": [5, 2]},
								"up": {"uv": [69, 42], "uv_size": [2, 5]},
								"down": {"uv": [71, 47], "uv_size": [2, -5]}
							}
						},
						{
							"origin": [-0.344, 16.748, -3.98],
							"size": [0.62, 0.62, 2.604],
							"pivot": [-0.034, 17.058, -2.678],
							"rotation": [0, 0, -45],
							"uv": {
								"north": {"uv": [2, 2], "uv_size": [0, 0]},
								"east": {"uv": [0, 2], "uv_size": [2, 0]},
								"south": {"uv": [4, 2], "uv_size": [0, 0]},
								"west": {"uv": [2, 2], "uv_size": [2, 0]},
								"up": {"uv": [2, 0], "uv_size": [0, 2]},
								"down": {"uv": [2, 2], "uv_size": [0, -2]}
							}
						},
						{
							"origin": [-0.468, 16.5, -4.848],
							"size": [0.868, 1.116, 0.868],
							"uv": {
								"north": {"uv": [0, 0], "uv_size": [0, 1]},
								"east": {"uv": [0, 0], "uv_size": [0, 1]},
								"south": {"uv": [0, 0], "uv_size": [0, 1]},
								"west": {"uv": [0, 0], "uv_size": [0, 1]},
								"up": {"uv": [0, 0], "uv_size": [0, 0]},
								"down": {"uv": [0, 0], "uv_size": [0, 0]}
							}
						},
						{
							"origin": [-0.468, 17.492, -4.972],
							"size": [0.868, 1.736, 0.868],
							"pivot": [-0.034, 17.926, -4.414],
							"rotation": [20, 0, 0],
							"uv": {
								"north": {"uv": [0, 0], "uv_size": [0, 1]},
								"east": {"uv": [0, 0], "uv_size": [0, 1]},
								"south": {"uv": [0, 0], "uv_size": [0, 1]},
								"west": {"uv": [0, 0], "uv_size": [0, 1]},
								"up": {"uv": [0, 0], "uv_size": [0, 0]},
								"down": {"uv": [0, 0], "uv_size": [0, 0]}
							}
						},
						{
							"origin": [-0.468, 13.152, -16.008],
							"size": [0.868, 1.736, 0.868],
							"pivot": [-0.034, -15.926, -4.414],
							"rotation": [-20, 0, 0],
							"uv": {
								"north": {"uv": [0, 0], "uv_size": [0, 1]},
								"east": {"uv": [0, 0], "uv_size": [0, 1]},
								"south": {"uv": [0, 0], "uv_size": [0, 1]},
								"west": {"uv": [0, 0], "uv_size": [0, 1]},
								"up": {"uv": [0, 0], "uv_size": [0, 0]},
								"down": {"uv": [0, 0], "uv_size": [0, 0]}
							}
						},
						{
							"origin": [-0.592, 13.4, -8.072],
							"size": [1.116, 1.736, 3.224],
							"uv": {
								"north": {"uv": [59, 38], "uv_size": [1, 1]},
								"east": {"uv": [56, 38], "uv_size": [3, 1]},
								"south": {"uv": [63, 38], "uv_size": [1, 1]},
								"west": {"uv": [60, 38], "uv_size": [3, 1]},
								"up": {"uv": [59, 35], "uv_size": [1, 3]},
								"down": {"uv": [60, 38], "uv_size": [1, -3]}
							}
						},
						{
							"origin": [-0.592, 14.99479, -5.47468],
							"size": [1.116, 0.62, 4.712],
							"pivot": [-0.034, 15.80079, -3.11868],
							"rotation": [17.5, 0, 0],
							"uv": {
								"north": {"uv": [4, 12], "uv_size": [1, 0]},
								"east": {"uv": [0, 12], "uv_size": [4, 0]},
								"south": {"uv": [9, 12], "uv_size": [1, 0]},
								"west": {"uv": [5, 12], "uv_size": [4, 0]},
								"up": {"uv": [4, 8], "uv_size": [1, 4]},
								"down": {"uv": [5, 12], "uv_size": [1, -4]}
							}
						},
						{
							"origin": [-0.468, 14.30807, -5.22579],
							"size": [0.868, 0.62, 3.224],
							"pivot": [-0.034, 14.49407, -3.55179],
							"rotation": [35, 0, 0],
							"uv": {
								"north": {"uv": [3, 3], "uv_size": [0, 0]},
								"east": {"uv": [0, 3], "uv_size": [3, 0]},
								"south": {"uv": [6, 3], "uv_size": [0, 0]},
								"west": {"uv": [3, 3], "uv_size": [3, 0]},
								"up": {"uv": [3, 0], "uv_size": [0, 3]},
								"down": {"uv": [3, 3], "uv_size": [0, -3]}
							}
						},
						{
							"origin": [-0.468, 14.92807, -5.22579],
							"size": [0.868, 0.496, 1.364],
							"pivot": [-0.034, 14.49407, -3.55179],
							"rotation": [35, 0, 0],
							"uv": {
								"north": {"uv": [1, 1], "uv_size": [0, 0]},
								"east": {"uv": [0, 1], "uv_size": [1, 0]},
								"south": {"uv": [2, 1], "uv_size": [0, 0]},
								"west": {"uv": [1, 1], "uv_size": [1, 0]},
								"up": {"uv": [1, 0], "uv_size": [0, 1]},
								"down": {"uv": [1, 1], "uv_size": [0, -1]}
							}
						},
						{
							"origin": [-0.592, 13.4, -8.444],
							"size": [0.744, 1.736, 3.596],
							"pivot": [-0.716, 14.268, -4.848],
							"rotation": [0, 12.5, 0],
							"uv": {
								"north": {"uv": [19, 8], "uv_size": [0, 1]},
								"east": {"uv": [16, 8], "uv_size": [3, 1]},
								"south": {"uv": [22, 8], "uv_size": [0, 1]},
								"west": {"uv": [19, 8], "uv_size": [3, 1]},
								"up": {"uv": [19, 5], "uv_size": [0, 3]},
								"down": {"uv": [19, 8], "uv_size": [0, -3]}
							}
						},
						{
							"origin": [-0.22, 13.4, -8.444],
							"size": [0.744, 1.736, 3.596],
							"pivot": [0.524, 14.268, -4.848],
							"rotation": [0, -12.5, 0],
							"uv": {
								"north": {"uv": [19, 5], "uv_size": [0, 1]},
								"east": {"uv": [16, 5], "uv_size": [3, 1]},
								"south": {"uv": [22, 5], "uv_size": [0, 1]},
								"west": {"uv": [19, 5], "uv_size": [3, 1]},
								"up": {"uv": [19, 2], "uv_size": [0, 3]},
								"down": {"uv": [19, 5], "uv_size": [0, -3]}
							}
						},
						{
							"origin": [-1.46, 13.4, -10.552],
							"size": [2.852, 6.076, 2.48],
							"uv": {
								"north": {"uv": [2, 2], "uv_size": [2, 6]},
								"east": {"uv": [0, 2], "uv_size": [2, 6]},
								"south": {"uv": [6, 2], "uv_size": [2, 6]},
								"west": {"uv": [4, 2], "uv_size": [2, 6]},
								"up": {"uv": [2, 0], "uv_size": [2, 2]},
								"down": {"uv": [4, 2], "uv_size": [2, -2]}
							}
						},
						{
							"origin": [-1.212, 13.648, -10.8],
							"size": [2.356, 3.348, 0.248],
							"uv": {
								"north": {"uv": [44, 25], "uv_size": [2, 3]},
								"east": {"uv": [44, 25], "uv_size": [0, 3]},
								"south": {"uv": [46, 25], "uv_size": [2, 3]},
								"west": {"uv": [46, 25], "uv_size": [0, 3]},
								"up": {"uv": [44, 25], "uv_size": [2, 0]},
								"down": {"uv": [46, 25], "uv_size": [2, 0]}
							}
						},
						{
							"origin": [-2.204, 13.4, -12.908],
							"size": [5.084, 5.208, 2.108],
							"pivot": [-0.034, 16.438, -11.854],
							"rotation": [0, 0, 45],
							"uv": {
								"north": {"uv": [66, 37], "uv_size": [5, 5]},
								"east": {"uv": [64, 37], "uv_size": [2, 5]},
								"south": {"uv": [73, 37], "uv_size": [5, 5]},
								"west": {"uv": [71, 37], "uv_size": [2, 5]},
								"up": {"uv": [66, 35], "uv_size": [5, 2]},
								"down": {"uv": [71, 37], "uv_size": [5, -2]}
							}
						},
						{
							"origin": [-1.46, 13.772, -14.148],
							"size": [3.968, 4.092, 1.24],
							"pivot": [-0.034, 16.438, -11.854],
							"rotation": [0, 0, 45],
							"uv": {
								"north": {"uv": [1, 33], "uv_size": [3, 4]},
								"east": {"uv": [0, 33], "uv_size": [1, 4]},
								"south": {"uv": [5, 33], "uv_size": [3, 4]},
								"west": {"uv": [4, 33], "uv_size": [1, 4]},
								"up": {"uv": [1, 32], "uv_size": [3, 1]},
								"down": {"uv": [4, 33], "uv_size": [3, -1]}
							}
						},
						{
							"origin": [-1.46, 13.772, -17.992],
							"size": [3.968, 4.092, 2.604],
							"pivot": [-0.034, 16.438, -11.854],
							"rotation": [0, 0, 45],
							"uv": {
								"north": {"uv": [42, 13], "uv_size": [3, 4]},
								"east": {"uv": [40, 13], "uv_size": [2, 4]},
								"south": {"uv": [47, 13], "uv_size": [3, 4]},
								"west": {"uv": [45, 13], "uv_size": [2, 4]},
								"up": {"uv": [42, 11], "uv_size": [3, 2]},
								"down": {"uv": [45, 13], "uv_size": [3, -2]}
							}
						},
						{
							"origin": [-1.46, 13.772, -23.572],
							"size": [3.968, 4.092, 4.34],
							"pivot": [-0.034, 16.438, -11.854],
							"rotation": [0, 0, 45],
							"uv": {
								"north": {"uv": [32, 68], "uv_size": [3, 4]},
								"east": {"uv": [28, 68], "uv_size": [4, 4]},
								"south": {"uv": [39, 68], "uv_size": [3, 4]},
								"west": {"uv": [35, 68], "uv_size": [4, 4]},
								"up": {"uv": [32, 64], "uv_size": [3, 4]},
								"down": {"uv": [35, 68], "uv_size": [3, -4]}
							}
						},
						{
							"origin": [-1.708, 13.524, -15.388],
							"size": [4.464, 4.588, 1.24],
							"pivot": [-0.034, 16.438, -11.854],
							"rotation": [0, 0, 45],
							"uv": {
								"north": {"uv": [60, 8], "uv_size": [4, 4]},
								"east": {"uv": [59, 8], "uv_size": [1, 4]},
								"south": {"uv": [65, 8], "uv_size": [4, 4]},
								"west": {"uv": [64, 8], "uv_size": [1, 4]},
								"up": {"uv": [60, 7], "uv_size": [4, 1]},
								"down": {"uv": [64, 8], "uv_size": [4, -1]}
							}
						},
						{
							"origin": [-1.708, 13.524, -19.232],
							"size": [4.464, 4.588, 1.24],
							"pivot": [-0.034, 16.438, -11.854],
							"rotation": [0, 0, 45],
							"uv": {
								"north": {"uv": [16, 23], "uv_size": [4, 4]},
								"east": {"uv": [15, 23], "uv_size": [1, 4]},
								"south": {"uv": [21, 23], "uv_size": [4, 4]},
								"west": {"uv": [20, 23], "uv_size": [1, 4]},
								"up": {"uv": [16, 22], "uv_size": [4, 1]},
								"down": {"uv": [20, 23], "uv_size": [4, -1]}
							}
						},
						{
							"origin": [-1.708, 13.524, -25.804],
							"size": [0.744, 4.588, 2.232],
							"pivot": [-0.034, 16.438, -11.854],
							"rotation": [0, 0, 45],
							"uv": {
								"north": {"uv": [24, 8], "uv_size": [0, 4]},
								"east": {"uv": [22, 8], "uv_size": [2, 4]},
								"south": {"uv": [26, 8], "uv_size": [0, 4]},
								"west": {"uv": [24, 8], "uv_size": [2, 4]},
								"up": {"uv": [24, 6], "uv_size": [0, 2]},
								"down": {"uv": [24, 8], "uv_size": [0, -2]}
							}
						},
						{
							"origin": [2.012, 13.524, -25.804],
							"size": [0.744, 4.588, 2.232],
							"pivot": [-0.034, 16.438, -11.854],
							"rotation": [0, 0, 45],
							"uv": {
								"north": {"uv": [2, 8], "uv_size": [0, 4]},
								"east": {"uv": [0, 8], "uv_size": [2, 4]},
								"south": {"uv": [4, 8], "uv_size": [0, 4]},
								"west": {"uv": [2, 8], "uv_size": [2, 4]},
								"up": {"uv": [2, 6], "uv_size": [0, 2]},
								"down": {"uv": [2, 8], "uv_size": [0, -2]}
							}
						},
						{
							"origin": [-0.964, 13.524, -25.804],
							"size": [2.976, 0.744, 2.232],
							"pivot": [-0.034, 16.438, -11.854],
							"rotation": [0, 0, 45],
							"uv": {
								"north": {"uv": [16, 2], "uv_size": [2, 0]},
								"east": {"uv": [14, 2], "uv_size": [2, 0]},
								"south": {"uv": [20, 2], "uv_size": [2, 0]},
								"west": {"uv": [18, 2], "uv_size": [2, 0]},
								"up": {"uv": [16, 0], "uv_size": [2, 2]},
								"down": {"uv": [18, 2], "uv_size": [2, -2]}
							}
						},
						{
							"origin": [-0.964, 17.368, -25.804],
							"size": [2.976, 0.744, 2.232],
							"pivot": [-0.034, 16.438, -11.854],
							"rotation": [0, 0, 45],
							"uv": {
								"north": {"uv": [2, 14], "uv_size": [2, 0]},
								"east": {"uv": [0, 14], "uv_size": [2, 0]},
								"south": {"uv": [6, 14], "uv_size": [2, 0]},
								"west": {"uv": [4, 14], "uv_size": [2, 0]},
								"up": {"uv": [2, 12], "uv_size": [2, 2]},
								"down": {"uv": [4, 14], "uv_size": [2, -2]}
							}
						},
						{
							"origin": [-1.46, 18.98, -8.072],
							"size": [2.852, 0.496, 1.488],
							"uv": {
								"north": {"uv": [16, 4], "uv_size": [2, 0]},
								"east": {"uv": [15, 4], "uv_size": [1, 0]},
								"south": {"uv": [19, 4], "uv_size": [2, 0]},
								"west": {"uv": [18, 4], "uv_size": [1, 0]},
								"up": {"uv": [16, 3], "uv_size": [2, 1]},
								"down": {"uv": [18, 4], "uv_size": [2, -1]}
							}
						},
						{
							"origin": [-1.4476, 7.324, 0.608],
							"size": [2.852, 8.432, 3.472],
							"pivot": [-0.034, 14.454, 1.228],
							"rotation": [18.5, 0, 0],
							"uv": {
								"north": {"uv": [18, 14], "uv_size": [2, 8]},
								"east": {"uv": [15, 14], "uv_size": [3, 8]},
								"south": {"uv": [23, 14], "uv_size": [2, 8]},
								"west": {"uv": [20, 14], "uv_size": [3, 8]},
								"up": {"uv": [18, 11], "uv_size": [2, 3]},
								"down": {"uv": [20, 14], "uv_size": [2, -3]}
							}
						},
						{
							"origin": [-0.84, 7.324, 4.08],
							"size": [1.612, 8.184, 0.62],
							"pivot": [-0.034, 14.454, 1.228],
							"rotation": [18.5, 0, 0],
							"uv": {
								"north": {"uv": [25, 12], "uv_size": [1, 8]},
								"east": {"uv": [25, 12], "uv_size": [0, 8]},
								"south": {"uv": [26, 12], "uv_size": [1, 8]},
								"west": {"uv": [26, 12], "uv_size": [0, 8]},
								"up": {"uv": [25, 12], "uv_size": [1, 0]},
								"down": {"uv": [26, 12], "uv_size": [1, 0]}
							}
						},
						{
							"origin": [-0.82636, 7.5968, 5.9896],
							"size": [1.612, 1.24, 0.62],
							"pivot": [-0.034, 8.16661, 6.66604],
							"rotation": [-14, 0, 0],
							"uv": {
								"north": {"uv": [38, 34], "uv_size": [1, 1]},
								"east": {"uv": [38, 34], "uv_size": [0, 1]},
								"south": {"uv": [39, 34], "uv_size": [1, 1]},
								"west": {"uv": [39, 34], "uv_size": [0, 1]},
								"up": {"uv": [38, 34], "uv_size": [1, 0]},
								"down": {"uv": [39, 34], "uv_size": [1, 0]}
							}
						},
						{
							"origin": [-1.088, 15.70003, 3.336],
							"size": [2.108, 2.232, 0.868],
							"pivot": [-0.034, 16.69203, 3.81347],
							"rotation": [-26.5, 0, 0],
							"uv": {
								"north": {"uv": [59, 14], "uv_size": [2, 2]},
								"east": {"uv": [59, 14], "uv_size": [0, 2]},
								"south": {"uv": [61, 14], "uv_size": [2, 2]},
								"west": {"uv": [61, 14], "uv_size": [0, 2]},
								"up": {"uv": [59, 14], "uv_size": [2, 0]},
								"down": {"uv": [61, 14], "uv_size": [2, 0]}
							}
						},
						{
							"origin": [-1.6398, 8.50398, 4.576],
							"size": [0.868, 8.184, 0.62],
							"pivot": [-1.15, 12.59598, 5.24937],
							"rotation": [25.32301, -42.11077, -17.60448],
							"uv": {
								"north": {"uv": [0, 0], "uv_size": [0, 8]},
								"east": {"uv": [0, 0], "uv_size": [0, 8]},
								"south": {"uv": [0, 0], "uv_size": [0, 8]},
								"west": {"uv": [0, 0], "uv_size": [0, 8]},
								"up": {"uv": [0, 0], "uv_size": [0, 0]},
								"down": {"uv": [0, 0], "uv_size": [0, 0]}
							}
						},
						{
							"origin": [0.9518, 8.50398, 3.956],
							"size": [0.868, 8.184, 0.62],
							"pivot": [1.95, 12.59598, 5.24937],
							"rotation": [25.32301, 42.11077, 17.60448],
							"uv": {
								"north": {"uv": [0, 0], "uv_size": [0, 8]},
								"east": {"uv": [0, 0], "uv_size": [0, 8]},
								"south": {"uv": [0, 0], "uv_size": [0, 8]},
								"west": {"uv": [0, 0], "uv_size": [0, 8]},
								"up": {"uv": [0, 0], "uv_size": [0, 0]},
								"down": {"uv": [0, 0], "uv_size": [0, 0]}
							}
						},
						{
							"origin": [-1.6398, 7.13602, 1.352],
							"size": [0.868, 8.928, 0.62],
							"pivot": [-1.15, 11.22802, 1.29863],
							"rotation": [25.32301, 42.11077, 17.60448],
							"uv": {
								"north": {"uv": [0, 0], "uv_size": [0, 8]},
								"east": {"uv": [0, 0], "uv_size": [0, 8]},
								"south": {"uv": [0, 0], "uv_size": [0, 8]},
								"west": {"uv": [0, 0], "uv_size": [0, 8]},
								"up": {"uv": [0, 0], "uv_size": [0, 0]},
								"down": {"uv": [0, 0], "uv_size": [0, 0]}
							}
						},
						{
							"origin": [-0.84, 8.316, 1.848],
							"size": [1.612, 8.928, 0.62],
							"pivot": [-0.034, 9.37, 5.32],
							"rotation": [18.5, 0, 0],
							"uv": {
								"north": {"uv": [10, 14], "uv_size": [1, 8]},
								"east": {"uv": [10, 14], "uv_size": [0, 8]},
								"south": {"uv": [11, 14], "uv_size": [1, 8]},
								"west": {"uv": [11, 14], "uv_size": [0, 8]},
								"up": {"uv": [10, 14], "uv_size": [1, 0]},
								"down": {"uv": [11, 14], "uv_size": [1, 0]}
							}
						},
						{
							"origin": [0.9518, 7.13602, 1.972],
							"size": [0.868, 8.928, 0.62],
							"pivot": [1.95, 11.22802, 1.29863],
							"rotation": [25.32301, -42.11077, -17.60448],
							"uv": {
								"north": {"uv": [0, 0], "uv_size": [0, 8]},
								"east": {"uv": [0, 0], "uv_size": [0, 8]},
								"south": {"uv": [0, 0], "uv_size": [0, 8]},
								"west": {"uv": [0, 0], "uv_size": [0, 8]},
								"up": {"uv": [0, 0], "uv_size": [0, 0]},
								"down": {"uv": [0, 0], "uv_size": [0, 0]}
							}
						},
						{
							"origin": [-1.46, 5.712, -0.26],
							"size": [2.852, 1.612, 4.34],
							"pivot": [-0.034, 14.454, 1.228],
							"rotation": [18.5, 0, 0],
							"uv": {
								"north": {"uv": [20, 4], "uv_size": [2, 1]},
								"east": {"uv": [16, 4], "uv_size": [4, 1]},
								"south": {"uv": [26, 4], "uv_size": [2, 1]},
								"west": {"uv": [22, 4], "uv_size": [4, 1]},
								"up": {"uv": [20, 0], "uv_size": [2, 4]},
								"down": {"uv": [22, 4], "uv_size": [2, -4]}
							}
						},
						{
							"origin": [-1.708, 18.98, -6.584],
							"size": [3.348, 4.34, 3.72],
							"uv": {
								"north": {"uv": [62, 3], "uv_size": [3, 4]},
								"east": {"uv": [59, 3], "uv_size": [3, 4]},
								"south": {"uv": [68, 3], "uv_size": [3, 4]},
								"west": {"uv": [65, 3], "uv_size": [3, 4]},
								"up": {"uv": [62, 0], "uv_size": [3, 3]},
								"down": {"uv": [65, 3], "uv_size": [3, -3]}
							}
						},
						{
							"origin": [-0.592, 20.096, -7.948],
							"size": [1.116, 3.844, 1.364],
							"uv": {
								"north": {"uv": [41, 1], "uv_size": [1, 3]},
								"east": {"uv": [40, 1], "uv_size": [1, 3]},
								"south": {"uv": [43, 1], "uv_size": [1, 3]},
								"west": {"uv": [42, 1], "uv_size": [1, 3]},
								"up": {"uv": [41, 0], "uv_size": [1, 1]},
								"down": {"uv": [42, 1], "uv_size": [1, -1]}
							}
						},
						{
							"origin": [-0.716, 23.94, -7.948],
							"size": [1.364, 3.348, 1.364],
							"uv": {
								"north": {"uv": [25, 1], "uv_size": [1, 3]},
								"east": {"uv": [24, 1], "uv_size": [1, 3]},
								"south": {"uv": [27, 1], "uv_size": [1, 3]},
								"west": {"uv": [26, 1], "uv_size": [1, 3]},
								"up": {"uv": [25, 0], "uv_size": [1, 1]},
								"down": {"uv": [26, 1], "uv_size": [1, -1]}
							}
						},
						{
							"origin": [-0.716, 28.9, -7.948],
							"size": [1.364, 1.24, 1.364],
							"uv": {
								"north": {"uv": [52, 27], "uv_size": [1, 1]},
								"east": {"uv": [51, 27], "uv_size": [1, 1]},
								"south": {"uv": [54, 27], "uv_size": [1, 1]},
								"west": {"uv": [53, 27], "uv_size": [1, 1]},
								"up": {"uv": [52, 26], "uv_size": [1, 1]},
								"down": {"uv": [53, 27], "uv_size": [1, -1]}
							}
						},
						{
							"origin": [-0.716, 30.14, 2.716],
							"size": [0.248, 1.116, 6.572],
							"uv": {
								"north": {"uv": [22, 7], "uv_size": [0, 1]},
								"east": {"uv": [16, 7], "uv_size": [6, 1]},
								"south": {"uv": [28, 7], "uv_size": [0, 1]},
								"west": {"uv": [22, 7], "uv_size": [6, 1]},
								"up": {"uv": [22, 1], "uv_size": [0, 6]},
								"down": {"uv": [22, 7], "uv_size": [0, -6]}
							}
						},
						{
							"origin": [-1.212, 29.892, 7.428],
							"size": [2.356, 0.868, 0.868],
							"pivot": [-0.034, 30.574, 7.986],
							"rotation": [-45, 0, 0],
							"uv": {
								"north": {"uv": [0, 0], "uv_size": [2, 0]},
								"east": {"uv": [0, 0], "uv_size": [0, 0]},
								"south": {"uv": [2, 0], "uv_size": [2, 0]},
								"west": {"uv": [2, 0], "uv_size": [0, 0]},
								"up": {"uv": [0, 0], "uv_size": [2, 0]},
								"down": {"uv": [2, 0], "uv_size": [2, 0]}
							}
						},
						{
							"origin": [-0.716, 30.14, 0.484],
							"size": [0.248, 0.62, 2.232],
							"uv": {
								"north": {"uv": [2, 2], "uv_size": [0, 0]},
								"east": {"uv": [0, 2], "uv_size": [2, 0]},
								"south": {"uv": [4, 2], "uv_size": [0, 0]},
								"west": {"uv": [2, 2], "uv_size": [2, 0]},
								"up": {"uv": [2, 0], "uv_size": [0, 2]},
								"down": {"uv": [2, 2], "uv_size": [0, -2]}
							}
						},
						{
							"origin": [0.4, 30.14, 0.484],
							"size": [0.248, 0.62, 2.232],
							"uv": {
								"north": {"uv": [2, 2], "uv_size": [0, 0]},
								"east": {"uv": [0, 2], "uv_size": [2, 0]},
								"south": {"uv": [4, 2], "uv_size": [0, 0]},
								"west": {"uv": [2, 2], "uv_size": [2, 0]},
								"up": {"uv": [2, 0], "uv_size": [0, 2]},
								"down": {"uv": [2, 2], "uv_size": [0, -2]}
							}
						},
						{
							"origin": [0.4, 30.14, 2.716],
							"size": [0.248, 1.116, 6.572],
							"uv": {
								"north": {"uv": [22, 6], "uv_size": [0, 1]},
								"east": {"uv": [16, 6], "uv_size": [6, 1]},
								"south": {"uv": [28, 6], "uv_size": [0, 1]},
								"west": {"uv": [22, 6], "uv_size": [6, 1]},
								"up": {"uv": [22, 0], "uv_size": [0, 6]},
								"down": {"uv": [22, 6], "uv_size": [0, -6]}
							}
						},
						{
							"origin": [-0.716, 29.148, -6.584],
							"size": [1.364, 0.992, 14.012],
							"uv": {
								"north": {"uv": [12, 15], "uv_size": [1, 0]},
								"east": {"uv": [-2, 15], "uv_size": [14, 0]},
								"south": {"uv": [27, 15], "uv_size": [1, 0]},
								"west": {"uv": [13, 15], "uv_size": [14, 0]},
								"up": {"uv": [12, 1], "uv_size": [1, 14]},
								"down": {"uv": [13, 15], "uv_size": [1, -14]}
							}
						},
						{
							"origin": [-0.7284, 30.14, -6.336],
							"size": [0.248, 0.992, 15.624],
							"pivot": [-0.034, 30.636, 1.414],
							"rotation": [7.5, 0, 0],
							"uv": {
								"north": {"uv": [15, 15], "uv_size": [0, 0]},
								"east": {"uv": [0, 15], "uv_size": [15, 0]},
								"south": {"uv": [30, 15], "uv_size": [0, 0]},
								"west": {"uv": [15, 15], "uv_size": [15, 0]},
								"up": {"uv": [15, 0], "uv_size": [0, 15]},
								"down": {"uv": [15, 15], "uv_size": [0, -15]}
							}
						},
						{
							"origin": [0.3876, 30.14, -6.336],
							"size": [0.248, 0.992, 15.624],
							"pivot": [-0.034, 30.636, 1.414],
							"rotation": [7.5, 0, 0],
							"uv": {
								"north": {"uv": [15, 15], "uv_size": [0, 0]},
								"east": {"uv": [0, 15], "uv_size": [15, 0]},
								"south": {"uv": [30, 15], "uv_size": [0, 0]},
								"west": {"uv": [15, 15], "uv_size": [15, 0]},
								"up": {"uv": [15, 0], "uv_size": [0, 15]},
								"down": {"uv": [15, 15], "uv_size": [0, -15]}
							}
						},
						{
							"origin": [0.4, 25.8, 7.428],
							"size": [0.248, 4.34, 1.86],
							"uv": {
								"north": {"uv": [29, 32], "uv_size": [0, 4]},
								"east": {"uv": [28, 32], "uv_size": [1, 4]},
								"south": {"uv": [30, 32], "uv_size": [0, 4]},
								"west": {"uv": [29, 32], "uv_size": [1, 4]},
								"up": {"uv": [29, 31], "uv_size": [0, 1]},
								"down": {"uv": [29, 32], "uv_size": [0, -1]}
							}
						},
						{
							"origin": [-0.716, 25.8, 7.428],
							"size": [0.248, 4.34, 1.86],
							"uv": {
								"north": {"uv": [27, 8], "uv_size": [0, 4]},
								"east": {"uv": [26, 8], "uv_size": [1, 4]},
								"south": {"uv": [28, 8], "uv_size": [0, 4]},
								"west": {"uv": [27, 8], "uv_size": [1, 4]},
								"up": {"uv": [27, 7], "uv_size": [0, 1]},
								"down": {"uv": [27, 8], "uv_size": [0, -1]}
							}
						},
						{
							"origin": [-0.964, 30.388, 9.288],
							"size": [1.86, 0.62, 0.248],
							"uv": {
								"north": {"uv": [0, 0], "uv_size": [1, 0]},
								"east": {"uv": [0, 0], "uv_size": [0, 0]},
								"south": {"uv": [1, 0], "uv_size": [1, 0]},
								"west": {"uv": [1, 0], "uv_size": [0, 0]},
								"up": {"uv": [0, 0], "uv_size": [1, 0]},
								"down": {"uv": [1, 0], "uv_size": [1, 0]}
							}
						},
						{
							"origin": [-0.344, 29.768, 9.288],
							"size": [0.62, 0.62, 0.248],
							"uv": {
								"north": {"uv": [0, 0], "uv_size": [0, 0]},
								"east": {"uv": [0, 0], "uv_size": [0, 0]},
								"south": {"uv": [0, 0], "uv_size": [0, 0]},
								"west": {"uv": [0, 0], "uv_size": [0, 0]},
								"up": {"uv": [0, 0], "uv_size": [0, 0]},
								"down": {"uv": [0, 0], "uv_size": [0, 0]}
							}
						},
						{
							"origin": [-0.654, 29.644, 9.288],
							"size": [0.496, 0.868, 0.248],
							"pivot": [-0.654, 30.078, 9.412],
							"rotation": [0, 0, -45],
							"uv": {
								"north": {"uv": [0, 0], "uv_size": [0, 0]},
								"east": {"uv": [0, 0], "uv_size": [0, 0]},
								"south": {"uv": [0, 0], "uv_size": [0, 0]},
								"west": {"uv": [0, 0], "uv_size": [0, 0]},
								"up": {"uv": [0, 0], "uv_size": [0, 0]},
								"down": {"uv": [0, 0], "uv_size": [0, 0]}
							}
						},
						{
							"origin": [0.338, 29.024, 9.288],
							"size": [0.496, 0.868, 0.248],
							"pivot": [1.454, 30.078, 9.412],
							"rotation": [0, 0, 45],
							"uv": {
								"north": {"uv": [0, 0], "uv_size": [0, 0]},
								"east": {"uv": [0, 0], "uv_size": [0, 0]},
								"south": {"uv": [0, 0], "uv_size": [0, 0]},
								"west": {"uv": [0, 0], "uv_size": [0, 0]},
								"up": {"uv": [0, 0], "uv_size": [0, 0]},
								"down": {"uv": [0, 0], "uv_size": [0, 0]}
							}
						},
						{
							"origin": [0.214, 31.504, 9.288],
							"size": [0.62, 0.62, 0.248],
							"pivot": [1.454, 31.318, 9.412],
							"rotation": [0, 0, -45],
							"uv": {
								"north": {"uv": [0, 0], "uv_size": [0, 0]},
								"east": {"uv": [0, 0], "uv_size": [0, 0]},
								"south": {"uv": [0, 0], "uv_size": [0, 0]},
								"west": {"uv": [0, 0], "uv_size": [0, 0]},
								"up": {"uv": [0, 0], "uv_size": [0, 0]},
								"down": {"uv": [0, 0], "uv_size": [0, 0]}
							}
						},
						{
							"origin": [-0.654, 30.884, 9.288],
							"size": [0.62, 0.62, 0.248],
							"pivot": [-0.654, 31.318, 9.412],
							"rotation": [0, 0, 45],
							"uv": {
								"north": {"uv": [0, 0], "uv_size": [0, 0]},
								"east": {"uv": [0, 0], "uv_size": [0, 0]},
								"south": {"uv": [0, 0], "uv_size": [0, 0]},
								"west": {"uv": [0, 0], "uv_size": [0, 0]},
								"up": {"uv": [0, 0], "uv_size": [0, 0]},
								"down": {"uv": [0, 0], "uv_size": [0, 0]}
							}
						},
						{
							"origin": [0.4, 30.14, -7.948],
							"size": [0.248, 1.612, 1.612],
							"uv": {
								"north": {"uv": [17, 13], "uv_size": [0, 1]},
								"east": {"uv": [16, 13], "uv_size": [1, 1]},
								"south": {"uv": [18, 13], "uv_size": [0, 1]},
								"west": {"uv": [17, 13], "uv_size": [1, 1]},
								"up": {"uv": [17, 12], "uv_size": [0, 1]},
								"down": {"uv": [17, 13], "uv_size": [0, -1]}
							}
						},
						{
							"origin": [-0.716, 30.14, -7.948],
							"size": [0.248, 1.612, 1.612],
							"uv": {
								"north": {"uv": [7, 1], "uv_size": [0, 1]},
								"east": {"uv": [6, 1], "uv_size": [1, 1]},
								"south": {"uv": [8, 1], "uv_size": [0, 1]},
								"west": {"uv": [7, 1], "uv_size": [1, 1]},
								"up": {"uv": [7, 0], "uv_size": [0, 1]},
								"down": {"uv": [7, 1], "uv_size": [0, -1]}
							}
						},
						{
							"origin": [-0.096, 30.14, -7.576],
							"size": [0.124, 1.116, 0.744],
							"uv": {
								"north": {"uv": [0, 0], "uv_size": [0, 1]},
								"east": {"uv": [0, 0], "uv_size": [0, 1]},
								"south": {"uv": [0, 0], "uv_size": [0, 1]},
								"west": {"uv": [0, 0], "uv_size": [0, 1]},
								"up": {"uv": [0, 0], "uv_size": [0, 0]},
								"down": {"uv": [0, 0], "uv_size": [0, 0]}
							}
						},
						{
							"origin": [-0.716, 27.288, -7.948],
							"size": [1.364, 1.612, 0.248],
							"uv": {
								"north": {"uv": [38, 32], "uv_size": [1, 1]},
								"east": {"uv": [38, 32], "uv_size": [0, 1]},
								"south": {"uv": [39, 32], "uv_size": [1, 1]},
								"west": {"uv": [39, 32], "uv_size": [0, 1]},
								"up": {"uv": [38, 32], "uv_size": [1, 0]},
								"down": {"uv": [39, 32], "uv_size": [1, 0]}
							}
						},
						{
							"origin": [-0.716, 27.288, -6.832],
							"size": [1.364, 1.612, 0.248],
							"uv": {
								"north": {"uv": [26, 5], "uv_size": [1, 1]},
								"east": {"uv": [26, 5], "uv_size": [0, 1]},
								"south": {"uv": [27, 5], "uv_size": [1, 1]},
								"west": {"uv": [27, 5], "uv_size": [0, 1]},
								"up": {"uv": [26, 5], "uv_size": [1, 0]},
								"down": {"uv": [27, 5], "uv_size": [1, 0]}
							}
						},
						{
							"origin": [-0.7036, 28.652, -6.832],
							"size": [1.364, 0.992, 0.744],
							"pivot": [-0.034, 28.838, -6.46],
							"rotation": [-45, 0, 0],
							"uv": {
								"north": {"uv": [0, 0], "uv_size": [1, 0]},
								"east": {"uv": [0, 0], "uv_size": [0, 0]},
								"south": {"uv": [1, 0], "uv_size": [1, 0]},
								"west": {"uv": [1, 0], "uv_size": [0, 0]},
								"up": {"uv": [0, 0], "uv_size": [1, 0]},
								"down": {"uv": [1, 0], "uv_size": [1, 0]}
							}
						},
						{
							"origin": [-0.7036, 28.28, -6.46],
							"size": [1.364, 0.372, 0.372],
							"pivot": [-0.034, 28.838, -6.46],
							"rotation": [-45, 0, 0],
							"uv": {
								"north": {"uv": [0, 0], "uv_size": [1, 0]},
								"east": {"uv": [0, 0], "uv_size": [0, 0]},
								"south": {"uv": [1, 0], "uv_size": [1, 0]},
								"west": {"uv": [1, 0], "uv_size": [0, 0]},
								"up": {"uv": [0, 0], "uv_size": [1, 0]},
								"down": {"uv": [1, 0], "uv_size": [1, 0]}
							}
						},
						{
							"origin": [-0.468, 24.188, -6.584],
							"size": [0.868, 0.868, 0.992],
							"pivot": [-0.034, 24.622, -6.088],
							"rotation": [0, 0, 45],
							"uv": {
								"north": {"uv": [0, 0], "uv_size": [0, 0]},
								"east": {"uv": [0, 0], "uv_size": [0, 0]},
								"south": {"uv": [0, 0], "uv_size": [0, 0]},
								"west": {"uv": [0, 0], "uv_size": [0, 0]},
								"up": {"uv": [0, 0], "uv_size": [0, 0]},
								"down": {"uv": [0, 0], "uv_size": [0, 0]}
							}
						},
						{
							"origin": [-0.964, 20.22, -23.82],
							"size": [1.86, 1.984, 14.508],
							"pivot": [-0.034, 21.212, -8.444],
							"rotation": [0, 0, 45],
							"uv": {
								"north": {"uv": [64, 64], "uv_size": [1, 1]},
								"east": {"uv": [50, 64], "uv_size": [14, 1]},
								"south": {"uv": [79, 64], "uv_size": [1, 1]},
								"west": {"uv": [65, 64], "uv_size": [14, 1]},
								"up": {"uv": [64, 50], "uv_size": [1, 14]},
								"down": {"uv": [65, 64], "uv_size": [1, -14]}
							}
						},
						{
							"origin": [-0.592, 20.592, -26.3],
							"size": [1.116, 1.24, 1.612],
							"pivot": [-0.034, 21.212, -8.444],
							"rotation": [0, 0, 45],
							"uv": {
								"north": {"uv": [55, 26], "uv_size": [1, 1]},
								"east": {"uv": [54, 26], "uv_size": [1, 1]},
								"south": {"uv": [57, 26], "uv_size": [1, 1]},
								"west": {"uv": [56, 26], "uv_size": [1, 1]},
								"up": {"uv": [55, 25], "uv_size": [1, 1]},
								"down": {"uv": [56, 26], "uv_size": [1, -1]}
							}
						},
						{
							"origin": [-1.46, 17.988, -24.688],
							"size": [2.852, 4.836, 0.868],
							"uv": {
								"north": {"uv": [50, 11], "uv_size": [2, 4]},
								"east": {"uv": [50, 11], "uv_size": [0, 4]},
								"south": {"uv": [52, 11], "uv_size": [2, 4]},
								"west": {"uv": [52, 11], "uv_size": [0, 4]},
								"up": {"uv": [50, 11], "uv_size": [2, 0]},
								"down": {"uv": [52, 11], "uv_size": [2, 0]}
							}
						},
						{
							"origin": [-0.964, 15.26, -24.7004],
							"size": [1.116, 5.332, 0.868],
							"pivot": [-0.716, 20.654, -24.254],
							"rotation": [0, 0, 22.5],
							"uv": {
								"north": {"uv": [54, 10], "uv_size": [1, 5]},
								"east": {"uv": [54, 10], "uv_size": [0, 5]},
								"south": {"uv": [55, 10], "uv_size": [1, 5]},
								"west": {"uv": [55, 10], "uv_size": [0, 5]},
								"up": {"uv": [54, 10], "uv_size": [1, 0]},
								"down": {"uv": [55, 10], "uv_size": [1, 0]}
							}
						},
						{
							"origin": [-0.22, 15.632, -24.7004],
							"size": [1.116, 5.332, 0.868],
							"pivot": [1.516, 20.654, -24.254],
							"rotation": [0, 0, -22.5],
							"uv": {
								"north": {"uv": [54, 5], "uv_size": [1, 5]},
								"east": {"uv": [54, 5], "uv_size": [0, 5]},
								"south": {"uv": [55, 5], "uv_size": [1, 5]},
								"west": {"uv": [55, 5], "uv_size": [0, 5]},
								"up": {"uv": [54, 5], "uv_size": [1, 0]},
								"down": {"uv": [55, 5], "uv_size": [1, 0]}
							}
						},
						{
							"origin": [-0.22, 15.632, -15.1524],
							"size": [1.116, 5.332, 0.868],
							"pivot": [1.516, 20.654, -14.706],
							"rotation": [0, 0, -22.5],
							"uv": {
								"north": {"uv": [10, 22], "uv_size": [1, 5]},
								"east": {"uv": [10, 22], "uv_size": [0, 5]},
								"south": {"uv": [11, 22], "uv_size": [1, 5]},
								"west": {"uv": [11, 22], "uv_size": [0, 5]},
								"up": {"uv": [10, 22], "uv_size": [1, 0]},
								"down": {"uv": [11, 22], "uv_size": [1, 0]}
							}
						},
						{
							"origin": [-0.964, 15.26, -15.1524],
							"size": [1.116, 5.332, 0.868],
							"pivot": [-0.716, 20.654, -14.706],
							"rotation": [0, 0, 22.5],
							"uv": {
								"north": {"uv": [25, 20], "uv_size": [1, 5]},
								"east": {"uv": [25, 20], "uv_size": [0, 5]},
								"south": {"uv": [26, 20], "uv_size": [1, 5]},
								"west": {"uv": [26, 20], "uv_size": [0, 5]},
								"up": {"uv": [25, 20], "uv_size": [1, 0]},
								"down": {"uv": [26, 20], "uv_size": [1, 0]}
							}
						},
						{
							"origin": [-1.212, 17.616, -15.14],
							"size": [2.356, 3.348, 0.868],
							"uv": {
								"north": {"uv": [40, 25], "uv_size": [2, 3]},
								"east": {"uv": [40, 25], "uv_size": [0, 3]},
								"south": {"uv": [42, 25], "uv_size": [2, 3]},
								"west": {"uv": [42, 25], "uv_size": [0, 3]},
								"up": {"uv": [40, 25], "uv_size": [2, 0]},
								"down": {"uv": [42, 25], "uv_size": [2, 0]}
							}
						},
						{
							"origin": [-1.212, 19.972, -9.312],
							"size": [2.356, 2.48, 1.364],
							"pivot": [-0.034, 21.212, -8.444],
							"rotation": [0, 0, 45],
							"uv": {
								"north": {"uv": [1, 38], "uv_size": [2, 2]},
								"east": {"uv": [0, 38], "uv_size": [1, 2]},
								"south": {"uv": [4, 38], "uv_size": [2, 2]},
								"west": {"uv": [3, 38], "uv_size": [1, 2]},
								"up": {"uv": [1, 37], "uv_size": [2, 1]},
								"down": {"uv": [3, 38], "uv_size": [2, -1]}
							}
						},
						{
							"origin": [-1.7018, 18.856, -3.856],
							"size": [3.3356, 0.372, 0.992],
							"pivot": [-0.034, 18.794, -3.422],
							"rotation": [-25, 0, 0],
							"uv": {
								"north": {"uv": [0, 0], "uv_size": [3, 0]},
								"east": {"uv": [0, 0], "uv_size": [0, 0]},
								"south": {"uv": [3, 0], "uv_size": [3, 0]},
								"west": {"uv": [3, 0], "uv_size": [0, 0]},
								"up": {"uv": [0, 0], "uv_size": [3, 0]},
								"down": {"uv": [3, 0], "uv_size": [3, 0]}
							}
						},
						{
							"origin": [-1.584, 18.23594, 8.79687],
							"size": [3.1, 0.744, 28.396],
							"pivot": [-0.158, 18.60794, 22.99487],
							"rotation": [-1.5, 0, 0],
							"uv": {
								"north": {"uv": [32, 29], "uv_size": [3, 0]},
								"east": {"uv": [4, 29], "uv_size": [28, 0]},
								"south": {"uv": [63, 29], "uv_size": [3, 0]},
								"west": {"uv": [35, 29], "uv_size": [28, 0]},
								"up": {"uv": [32, 1], "uv_size": [3, 28]},
								"down": {"uv": [35, 29], "uv_size": [3, -28]}
							}
						}
					]
				},
				{
					"name": "bone3",
					"parent": "gun",
					"pivot": [-1.83655, 20.96091, 29.20434],
					"rotation": [22.5, 0, 0],
					"cubes": [
						{
							"origin": [-1.956, 19.89236, 29.0427],
							"size": [0.248, 2.232, 1.24],
							"uv": {
								"north": {"uv": [1, 12], "uv_size": [0, 2]},
								"east": {"uv": [0, 12], "uv_size": [1, 2]},
								"south": {"uv": [2, 12], "uv_size": [0, 2]},
								"west": {"uv": [1, 12], "uv_size": [1, 2]},
								"up": {"uv": [1, 11], "uv_size": [0, 1]},
								"down": {"uv": [1, 12], "uv_size": [0, -1]}
							}
						},
						{
							"origin": [-1.96964, 21.432, 19.828],
							"size": [0.248, 0.992, 9.548],
							"pivot": [-1.832, 21.928, 23.362],
							"rotation": [-15, 0, 0],
							"uv": {
								"north": {"uv": [9, 9], "uv_size": [0, 0]},
								"east": {"uv": [0, 9], "uv_size": [9, 0]},
								"south": {"uv": [18, 9], "uv_size": [0, 0]},
								"west": {"uv": [9, 9], "uv_size": [9, 0]},
								"up": {"uv": [9, 0], "uv_size": [0, 9]},
								"down": {"uv": [9, 9], "uv_size": [0, -9]}
							}
						},
						{
							"origin": [-1.956, 20.76036, 26.8107],
							"size": [0.248, 1.364, 2.232],
							"uv": {
								"north": {"uv": [18, 2], "uv_size": [0, 1]},
								"east": {"uv": [16, 2], "uv_size": [2, 1]},
								"south": {"uv": [20, 2], "uv_size": [0, 1]},
								"west": {"uv": [18, 2], "uv_size": [2, 1]},
								"up": {"uv": [18, 0], "uv_size": [0, 2]},
								"down": {"uv": [18, 2], "uv_size": [0, -2]}
							}
						},
						{
							"origin": [-1.96964, 21.4402, 26.75456],
							"size": [0.248, 0.992, 1.736],
							"pivot": [-1.832, 22.7422, 27.87056],
							"rotation": [-47.5, 0, 0],
							"uv": {
								"north": {"uv": [1, 1], "uv_size": [0, 0]},
								"east": {"uv": [0, 1], "uv_size": [1, 0]},
								"south": {"uv": [2, 1], "uv_size": [0, 0]},
								"west": {"uv": [1, 1], "uv_size": [1, 0]},
								"up": {"uv": [1, 0], "uv_size": [0, 1]},
								"down": {"uv": [1, 1], "uv_size": [0, -1]}
							}
						},
						{
							"origin": [-1.956, 22.36357, 19.82004],
							"size": [0.248, 0.992, 7.068],
							"uv": {
								"north": {"uv": [7, 7], "uv_size": [0, 0]},
								"east": {"uv": [0, 7], "uv_size": [7, 0]},
								"south": {"uv": [14, 7], "uv_size": [0, 0]},
								"west": {"uv": [7, 7], "uv_size": [7, 0]},
								"up": {"uv": [7, 0], "uv_size": [0, 7]},
								"down": {"uv": [7, 7], "uv_size": [0, -7]}
							}
						},
						{
							"origin": [-1.956, 21.37157, 23.54004],
							"size": [0.248, 0.992, 3.348],
							"uv": {
								"north": {"uv": [3, 3], "uv_size": [0, 0]},
								"east": {"uv": [0, 3], "uv_size": [3, 0]},
								"south": {"uv": [6, 3], "uv_size": [0, 0]},
								"west": {"uv": [3, 3], "uv_size": [3, 0]},
								"up": {"uv": [3, 0], "uv_size": [0, 3]},
								"down": {"uv": [3, 3], "uv_size": [0, -3]}
							}
						}
					]
				},
				{
					"name": "magazine",
					"parent": "main",
					"pivot": [-0.134, 4.33159, 15.45356],
					"cubes": [
						{
							"origin": [-1.2004, 7.32191, 13.504],
							"size": [2.108, 6.324, 5.952],
							"pivot": [-0.134, 10.11191, 16.94797],
							"rotation": [-10, 0, 0],
							"uv": {
								"north": {"uv": [45, 5], "uv_size": [2, 6]},
								"east": {"uv": [40, 5], "uv_size": [5, 6]},
								"south": {"uv": [52, 5], "uv_size": [2, 6]},
								"west": {"uv": [47, 5], "uv_size": [5, 6]},
								"up": {"uv": [45, 0], "uv_size": [2, 5]},
								"down": {"uv": [47, 5], "uv_size": [2, -5]}
							}
						},
						{
							"origin": [-0.94, 14.392, 13.504],
							"size": [1.612, 5.58, 0.992],
							"pivot": [-0.134, 17.554, 11.334],
							"rotation": [-2.5, 0, 0],
							"uv": {
								"north": {"uv": [62, 25], "uv_size": [1, 5]},
								"east": {"uv": [62, 25], "uv_size": [0, 5]},
								"south": {"uv": [63, 25], "uv_size": [1, 5]},
								"west": {"uv": [63, 25], "uv_size": [0, 5]},
								"up": {"uv": [62, 25], "uv_size": [1, 0]},
								"down": {"uv": [63, 25], "uv_size": [1, 0]}
							}
						},
						{
							"origin": [-1.188, 13.276, 14.248],
							"size": [2.108, 6.324, 5.952],
							"pivot": [-0.134, 16.438, 17.038],
							"rotation": [-2.5, 0, 0],
							"uv": {
								"north": {"uv": [5, 69], "uv_size": [2, 6]},
								"east": {"uv": [0, 69], "uv_size": [5, 6]},
								"south": {"uv": [12, 69], "uv_size": [2, 6]},
								"west": {"uv": [7, 69], "uv_size": [5, 6]},
								"up": {"uv": [5, 64], "uv_size": [2, 5]},
								"down": {"uv": [7, 69], "uv_size": [2, -5]}
							}
						},
						{
							"origin": [-0.9524, 8.43791, 12.76],
							"size": [1.612, 6.324, 0.992],
							"pivot": [-0.134, 11.22791, 11.24397],
							"rotation": [-10, 0, 0],
							"uv": {
								"north": {"uv": [12, 8], "uv_size": [1, 6]},
								"east": {"uv": [12, 8], "uv_size": [0, 6]},
								"south": {"uv": [13, 8], "uv_size": [1, 6]},
								"west": {"uv": [13, 8], "uv_size": [0, 6]},
								"up": {"uv": [12, 8], "uv_size": [1, 0]},
								"down": {"uv": [13, 8], "uv_size": [1, 0]}
							}
						},
						{
							"origin": [-0.94, 4.88959, 11.4332],
							"size": [1.612, 3.968, 0.992],
							"pivot": [-0.134, 5.44759, 9.74956],
							"rotation": [-15, 0, 0],
							"uv": {
								"north": {"uv": [6, 37], "uv_size": [1, 3]},
								"east": {"uv": [6, 37], "uv_size": [0, 3]},
								"south": {"uv": [7, 37], "uv_size": [1, 3]},
								"west": {"uv": [7, 37], "uv_size": [0, 3]},
								"up": {"uv": [6, 37], "uv_size": [1, 0]},
								"down": {"uv": [7, 37], "uv_size": [1, 0]}
							}
						},
						{
							"origin": [-1.188, 3.27759, 12.1772],
							"size": [2.108, 4.464, 5.952],
							"pivot": [-0.134, 4.33159, 15.45356],
							"rotation": [-15, 0, 0],
							"uv": {
								"north": {"uv": [19, 69], "uv_size": [2, 4]},
								"east": {"uv": [14, 69], "uv_size": [5, 4]},
								"south": {"uv": [26, 69], "uv_size": [2, 4]},
								"west": {"uv": [21, 69], "uv_size": [5, 4]},
								"up": {"uv": [19, 64], "uv_size": [2, 5]},
								"down": {"uv": [21, 69], "uv_size": [2, -5]}
							}
						}
					]
				},
				{
					"name": "bullet",
					"parent": "magazine",
					"pivot": [-0.134, 19.83159, 15.45356],
					"cubes": [
						{
							"origin": [-0.754, 19.08759, 14.83356],
							"size": [0.868, 0.868, 1.612],
							"pivot": [-0.134, 19.83159, 15.45356],
							"rotation": [0, 0, -45],
							"uv": {
								"north": {"uv": [88, 13], "uv_size": [0, 0]},
								"east": {"uv": [87, 13], "uv_size": [1, 0]},
								"south": {"uv": [89, 13], "uv_size": [0, 0]},
								"west": {"uv": [88, 13], "uv_size": [1, 0]},
								"up": {"uv": [88, 12], "uv_size": [0, 1]},
								"down": {"uv": [88, 13], "uv_size": [0, -1]}
							}
						},
						{
							"origin": [-0.754, 19.08759, 16.44556],
							"size": [0.992, 0.992, 3.348],
							"pivot": [-0.134, 19.83159, 15.45356],
							"rotation": [0, 0, -45],
							"uv": {
								"north": {"uv": [90, 13], "uv_size": [0, 0]},
								"east": {"uv": [87, 13], "uv_size": [3, 0]},
								"south": {"uv": [93, 13], "uv_size": [0, 0]},
								"west": {"uv": [90, 13], "uv_size": [3, 0]},
								"up": {"uv": [90, 10], "uv_size": [0, 3]},
								"down": {"uv": [90, 13], "uv_size": [0, -3]}
							}
						}
					]
				},
				{
					"name": "magazine2",
					"parent": "main",
					"pivot": [-0.084, 4.33159, 15.45356],
					"cubes": [
						{
							"origin": [-1.1504, 7.32191, 13.504],
							"size": [2.108, 6.324, 5.952],
							"pivot": [-0.084, 10.11191, 16.94797],
							"rotation": [-10, 0, 0],
							"uv": {
								"north": {"uv": [45, 5], "uv_size": [2, 6]},
								"east": {"uv": [40, 5], "uv_size": [5, 6]},
								"south": {"uv": [52, 5], "uv_size": [2, 6]},
								"west": {"uv": [47, 5], "uv_size": [5, 6]},
								"up": {"uv": [45, 0], "uv_size": [2, 5]},
								"down": {"uv": [47, 5], "uv_size": [2, -5]}
							}
						},
						{
							"origin": [-0.89, 14.392, 13.504],
							"size": [1.612, 5.58, 0.992],
							"pivot": [-0.084, 17.554, 11.334],
							"rotation": [-2.5, 0, 0],
							"uv": {
								"north": {"uv": [62, 25], "uv_size": [1, 5]},
								"east": {"uv": [62, 25], "uv_size": [0, 5]},
								"south": {"uv": [63, 25], "uv_size": [1, 5]},
								"west": {"uv": [63, 25], "uv_size": [0, 5]},
								"up": {"uv": [62, 25], "uv_size": [1, 0]},
								"down": {"uv": [63, 25], "uv_size": [1, 0]}
							}
						},
						{
							"origin": [-1.138, 13.276, 14.248],
							"size": [2.108, 6.324, 5.952],
							"pivot": [-0.084, 16.438, 17.038],
							"rotation": [-2.5, 0, 0],
							"uv": {
								"north": {"uv": [5, 69], "uv_size": [2, 6]},
								"east": {"uv": [0, 69], "uv_size": [5, 6]},
								"south": {"uv": [12, 69], "uv_size": [2, 6]},
								"west": {"uv": [7, 69], "uv_size": [5, 6]},
								"up": {"uv": [5, 64], "uv_size": [2, 5]},
								"down": {"uv": [7, 69], "uv_size": [2, -5]}
							}
						},
						{
							"origin": [-0.9024, 8.43791, 12.76],
							"size": [1.612, 6.324, 0.992],
							"pivot": [-0.084, 11.22791, 11.24397],
							"rotation": [-10, 0, 0],
							"uv": {
								"north": {"uv": [12, 8], "uv_size": [1, 6]},
								"east": {"uv": [12, 8], "uv_size": [0, 6]},
								"south": {"uv": [13, 8], "uv_size": [1, 6]},
								"west": {"uv": [13, 8], "uv_size": [0, 6]},
								"up": {"uv": [12, 8], "uv_size": [1, 0]},
								"down": {"uv": [13, 8], "uv_size": [1, 0]}
							}
						},
						{
							"origin": [-0.89, 4.88959, 11.4332],
							"size": [1.612, 3.968, 0.992],
							"pivot": [-0.084, 5.44759, 9.74956],
							"rotation": [-15, 0, 0],
							"uv": {
								"north": {"uv": [6, 37], "uv_size": [1, 3]},
								"east": {"uv": [6, 37], "uv_size": [0, 3]},
								"south": {"uv": [7, 37], "uv_size": [1, 3]},
								"west": {"uv": [7, 37], "uv_size": [0, 3]},
								"up": {"uv": [6, 37], "uv_size": [1, 0]},
								"down": {"uv": [7, 37], "uv_size": [1, 0]}
							}
						},
						{
							"origin": [-1.138, 3.27759, 12.1772],
							"size": [2.108, 4.464, 5.952],
							"pivot": [-0.084, 4.33159, 15.45356],
							"rotation": [-15, 0, 0],
							"uv": {
								"north": {"uv": [19, 69], "uv_size": [2, 4]},
								"east": {"uv": [14, 69], "uv_size": [5, 4]},
								"south": {"uv": [26, 69], "uv_size": [2, 4]},
								"west": {"uv": [21, 69], "uv_size": [5, 4]},
								"up": {"uv": [19, 64], "uv_size": [2, 5]},
								"down": {"uv": [21, 69], "uv_size": [2, -5]}
							}
						}
					]
				},
				{
					"name": "bullet2",
					"parent": "magazine2",
					"pivot": [-0.084, 19.83159, 15.45356],
					"cubes": [
						{
							"origin": [-0.704, 19.08759, 14.83356],
							"size": [0.868, 0.868, 1.612],
							"pivot": [-0.084, 19.83159, 15.45356],
							"rotation": [0, 0, -45],
							"uv": {
								"north": {"uv": [88, 13], "uv_size": [0, 0]},
								"east": {"uv": [87, 13], "uv_size": [1, 0]},
								"south": {"uv": [89, 13], "uv_size": [0, 0]},
								"west": {"uv": [88, 13], "uv_size": [1, 0]},
								"up": {"uv": [88, 12], "uv_size": [0, 1]},
								"down": {"uv": [88, 13], "uv_size": [0, -1]}
							}
						},
						{
							"origin": [-0.704, 19.08759, 16.44556],
							"size": [0.992, 0.992, 3.348],
							"pivot": [-0.084, 19.83159, 15.45356],
							"rotation": [0, 0, -45],
							"uv": {
								"north": {"uv": [90, 13], "uv_size": [0, 0]},
								"east": {"uv": [87, 13], "uv_size": [3, 0]},
								"south": {"uv": [93, 13], "uv_size": [0, 0]},
								"west": {"uv": [90, 13], "uv_size": [3, 0]},
								"up": {"uv": [90, 10], "uv_size": [0, 3]},
								"down": {"uv": [90, 13], "uv_size": [0, -3]}
							}
						}
					]
				},
				{
					"name": "belt",
					"parent": "main",
					"pivot": [-1.305, 23.196, 14.868],
					"cubes": [
						{
							"origin": [-1.212, 22.328, 10.9],
							"size": [1.984, 1.86, 17.732],
							"uv": {
								"north": {"uv": [57, 17], "uv_size": [1, 1]},
								"east": {"uv": [40, 17], "uv_size": [17, 1]},
								"south": {"uv": [75, 17], "uv_size": [1, 1]},
								"west": {"uv": [58, 17], "uv_size": [17, 1]},
								"up": {"uv": [57, 0], "uv_size": [1, 17]},
								"down": {"uv": [58, 17], "uv_size": [1, -17]}
							}
						},
						{
							"origin": [-0.6788, 24.25, 10.9],
							"size": [0.62, 0.9796, 8.68],
							"pivot": [-1.088, 25.18, 31.174],
							"rotation": [0, 0, 30],
							"uv": {
								"north": {"uv": [90, 57], "uv_size": [0, 0]},
								"east": {"uv": [82, 57], "uv_size": [8, 0]},
								"south": {"uv": [98, 57], "uv_size": [0, 0]},
								"west": {"uv": [90, 57], "uv_size": [8, 0]},
								"up": {"uv": [90, 49], "uv_size": [0, 8]},
								"down": {"uv": [90, 57], "uv_size": [0, -8]}
							}
						},
						{
							"origin": [-1.46, 22.824, 14.744],
							"size": [0.248, 0.744, 5.704],
							"uv": {
								"north": {"uv": [5, 5], "uv_size": [0, 0]},
								"east": {"uv": [0, 5], "uv_size": [5, 0]},
								"south": {"uv": [10, 5], "uv_size": [0, 0]},
								"west": {"uv": [5, 5], "uv_size": [5, 0]},
								"up": {"uv": [5, 0], "uv_size": [0, 5]},
								"down": {"uv": [5, 5], "uv_size": [0, -5]}
							}
						},
						{
							"origin": [-2.08, 22.824, 14.744],
							"size": [0.744, 0.744, 0.248],
							"pivot": [-1.305, 23.196, 14.868],
							"rotation": [0, -20, 0],
							"uv": {
								"north": {"uv": [0, 0], "uv_size": [0, 0]},
								"east": {"uv": [0, 0], "uv_size": [0, 0]},
								"south": {"uv": [0, 0], "uv_size": [0, 0]},
								"west": {"uv": [0, 0], "uv_size": [0, 0]},
								"up": {"uv": [0, 0], "uv_size": [0, 0]},
								"down": {"uv": [0, 0], "uv_size": [0, 0]}
							}
						},
						{
							"origin": [-4.56, 22.576, 14.744],
							"size": [2.48, 1.24, 0.248],
							"pivot": [-1.305, 23.196, 14.868],
							"rotation": [0, -20, 0],
							"uv": {
								"north": {"uv": [22, 5], "uv_size": [2, 1]},
								"east": {"uv": [22, 5], "uv_size": [0, 1]},
								"south": {"uv": [24, 5], "uv_size": [2, 1]},
								"west": {"uv": [24, 5], "uv_size": [0, 1]},
								"up": {"uv": [22, 5], "uv_size": [2, 0]},
								"down": {"uv": [24, 5], "uv_size": [2, 0]}
							}
						}
					]
				},
				{
					"name": "rightarm",
					"parent": "main",
					"pivot": [-8.3, 9.8, 16.8],
					"rotation": [-102.46726, -22.17769, -0.27011],
					"cubes": [
						{
							"origin": [-11.3, -14.2, 12.8],
							"size": [8, 24, 8],
							"uv": {
								"north": {"uv": [40, 40], "uv_size": [8, 24]},
								"east": {"uv": [32, 40], "uv_size": [8, 24]},
								"south": {"uv": [56, 40], "uv_size": [8, 24]},
								"west": {"uv": [48, 40], "uv_size": [8, 24]},
								"up": {"uv": [40, 32], "uv_size": [8, 8]},
								"down": {"uv": [48, 40], "uv_size": [8, -8]}
							}
						}
					]
				},
				{
					"name": "leftarm",
					"parent": "main",
					"pivot": [10.7, 6.3, 3.4],
					"rotation": [-119.61483, 1.67666, -38.31282],
					"cubes": [
						{
							"origin": [6.7, -17.7, -0.6],
							"size": [8, 24, 8],
							"uv": {
								"north": {"uv": [8, 40], "uv_size": [8, 24]},
								"east": {"uv": [0, 40], "uv_size": [8, 24]},
								"south": {"uv": [24, 40], "uv_size": [8, 24]},
								"west": {"uv": [16, 40], "uv_size": [8, 24]},
								"up": {"uv": [8, 32], "uv_size": [8, 8]},
								"down": {"uv": [16, 40], "uv_size": [8, -8]}
							}
						}
					]
				},
				{
					"name": "muzzleflash",
					"parent": "main",
					"pivot": [0, 21.35, -28.25],
					"cubes": [
						{
							"origin": [-0.5, 20.85, -28.55],
							"size": [1, 1, 1],
							"inflate": -0.4,
							"uv": {
								"north": {"uv": [63, 16], "uv_size": [1, 1]},
								"east": {"uv": [62, 16], "uv_size": [1, 1]},
								"south": {"uv": [65, 16], "uv_size": [1, 1]},
								"west": {"uv": [64, 16], "uv_size": [1, 1]},
								"up": {"uv": [63, 15], "uv_size": [1, 1]},
								"down": {"uv": [64, 16], "uv_size": [1, -1]}
							}
						}
					]
				},
				{
					"name": "scope",
					"parent": "main",
					"pivot": [-0.05, 31.05, 13.35],
					"cubes": [
						{
							"origin": [-0.55, 30.55, 12.85],
							"size": [1, 1, 1],
							"inflate": -0.4,
							"uv": {
								"north": {"uv": [62, 36], "uv_size": [1, 1]},
								"east": {"uv": [61, 36], "uv_size": [1, 1]},
								"south": {"uv": [64, 36], "uv_size": [1, 1]},
								"west": {"uv": [63, 36], "uv_size": [1, 1]},
								"up": {"uv": [62, 35], "uv_size": [1, 1]},
								"down": {"uv": [63, 36], "uv_size": [1, -1]}
							}
						}
					]
				}
			]
		}
	]
}