{
	"format_version": "1.12.0",
	"minecraft:geometry": [
		{
			"description": {
				"identifier": "geometry.unknown",
				"texture_width": 256,
				"texture_height": 256,
				"visible_bounds_width": 8,
				"visible_bounds_height": 5,
				"visible_bounds_offset": [0, 0.5, 0]
			},
			"bones": [
				{
					"name": "main",
					"pivot": [0, 20, 0]
				},
				{
					"name": "bone2",
					"parent": "main",
					"pivot": [0.01993, 15.11447, 3.12883]
				},
				{
					"name": "gun",
					"parent": "bone2",
					"pivot": [0.01993, 15.11447, 3.12883],
					"cubes": [
						{
							"origin": [-1.7, 16, -8],
							"size": [3.4, 5.2, 6],
							"uv": {
								"north": {"uv": [96, 132], "uv_size": [6, 10]},
								"east": {"uv": [116, 88], "uv_size": [12, 10]},
								"south": {"uv": [134, 88], "uv_size": [6, 10]},
								"west": {"uv": [116, 98], "uv_size": [12, 10]},
								"up": {"uv": [74, 126], "uv_size": [6, 12]},
								"down": {"uv": [128, 100], "uv_size": [6, -12]}
							}
						},
						{
							"origin": [-1.7, 16, -17.3],
							"size": [3.4, 2.9, 9.3],
							"uv": {
								"north": {"uv": [132, 138], "uv_size": [6, 6]},
								"east": {"uv": [64, 120], "uv_size": [18, 6]},
								"south": {"uv": [138, 138], "uv_size": [6, 6]},
								"west": {"uv": [120, 124], "uv_size": [18, 6]},
								"up": {"uv": [82, 120], "uv_size": [6, 18]},
								"down": {"uv": [104, 138], "uv_size": [6, -18]}
							}
						},
						{
							"origin": [0.64142, 21.83848, -11.2],
							"size": [1.5, 0.5, 2.9],
							"uv": {
								"north": {"uv": [156, 146], "uv_size": [4, 2]},
								"east": {"uv": [152, 106], "uv_size": [6, 2]},
								"south": {"uv": [148, 156], "uv_size": [4, 2]},
								"west": {"uv": [152, 134], "uv_size": [6, 2]},
								"up": {"uv": [72, 150], "uv_size": [4, 6]},
								"down": {"uv": [112, 156], "uv_size": [4, -6]}
							}
						},
						{
							"origin": [-2.05858, 21.83848, -11.2],
							"size": [1.5, 0.5, 2.9],
							"uv": {
								"north": {"uv": [158, 22], "uv_size": [4, 2]},
								"east": {"uv": [54, 156], "uv_size": [6, 2]},
								"south": {"uv": [24, 158], "uv_size": [4, 2]},
								"west": {"uv": [156, 56], "uv_size": [6, 2]},
								"up": {"uv": [152, 12], "uv_size": [4, 6]},
								"down": {"uv": [152, 24], "uv_size": [4, -6]}
							}
						},
						{
							"origin": [-1.65858, 21.43848, -9.7],
							"size": [3.4, 0.7, 3],
							"pivot": [0.04142, 21.98848, -8.2],
							"rotation": [-7.5, 0, 0],
							"uv": {
								"north": {"uv": [156, 58], "uv_size": [6, 2]},
								"east": {"uv": [60, 156], "uv_size": [6, 2]},
								"south": {"uv": [156, 60], "uv_size": [6, 2]},
								"west": {"uv": [156, 68], "uv_size": [6, 2]},
								"up": {"uv": [144, 136], "uv_size": [6, 6]},
								"down": {"uv": [138, 150], "uv_size": [6, -6]}
							}
						},
						{
							"origin": [-0.85858, 21.43848, -6.7],
							"size": [1.8, 0.7, 3.4],
							"pivot": [0.04142, 21.98848, -8.2],
							"rotation": [-7.5, 0, 0],
							"uv": {
								"north": {"uv": [158, 24], "uv_size": [4, 2]},
								"east": {"uv": [156, 70], "uv_size": [6, 2]},
								"south": {"uv": [158, 26], "uv_size": [4, 2]},
								"west": {"uv": [78, 156], "uv_size": [6, 2]},
								"up": {"uv": [152, 24], "uv_size": [4, 6]},
								"down": {"uv": [152, 36], "uv_size": [4, -6]}
							}
						},
						{
							"origin": [0.48414, 21.04048, -6.89],
							"size": [0.9, 0.675, 3.5],
							"pivot": [0.93414, 21.39048, -5.19],
							"rotation": [-7.67995, -12.39135, 1.6575],
							"uv": {
								"north": {"uv": [162, 4], "uv_size": [2, 2]},
								"east": {"uv": [156, 88], "uv_size": [6, 2]},
								"south": {"uv": [162, 6], "uv_size": [2, 2]},
								"west": {"uv": [156, 90], "uv_size": [6, 2]},
								"up": {"uv": [66, 156], "uv_size": [2, 6]},
								"down": {"uv": [72, 162], "uv_size": [2, -6]}
							}
						},
						{
							"origin": [-1.3013, 21.04026, -6.88674],
							"size": [0.9, 0.675, 3.5],
							"pivot": [-0.8513, 21.41526, -5.18674],
							"rotation": [-7.67995, 12.39135, -1.6575],
							"uv": {
								"north": {"uv": [162, 8], "uv_size": [2, 2]},
								"east": {"uv": [156, 92], "uv_size": [6, 2]},
								"south": {"uv": [162, 10], "uv_size": [2, 2]},
								"west": {"uv": [156, 96], "uv_size": [6, 2]},
								"up": {"uv": [74, 156], "uv_size": [2, 6]},
								"down": {"uv": [84, 162], "uv_size": [2, -6]}
							}
						},
						{
							"origin": [-0.6, 22.1, -11.2],
							"size": [1.3, 0.5, 1.6],
							"uv": {
								"north": {"uv": [162, 12], "uv_size": [2, 2]},
								"east": {"uv": [28, 158], "uv_size": [4, 2]},
								"south": {"uv": [162, 14], "uv_size": [2, 2]},
								"west": {"uv": [158, 28], "uv_size": [4, 2]},
								"up": {"uv": [134, 32], "uv_size": [2, 4]},
								"down": {"uv": [134, 48], "uv_size": [2, -4]}
							}
						},
						{
							"origin": [-1.71, 16.31214, -2.77515],
							"size": [3.4, 4.2, 4],
							"pivot": [0, 17.91214, 0.22485],
							"rotation": [-15, 0, 0],
							"uv": {
								"north": {"uv": [136, 56], "uv_size": [6, 8]},
								"east": {"uv": [128, 100], "uv_size": [8, 8]},
								"south": {"uv": [136, 64], "uv_size": [6, 8]},
								"west": {"uv": [120, 130], "uv_size": [8, 8]},
								"up": {"uv": [136, 98], "uv_size": [6, 8]},
								"down": {"uv": [136, 138], "uv_size": [6, -8]}
							}
						},
						{
							"origin": [-1.21, 15.197, 0.2975],
							"size": [2.4, 4.2, 5.7],
							"pivot": [0, 17.29735, 2.2975],
							"rotation": [-35, 0, 0],
							"uv": {
								"north": {"uv": [108, 138], "uv_size": [4, 8]},
								"east": {"uv": [126, 0], "uv_size": [12, 8]},
								"south": {"uv": [144, 142], "uv_size": [4, 8]},
								"west": {"uv": [126, 8], "uv_size": [12, 8]},
								"up": {"uv": [138, 0], "uv_size": [4, 12]},
								"down": {"uv": [72, 150], "uv_size": [4, -12]}
							}
						},
						{
							"origin": [0.13741, 14.80615, 0.00619],
							"size": [1.2, 4.2, 3.7],
							"pivot": [0.13741, 16.90615, 2.85619],
							"rotation": [-35.23163, -6.13784, 4.31837],
							"uv": {
								"north": {"uv": [110, 130], "uv_size": [2, 8]},
								"east": {"uv": [134, 24], "uv_size": [8, 8]},
								"south": {"uv": [4, 146], "uv_size": [2, 8]},
								"west": {"uv": [64, 134], "uv_size": [8, 8]},
								"up": {"uv": [100, 148], "uv_size": [2, 8]},
								"down": {"uv": [152, 44], "uv_size": [2, -8]}
							}
						},
						{
							"origin": [-1.37931, 14.79851, 0.51711],
							"size": [1.2, 4.2, 4.7],
							"pivot": [-4.17931, 16.89851, 2.86711],
							"rotation": [-35.23163, 6.13784, -4.31837],
							"uv": {
								"north": {"uv": [152, 56], "uv_size": [2, 8]},
								"east": {"uv": [126, 36], "uv_size": [10, 8]},
								"south": {"uv": [76, 152], "uv_size": [2, 8]},
								"west": {"uv": [64, 126], "uv_size": [10, 8]},
								"up": {"uv": [110, 120], "uv_size": [2, 10]},
								"down": {"uv": [80, 136], "uv_size": [2, -10]}
							}
						},
						{
							"origin": [-1.2, 12.98732, 4.53838],
							"size": [2.4, 4.5, 4.1],
							"pivot": [0, 15.38732, 6.63838],
							"rotation": [-12.5, 0, 0],
							"uv": {
								"north": {"uv": [76, 138], "uv_size": [4, 10]},
								"east": {"uv": [126, 16], "uv_size": [8, 10]},
								"south": {"uv": [80, 138], "uv_size": [4, 10]},
								"west": {"uv": [126, 26], "uv_size": [8, 10]},
								"up": {"uv": [0, 146], "uv_size": [4, 8]},
								"down": {"uv": [108, 154], "uv_size": [4, -8]}
							}
						},
						{
							"origin": [-1.189, 12.90012, 8.32763],
							"size": [2.4, 4.3, 3.7],
							"pivot": [0, 14.95012, 10.67763],
							"rotation": [7.5, 0, 0],
							"uv": {
								"north": {"uv": [148, 0], "uv_size": [4, 8]},
								"east": {"uv": [128, 130], "uv_size": [8, 8]},
								"south": {"uv": [148, 8], "uv_size": [4, 8]},
								"west": {"uv": [134, 16], "uv_size": [8, 8]},
								"up": {"uv": [148, 16], "uv_size": [4, 8]},
								"down": {"uv": [148, 32], "uv_size": [4, -8]}
							}
						},
						{
							"origin": [-1.2, 10.30012, 9.32763],
							"size": [2.4, 2.6, 2.7],
							"pivot": [0, 14.95012, 10.67763],
							"rotation": [7.5, 0, 0],
							"uv": {
								"north": {"uv": [148, 96], "uv_size": [4, 6]},
								"east": {"uv": [138, 124], "uv_size": [6, 6]},
								"south": {"uv": [148, 102], "uv_size": [4, 6]},
								"west": {"uv": [126, 138], "uv_size": [6, 6]},
								"up": {"uv": [104, 148], "uv_size": [4, 6]},
								"down": {"uv": [148, 136], "uv_size": [4, -6]}
							}
						},
						{
							"origin": [-1.188, 10.1078, 7.1112],
							"size": [2.4, 4.9, 2.7],
							"pivot": [0, 13.5578, 8.4612],
							"rotation": [45, 0, 0],
							"uv": {
								"north": {"uv": [84, 138], "uv_size": [4, 10]},
								"east": {"uv": [0, 136], "uv_size": [6, 10]},
								"south": {"uv": [104, 138], "uv_size": [4, 10]},
								"west": {"uv": [136, 32], "uv_size": [6, 10]},
								"up": {"uv": [68, 148], "uv_size": [4, 6]},
								"down": {"uv": [96, 154], "uv_size": [4, -6]}
							}
						},
						{
							"origin": [-3.4, 19.3, -8.6],
							"size": [2.6, 2.6, 0.5],
							"pivot": [-2.2, 20.5, -12.65],
							"rotation": [0, 0, 45],
							"uv": {
								"north": {"uv": [142, 100], "uv_size": [6, 6]},
								"east": {"uv": [154, 136], "uv_size": [2, 6]},
								"south": {"uv": [142, 130], "uv_size": [6, 6]},
								"west": {"uv": [154, 142], "uv_size": [2, 6]},
								"up": {"uv": [154, 130], "uv_size": [6, 2]},
								"down": {"uv": [154, 134], "uv_size": [6, -2]}
							}
						},
						{
							"origin": [-1.3, 19.3, -11.2],
							"size": [0.5, 2.6, 2.6],
							"pivot": [-2.2, 20.5, -12.65],
							"rotation": [0, 0, 45],
							"uv": {
								"north": {"uv": [154, 148], "uv_size": [2, 6]},
								"east": {"uv": [120, 144], "uv_size": [6, 6]},
								"south": {"uv": [154, 154], "uv_size": [2, 6]},
								"west": {"uv": [144, 124], "uv_size": [6, 6]},
								"up": {"uv": [156, 0], "uv_size": [2, 6]},
								"down": {"uv": [156, 12], "uv_size": [2, -6]}
							}
						},
						{
							"origin": [-2.9, 21.4, -11.2],
							"size": [1.6, 0.5, 2.6],
							"pivot": [-2.2, 20.5, -12.65],
							"rotation": [0, 0, 45],
							"uv": {
								"north": {"uv": [158, 16], "uv_size": [4, 2]},
								"east": {"uv": [156, 12], "uv_size": [6, 2]},
								"south": {"uv": [158, 18], "uv_size": [4, 2]},
								"west": {"uv": [156, 14], "uv_size": [6, 2]},
								"up": {"uv": [144, 150], "uv_size": [4, 6]},
								"down": {"uv": [148, 156], "uv_size": [4, -6]}
							}
						},
						{
							"origin": [-3.4, 19.3, -11.2],
							"size": [0.5, 2.6, 2.6],
							"pivot": [-2.2, 20.5, -12.65],
							"rotation": [0, 0, 45],
							"uv": {
								"north": {"uv": [156, 16], "uv_size": [2, 6]},
								"east": {"uv": [126, 144], "uv_size": [6, 6]},
								"south": {"uv": [156, 22], "uv_size": [2, 6]},
								"west": {"uv": [132, 144], "uv_size": [6, 6]},
								"up": {"uv": [156, 28], "uv_size": [2, 6]},
								"down": {"uv": [156, 40], "uv_size": [2, -6]}
							}
						},
						{
							"origin": [-2.9, 19.3, -11.2],
							"size": [1.6, 0.5, 2.6],
							"pivot": [-2.2, 20.5, -12.65],
							"rotation": [0, 0, 45],
							"uv": {
								"north": {"uv": [20, 158], "uv_size": [4, 2]},
								"east": {"uv": [156, 40], "uv_size": [6, 2]},
								"south": {"uv": [158, 20], "uv_size": [4, 2]},
								"west": {"uv": [156, 44], "uv_size": [6, 2]},
								"up": {"uv": [152, 0], "uv_size": [4, 6]},
								"down": {"uv": [152, 12], "uv_size": [4, -6]}
							}
						},
						{
							"origin": [0.8, 19.3, -8.5],
							"size": [2.6, 2.6, 0.5],
							"pivot": [2, 20.5, -12.65],
							"rotation": [0, 0, 45],
							"uv": {
								"north": {"uv": [142, 94], "uv_size": [6, 6]},
								"east": {"uv": [108, 154], "uv_size": [2, 6]},
								"south": {"uv": [96, 142], "uv_size": [6, 6]},
								"west": {"uv": [110, 154], "uv_size": [2, 6]},
								"up": {"uv": [126, 154], "uv_size": [6, 2]},
								"down": {"uv": [154, 130], "uv_size": [6, -2]}
							}
						},
						{
							"origin": [2.9, 19.3, -11.2],
							"size": [0.5, 2.6, 2.7],
							"pivot": [2, 20.5, -12.65],
							"rotation": [0, 0, 45],
							"uv": {
								"north": {"uv": [68, 154], "uv_size": [2, 6]},
								"east": {"uv": [142, 42], "uv_size": [6, 6]},
								"south": {"uv": [70, 154], "uv_size": [2, 6]},
								"west": {"uv": [142, 56], "uv_size": [6, 6]},
								"up": {"uv": [154, 88], "uv_size": [2, 6]},
								"down": {"uv": [96, 160], "uv_size": [2, -6]}
							}
						},
						{
							"origin": [1.3, 21.4, -11.2],
							"size": [1.6, 0.5, 2.7],
							"pivot": [2, 20.5, -12.65],
							"rotation": [0, 0, 45],
							"uv": {
								"north": {"uv": [158, 6], "uv_size": [4, 2]},
								"east": {"uv": [154, 64], "uv_size": [6, 2]},
								"south": {"uv": [158, 8], "uv_size": [4, 2]},
								"west": {"uv": [154, 66], "uv_size": [6, 2]},
								"up": {"uv": [132, 150], "uv_size": [4, 6]},
								"down": {"uv": [136, 156], "uv_size": [4, -6]}
							}
						},
						{
							"origin": [1.3, 19.3, -11.2],
							"size": [1.6, 0.5, 2.7],
							"pivot": [2, 20.5, -12.65],
							"rotation": [0, 0, 45],
							"uv": {
								"north": {"uv": [158, 10], "uv_size": [4, 2]},
								"east": {"uv": [154, 94], "uv_size": [6, 2]},
								"south": {"uv": [16, 158], "uv_size": [4, 2]},
								"west": {"uv": [120, 154], "uv_size": [6, 2]},
								"up": {"uv": [150, 136], "uv_size": [4, 6]},
								"down": {"uv": [140, 156], "uv_size": [4, -6]}
							}
						},
						{
							"origin": [0.8, 19.3, -11.2],
							"size": [0.5, 2.6, 2.7],
							"pivot": [2, 20.5, -12.65],
							"rotation": [0, 0, 45],
							"uv": {
								"north": {"uv": [98, 154], "uv_size": [2, 6]},
								"east": {"uv": [142, 62], "uv_size": [6, 6]},
								"south": {"uv": [154, 100], "uv_size": [2, 6]},
								"west": {"uv": [64, 142], "uv_size": [6, 6]},
								"up": {"uv": [104, 154], "uv_size": [2, 6]},
								"down": {"uv": [106, 160], "uv_size": [2, -6]}
							}
						},
						{
							"origin": [-1.6, 15.75755, -2.02874],
							"size": [3.2, 2.2, 3],
							"pivot": [0, 16.85755, -0.52874],
							"rotation": [-10, 0, 0],
							"uv": {
								"north": {"uv": [148, 64], "uv_size": [6, 4]},
								"east": {"uv": [76, 148], "uv_size": [6, 4]},
								"south": {"uv": [82, 148], "uv_size": [6, 4]},
								"west": {"uv": [148, 92], "uv_size": [6, 4]},
								"up": {"uv": [136, 42], "uv_size": [6, 6]},
								"down": {"uv": [120, 144], "uv_size": [6, -6]}
							}
						},
						{
							"origin": [-0.4, 14.10931, 1.5946],
							"size": [0.8, 0.2, 1.7],
							"pivot": [0, 13.90931, 1.7946],
							"rotation": [20, 0, 0],
							"uv": {
								"north": {"uv": [142, 162], "uv_size": [2, 2]},
								"east": {"uv": [158, 134], "uv_size": [4, 2]},
								"south": {"uv": [162, 142], "uv_size": [2, 2]},
								"west": {"uv": [26, 160], "uv_size": [4, 2]},
								"up": {"uv": [30, 160], "uv_size": [2, 4]},
								"down": {"uv": [32, 164], "uv_size": [2, -4]}
							}
						},
						{
							"origin": [-0.4, 13.34617, 0.24749],
							"size": [0.8, 0.2, 1.7],
							"pivot": [0, 13.44617, 1.09749],
							"rotation": [57.5, 0, 0],
							"uv": {
								"north": {"uv": [144, 162], "uv_size": [2, 2]},
								"east": {"uv": [160, 36], "uv_size": [4, 2]},
								"south": {"uv": [162, 144], "uv_size": [2, 2]},
								"west": {"uv": [160, 38], "uv_size": [4, 2]},
								"up": {"uv": [34, 160], "uv_size": [2, 4]},
								"down": {"uv": [44, 164], "uv_size": [2, -4]}
							}
						},
						{
							"origin": [-0.4, 14.76296, 0.38291],
							"size": [0.8, 0.2, 1.9],
							"pivot": [0, 14.86296, 1.23291],
							"rotation": [125, 0, 0],
							"uv": {
								"north": {"uv": [162, 156], "uv_size": [2, 2]},
								"east": {"uv": [160, 126], "uv_size": [4, 2]},
								"south": {"uv": [158, 162], "uv_size": [2, 2]},
								"west": {"uv": [160, 128], "uv_size": [4, 2]},
								"up": {"uv": [110, 160], "uv_size": [2, 4]},
								"down": {"uv": [160, 134], "uv_size": [2, -4]}
							}
						},
						{
							"origin": [-0.42196, 14.29401, -0.32556],
							"size": [0.8, 0.2, 1.3],
							"pivot": [-0.02196, 14.39401, 0.02444],
							"rotation": [105, 0, 0],
							"uv": {
								"north": {"uv": [162, 160], "uv_size": [2, 2]},
								"east": {"uv": [162, 162], "uv_size": [2, 2]},
								"south": {"uv": [0, 164], "uv_size": [2, 2]},
								"west": {"uv": [164, 0], "uv_size": [2, 2]},
								"up": {"uv": [2, 164], "uv_size": [2, 2]},
								"down": {"uv": [164, 4], "uv_size": [2, -2]}
							}
						},
						{
							"origin": [-0.41572, 15.90848, 1.01626],
							"size": [0.8, 0.2, 1],
							"pivot": [-0.01572, 14.30848, 0.26626],
							"rotation": [105, 0, 0],
							"uv": {
								"north": {"uv": [164, 6], "uv_size": [2, 2]},
								"east": {"uv": [164, 8], "uv_size": [2, 2]},
								"south": {"uv": [164, 10], "uv_size": [2, 2]},
								"west": {"uv": [164, 12], "uv_size": [2, 2]},
								"up": {"uv": [164, 14], "uv_size": [2, 2]},
								"down": {"uv": [16, 166], "uv_size": [2, -2]}
							}
						},
						{
							"origin": [-0.41572, 14.09514, -2.55706],
							"size": [0.8, 0.2, 1.3],
							"pivot": [-0.01572, 14.19514, -1.75706],
							"rotation": [67.5, 0, 0],
							"uv": {
								"north": {"uv": [164, 16], "uv_size": [2, 2]},
								"east": {"uv": [18, 164], "uv_size": [2, 2]},
								"south": {"uv": [164, 18], "uv_size": [2, 2]},
								"west": {"uv": [20, 164], "uv_size": [2, 2]},
								"up": {"uv": [164, 20], "uv_size": [2, 2]},
								"down": {"uv": [22, 166], "uv_size": [2, -2]}
							}
						},
						{
							"origin": [-0.4, 12.45216, -0.97179],
							"size": [0.8, 0.2, 1.7],
							"pivot": [0, 12.55216, -0.12179],
							"rotation": [15, 0, 0],
							"uv": {
								"north": {"uv": [146, 162], "uv_size": [2, 2]},
								"east": {"uv": [160, 42], "uv_size": [4, 2]},
								"south": {"uv": [148, 162], "uv_size": [2, 2]},
								"west": {"uv": [46, 160], "uv_size": [4, 2]},
								"up": {"uv": [50, 160], "uv_size": [2, 4]},
								"down": {"uv": [160, 66], "uv_size": [2, -4]}
							}
						},
						{
							"origin": [-0.39836, 12.41526, -3.67663],
							"size": [0.8, 0.2, 2.8],
							"pivot": [0.00164, 12.51526, -1.72663],
							"rotation": [-12.53455, -0.23621, -0.34536],
							"uv": {
								"north": {"uv": [150, 162], "uv_size": [2, 2]},
								"east": {"uv": [122, 156], "uv_size": [6, 2]},
								"south": {"uv": [162, 150], "uv_size": [2, 2]},
								"west": {"uv": [156, 124], "uv_size": [6, 2]},
								"up": {"uv": [128, 156], "uv_size": [2, 6]},
								"down": {"uv": [130, 162], "uv_size": [2, -6]}
							}
						},
						{
							"origin": [-0.39836, 15.41526, -2.57663],
							"size": [0.8, 0.2, 1.8],
							"pivot": [0.00164, 12.51526, -1.72663],
							"rotation": [-12.53455, -0.23621, -0.34536],
							"uv": {
								"north": {"uv": [162, 158], "uv_size": [2, 2]},
								"east": {"uv": [132, 160], "uv_size": [4, 2]},
								"south": {"uv": [160, 162], "uv_size": [2, 2]},
								"west": {"uv": [160, 136], "uv_size": [4, 2]},
								"up": {"uv": [160, 138], "uv_size": [2, 4]},
								"down": {"uv": [160, 146], "uv_size": [2, -4]}
							}
						},
						{
							"origin": [-0.19836, 15.61526, -2.57663],
							"size": [0.4, 0.4, 1.8],
							"pivot": [0.00164, 12.51526, -1.72663],
							"rotation": [-12.53455, -0.23621, -0.34536],
							"uv": {
								"north": {"uv": [4, 164], "uv_size": [2, 2]},
								"east": {"uv": [160, 146], "uv_size": [4, 2]},
								"south": {"uv": [164, 4], "uv_size": [2, 2]},
								"west": {"uv": [160, 148], "uv_size": [4, 2]},
								"up": {"uv": [160, 150], "uv_size": [2, 4]},
								"down": {"uv": [152, 164], "uv_size": [2, -4]}
							}
						},
						{
							"origin": [-0.3996, 14.11921, -4.81676],
							"size": [0.8, 0.2, 2.3],
							"pivot": [0.0004, 14.21921, -3.91676],
							"rotation": [-75.03455, -0.23621, -0.34536],
							"uv": {
								"north": {"uv": [162, 152], "uv_size": [2, 2]},
								"east": {"uv": [160, 66], "uv_size": [4, 2]},
								"south": {"uv": [154, 162], "uv_size": [2, 2]},
								"west": {"uv": [68, 160], "uv_size": [4, 2]},
								"up": {"uv": [76, 160], "uv_size": [2, 4]},
								"down": {"uv": [96, 164], "uv_size": [2, -4]}
							}
						},
						{
							"origin": [-0.39674, 14.25612, -7.41188],
							"size": [0.8, 0.2, 1.7],
							"pivot": [0.00326, 14.35612, -4.81188],
							"rotation": [-135.03455, -0.23621, -0.34536],
							"uv": {
								"north": {"uv": [162, 154], "uv_size": [2, 2]},
								"east": {"uv": [160, 94], "uv_size": [4, 2]},
								"south": {"uv": [156, 162], "uv_size": [2, 2]},
								"west": {"uv": [104, 160], "uv_size": [4, 2]},
								"up": {"uv": [98, 160], "uv_size": [2, 4]},
								"down": {"uv": [108, 164], "uv_size": [2, -4]}
							}
						}
					]
				},
				{
					"name": "bone4",
					"parent": "gun",
					"pivot": [2.19142, 21.78848, -8.65],
					"cubes": [
						{
							"origin": [1.54142, 21.93848, -8.7],
							"size": [1.1, 1.1, 1.1],
							"pivot": [2.19142, 21.78848, -8.65],
							"rotation": [35, 0, 0],
							"uv": {
								"north": {"uv": [162, 20], "uv_size": [2, 2]},
								"east": {"uv": [162, 22], "uv_size": [2, 2]},
								"south": {"uv": [162, 24], "uv_size": [2, 2]},
								"west": {"uv": [26, 162], "uv_size": [2, 2]},
								"up": {"uv": [162, 26], "uv_size": [2, 2]},
								"down": {"uv": [28, 164], "uv_size": [2, -2]}
							}
						},
						{
							"origin": [1.64142, 22.03848, -10],
							"size": [0.9, 0.9, 1.6],
							"pivot": [2.19142, 21.78848, -8.65],
							"rotation": [35, 0, 0],
							"uv": {
								"north": {"uv": [162, 16], "uv_size": [2, 2]},
								"east": {"uv": [158, 30], "uv_size": [4, 2]},
								"south": {"uv": [162, 18], "uv_size": [2, 2]},
								"west": {"uv": [32, 158], "uv_size": [4, 2]},
								"up": {"uv": [72, 134], "uv_size": [2, 4]},
								"down": {"uv": [140, 98], "uv_size": [2, -4]}
							}
						}
					]
				},
				{
					"name": "bone5",
					"parent": "gun",
					"pivot": [2.19142, 21.78848, -8.65],
					"cubes": [
						{
							"origin": [-2.55858, 21.93848, -8.7],
							"size": [1.1, 1.1, 1.1],
							"pivot": [2.19142, 21.78848, -8.65],
							"rotation": [35, 0, 0],
							"uv": {
								"north": {"uv": [162, 28], "uv_size": [2, 2]},
								"east": {"uv": [162, 30], "uv_size": [2, 2]},
								"south": {"uv": [162, 32], "uv_size": [2, 2]},
								"west": {"uv": [162, 34], "uv_size": [2, 2]},
								"up": {"uv": [36, 162], "uv_size": [2, 2]},
								"down": {"uv": [38, 164], "uv_size": [2, -2]}
							}
						},
						{
							"origin": [-2.45858, 22.03848, -10],
							"size": [0.9, 0.9, 1.6],
							"pivot": [2.19142, 21.78848, -8.65],
							"rotation": [35, 0, 0],
							"uv": {
								"north": {"uv": [40, 162], "uv_size": [2, 2]},
								"east": {"uv": [158, 32], "uv_size": [4, 2]},
								"south": {"uv": [162, 40], "uv_size": [2, 2]},
								"west": {"uv": [158, 34], "uv_size": [4, 2]},
								"up": {"uv": [152, 156], "uv_size": [2, 4]},
								"down": {"uv": [36, 162], "uv_size": [2, -4]}
							}
						}
					]
				},
				{
					"name": "bone",
					"parent": "bone2",
					"pivot": [2, 17.84256, -6.17906],
					"cubes": [
						{
							"origin": [1.7, 17.51394, -7.49468],
							"size": [0.6, 1.1, 2.4],
							"pivot": [2, 18.11394, -6.34468],
							"rotation": [-45, 0, 0],
							"uv": {
								"north": {"uv": [46, 162], "uv_size": [2, 2]},
								"east": {"uv": [44, 158], "uv_size": [4, 2]},
								"south": {"uv": [162, 46], "uv_size": [2, 2]},
								"west": {"uv": [48, 158], "uv_size": [4, 2]},
								"up": {"uv": [52, 158], "uv_size": [2, 4]},
								"down": {"uv": [54, 162], "uv_size": [2, -4]}
							}
						},
						{
							"origin": [1.7, 18.1, -7],
							"size": [0.6, 2.3, 0.8],
							"pivot": [2, 19.3, -6.6],
							"rotation": [-32.5, 0, 0],
							"uv": {
								"north": {"uv": [158, 36], "uv_size": [2, 4]},
								"east": {"uv": [38, 158], "uv_size": [2, 4]},
								"south": {"uv": [40, 158], "uv_size": [2, 4]},
								"west": {"uv": [42, 158], "uv_size": [2, 4]},
								"up": {"uv": [42, 162], "uv_size": [2, 2]},
								"down": {"uv": [162, 46], "uv_size": [2, -2]}
							}
						},
						{
							"origin": [1.7, 19.44793, -6.45527],
							"size": [0.6, 0.7, 2.8],
							"pivot": [2, 19.79793, -5.05527],
							"rotation": [-12.5, 0, 0],
							"uv": {
								"north": {"uv": [54, 162], "uv_size": [2, 2]},
								"east": {"uv": [156, 98], "uv_size": [6, 2]},
								"south": {"uv": [56, 162], "uv_size": [2, 2]},
								"west": {"uv": [156, 100], "uv_size": [6, 2]},
								"up": {"uv": [100, 156], "uv_size": [2, 6]},
								"down": {"uv": [112, 162], "uv_size": [2, -6]}
							}
						},
						{
							"origin": [1.7, 20.14793, -5.85527],
							"size": [0.6, 2, 0.8],
							"pivot": [2, 19.79793, -5.05527],
							"rotation": [-12.5, 0, 0],
							"uv": {
								"north": {"uv": [56, 158], "uv_size": [2, 4]},
								"east": {"uv": [58, 158], "uv_size": [2, 4]},
								"south": {"uv": [60, 158], "uv_size": [2, 4]},
								"west": {"uv": [62, 158], "uv_size": [2, 4]},
								"up": {"uv": [48, 162], "uv_size": [2, 2]},
								"down": {"uv": [52, 164], "uv_size": [2, -2]}
							}
						},
						{
							"origin": [1.7, 21.8551, -4.82643],
							"size": [0.6, 2, 0.4],
							"pivot": [2, 22.8551, -4.42643],
							"rotation": [-35, 0, 0],
							"uv": {
								"north": {"uv": [64, 158], "uv_size": [2, 4]},
								"east": {"uv": [78, 158], "uv_size": [2, 4]},
								"south": {"uv": [80, 158], "uv_size": [2, 4]},
								"west": {"uv": [82, 158], "uv_size": [2, 4]},
								"up": {"uv": [162, 56], "uv_size": [2, 2]},
								"down": {"uv": [58, 164], "uv_size": [2, -2]}
							}
						},
						{
							"origin": [1.7, 22.14793, -6.55527],
							"size": [0.6, 0.7, 1.1],
							"pivot": [2, 19.79793, -5.05527],
							"rotation": [-12.5, 0, 0],
							"uv": {
								"north": {"uv": [162, 60], "uv_size": [2, 2]},
								"east": {"uv": [62, 162], "uv_size": [2, 2]},
								"south": {"uv": [162, 62], "uv_size": [2, 2]},
								"west": {"uv": [64, 162], "uv_size": [2, 2]},
								"up": {"uv": [162, 64], "uv_size": [2, 2]},
								"down": {"uv": [66, 164], "uv_size": [2, -2]}
							}
						},
						{
							"origin": [1.7, 22.75959, -6.70035],
							"size": [0.6, 0.7, 1],
							"pivot": [2, 23.05959, -6.45035],
							"rotation": [-32.5, 0, 0],
							"uv": {
								"north": {"uv": [68, 162], "uv_size": [2, 2]},
								"east": {"uv": [162, 68], "uv_size": [2, 2]},
								"south": {"uv": [70, 162], "uv_size": [2, 2]},
								"west": {"uv": [162, 70], "uv_size": [2, 2]},
								"up": {"uv": [72, 162], "uv_size": [2, 2]},
								"down": {"uv": [74, 164], "uv_size": [2, -2]}
							}
						},
						{
							"origin": [1.8, 23.04256, -7.42906],
							"size": [0.4, 0.4, 1],
							"pivot": [2, 23.14256, -6.17906],
							"rotation": [2.5, 0, 0],
							"uv": {
								"north": {"uv": [78, 162], "uv_size": [2, 2]},
								"east": {"uv": [80, 162], "uv_size": [2, 2]},
								"south": {"uv": [82, 162], "uv_size": [2, 2]},
								"west": {"uv": [84, 162], "uv_size": [2, 2]},
								"up": {"uv": [86, 162], "uv_size": [2, 2]},
								"down": {"uv": [162, 90], "uv_size": [2, -2]}
							}
						},
						{
							"origin": [1.7, 22.0377, -4.54629],
							"size": [0.6, 1.5, 0.4],
							"pivot": [1.4, 23.2627, -4.54629],
							"rotation": [-20, 0, 0],
							"uv": {
								"north": {"uv": [86, 158], "uv_size": [2, 4]},
								"east": {"uv": [122, 158], "uv_size": [2, 4]},
								"south": {"uv": [124, 158], "uv_size": [2, 4]},
								"west": {"uv": [126, 158], "uv_size": [2, 4]},
								"up": {"uv": [162, 58], "uv_size": [2, 2]},
								"down": {"uv": [60, 164], "uv_size": [2, -2]}
							}
						}
					]
				},
				{
					"name": "bone3",
					"parent": "bone2",
					"pivot": [-2, 17.84256, -6.17906],
					"cubes": [
						{
							"origin": [-2.3, 17.51394, -7.49468],
							"size": [0.6, 1.1, 2.4],
							"pivot": [-2, 18.11394, -6.34468],
							"rotation": [-45, 0, 0],
							"uv": {
								"north": {"uv": [162, 90], "uv_size": [2, 2]},
								"east": {"uv": [158, 106], "uv_size": [4, 2]},
								"south": {"uv": [162, 92], "uv_size": [2, 2]},
								"west": {"uv": [132, 158], "uv_size": [4, 2]},
								"up": {"uv": [136, 158], "uv_size": [2, 4]},
								"down": {"uv": [138, 162], "uv_size": [2, -4]}
							}
						},
						{
							"origin": [-2.3, 18.1, -7],
							"size": [0.6, 2.3, 0.8],
							"pivot": [-2, 19.3, -6.6],
							"rotation": [-32.5, 0, 0],
							"uv": {
								"north": {"uv": [140, 158], "uv_size": [2, 4]},
								"east": {"uv": [142, 158], "uv_size": [2, 4]},
								"south": {"uv": [144, 158], "uv_size": [2, 4]},
								"west": {"uv": [146, 158], "uv_size": [2, 4]},
								"up": {"uv": [162, 96], "uv_size": [2, 2]},
								"down": {"uv": [162, 100], "uv_size": [2, -2]}
							}
						},
						{
							"origin": [-2.3, 19.44793, -6.45527],
							"size": [0.6, 0.7, 2.8],
							"pivot": [-2, 19.79793, -5.05527],
							"rotation": [-12.5, 0, 0],
							"uv": {
								"north": {"uv": [100, 162], "uv_size": [2, 2]},
								"east": {"uv": [156, 102], "uv_size": [6, 2]},
								"south": {"uv": [162, 100], "uv_size": [2, 2]},
								"west": {"uv": [156, 104], "uv_size": [6, 2]},
								"up": {"uv": [114, 156], "uv_size": [2, 6]},
								"down": {"uv": [120, 162], "uv_size": [2, -6]}
							}
						},
						{
							"origin": [-2.3, 20.14793, -5.85527],
							"size": [0.6, 2, 0.8],
							"pivot": [-2, 19.79793, -5.05527],
							"rotation": [-12.5, 0, 0],
							"uv": {
								"north": {"uv": [148, 158], "uv_size": [2, 4]},
								"east": {"uv": [150, 158], "uv_size": [2, 4]},
								"south": {"uv": [156, 158], "uv_size": [2, 4]},
								"west": {"uv": [158, 158], "uv_size": [2, 4]},
								"up": {"uv": [162, 102], "uv_size": [2, 2]},
								"down": {"uv": [104, 164], "uv_size": [2, -2]}
							}
						},
						{
							"origin": [-2.3, 21.8551, -4.82643],
							"size": [0.6, 2, 0.4],
							"pivot": [-2, 22.8551, -4.42643],
							"rotation": [-35, 0, 0],
							"uv": {
								"north": {"uv": [0, 160], "uv_size": [2, 4]},
								"east": {"uv": [2, 160], "uv_size": [2, 4]},
								"south": {"uv": [4, 160], "uv_size": [2, 4]},
								"west": {"uv": [16, 160], "uv_size": [2, 4]},
								"up": {"uv": [162, 104], "uv_size": [2, 2]},
								"down": {"uv": [106, 164], "uv_size": [2, -2]}
							}
						},
						{
							"origin": [-2.3, 22.14793, -6.55527],
							"size": [0.6, 0.7, 1.1],
							"pivot": [-2, 19.79793, -5.05527],
							"rotation": [-12.5, 0, 0],
							"uv": {
								"north": {"uv": [162, 106], "uv_size": [2, 2]},
								"east": {"uv": [112, 162], "uv_size": [2, 2]},
								"south": {"uv": [114, 162], "uv_size": [2, 2]},
								"west": {"uv": [120, 162], "uv_size": [2, 2]},
								"up": {"uv": [122, 162], "uv_size": [2, 2]},
								"down": {"uv": [124, 164], "uv_size": [2, -2]}
							}
						},
						{
							"origin": [-2.3, 22.75959, -6.70035],
							"size": [0.6, 0.7, 1],
							"pivot": [-2, 23.05959, -6.45035],
							"rotation": [-32.5, 0, 0],
							"uv": {
								"north": {"uv": [162, 124], "uv_size": [2, 2]},
								"east": {"uv": [126, 162], "uv_size": [2, 2]},
								"south": {"uv": [128, 162], "uv_size": [2, 2]},
								"west": {"uv": [130, 162], "uv_size": [2, 2]},
								"up": {"uv": [162, 130], "uv_size": [2, 2]},
								"down": {"uv": [132, 164], "uv_size": [2, -2]}
							}
						},
						{
							"origin": [-2.2, 23.04256, -7.42906],
							"size": [0.4, 0.4, 1],
							"pivot": [-2, 23.14256, -6.17906],
							"rotation": [2.5, 0, 0],
							"uv": {
								"north": {"uv": [162, 132], "uv_size": [2, 2]},
								"east": {"uv": [134, 162], "uv_size": [2, 2]},
								"south": {"uv": [162, 134], "uv_size": [2, 2]},
								"west": {"uv": [136, 162], "uv_size": [2, 2]},
								"up": {"uv": [138, 162], "uv_size": [2, 2]},
								"down": {"uv": [162, 140], "uv_size": [2, -2]}
							}
						},
						{
							"origin": [-2.3, 22.0377, -4.54629],
							"size": [0.6, 1.5, 0.4],
							"pivot": [-2.6, 23.2627, -4.54629],
							"rotation": [-20, 0, 0],
							"uv": {
								"north": {"uv": [18, 160], "uv_size": [2, 4]},
								"east": {"uv": [20, 160], "uv_size": [2, 4]},
								"south": {"uv": [22, 160], "uv_size": [2, 4]},
								"west": {"uv": [24, 160], "uv_size": [2, 4]},
								"up": {"uv": [140, 162], "uv_size": [2, 2]},
								"down": {"uv": [162, 142], "uv_size": [2, -2]}
							}
						}
					]
				},
				{
					"name": "barrels",
					"parent": "bone2",
					"pivot": [2, 17.5, -16.65],
					"cubes": [
						{
							"origin": [-1.5, 16, -20.7],
							"size": [3, 2.9, 3.4],
							"uv": {
								"north": {"uv": [140, 88], "uv_size": [6, 6]},
								"east": {"uv": [142, 0], "uv_size": [6, 6]},
								"south": {"uv": [142, 6], "uv_size": [6, 6]},
								"west": {"uv": [142, 12], "uv_size": [6, 6]},
								"up": {"uv": [142, 18], "uv_size": [6, 6]},
								"down": {"uv": [142, 30], "uv_size": [6, -6]}
							}
						},
						{
							"origin": [-1.55, 16, -32.7],
							"size": [3.1, 2.9, 12],
							"uv": {
								"north": {"uv": [142, 30], "uv_size": [6, 6]},
								"east": {"uv": [112, 60], "uv_size": [24, 6]},
								"south": {"uv": [142, 36], "uv_size": [6, 6]},
								"west": {"uv": [112, 66], "uv_size": [24, 6]},
								"up": {"uv": [96, 108], "uv_size": [6, 24]},
								"down": {"uv": [0, 136], "uv_size": [6, -24]}
							}
						},
						{
							"origin": [-1.5, 16.26688, -34.09346],
							"size": [3, 2.2, 1.9],
							"pivot": [0, 17.71688, -33.09346],
							"rotation": [47.5, 0, 0],
							"uv": {
								"north": {"uv": [148, 142], "uv_size": [6, 4]},
								"east": {"uv": [132, 56], "uv_size": [4, 4]},
								"south": {"uv": [148, 146], "uv_size": [6, 4]},
								"west": {"uv": [138, 12], "uv_size": [4, 4]},
								"up": {"uv": [150, 68], "uv_size": [6, 4]},
								"down": {"uv": [120, 154], "uv_size": [6, -4]}
							}
						},
						{
							"origin": [-1.55, 17.5, -34.3],
							"size": [3.1, 1.4, 1.6],
							"uv": {
								"north": {"uv": [136, 106], "uv_size": [6, 2]},
								"east": {"uv": [156, 126], "uv_size": [4, 2]},
								"south": {"uv": [142, 106], "uv_size": [6, 2]},
								"west": {"uv": [132, 156], "uv_size": [4, 2]},
								"up": {"uv": [150, 124], "uv_size": [6, 4]},
								"down": {"uv": [126, 154], "uv_size": [6, -4]}
							}
						},
						{
							"origin": [-1.5, 18.4, -41.2],
							"size": [3, 0.5, 30.1],
							"uv": {
								"north": {"uv": [154, 42], "uv_size": [6, 2]},
								"east": {"uv": [124, 48], "uv_size": [60, 2]},
								"south": {"uv": [154, 62], "uv_size": [6, 2]},
								"west": {"uv": [124, 50], "uv_size": [60, 2]},
								"up": {"uv": [64, 60], "uv_size": [6, 60]},
								"down": {"uv": [70, 120], "uv_size": [6, -60]}
							}
						},
						{
							"origin": [2.9, 19.3, -42.3],
							"size": [0.5, 2.6, 31.1],
							"pivot": [2, 20.5, -12.65],
							"rotation": [0, 0, 45],
							"uv": {
								"north": {"uv": [70, 142], "uv_size": [2, 6]},
								"east": {"uv": [64, 0], "uv_size": [62, 6]},
								"south": {"uv": [86, 152], "uv_size": [2, 6]},
								"west": {"uv": [64, 6], "uv_size": [62, 6]},
								"up": {"uv": [102, 108], "uv_size": [2, 62]},
								"down": {"uv": [6, 174], "uv_size": [2, -62]}
							}
						},
						{
							"origin": [27.60442, 31.74295, -41.2],
							"size": [1.5, 0.7, 30],
							"pivot": [-1.04558, 58.99295, -26.15],
							"rotation": [0, 0, 45],
							"uv": {
								"north": {"uv": [158, 2], "uv_size": [4, 2]},
								"east": {"uv": [120, 120], "uv_size": [60, 2]},
								"south": {"uv": [158, 4], "uv_size": [4, 2]},
								"west": {"uv": [120, 122], "uv_size": [60, 2]},
								"up": {"uv": [88, 108], "uv_size": [4, 60]},
								"down": {"uv": [92, 168], "uv_size": [4, -60]}
							}
						},
						{
							"origin": [-0.5, 18.9, -41.2],
							"size": [1, 3.2, 30],
							"uv": {
								"north": {"uv": [154, 36], "uv_size": [2, 6]},
								"east": {"uv": [64, 48], "uv_size": [60, 6]},
								"south": {"uv": [154, 56], "uv_size": [2, 6]},
								"west": {"uv": [64, 54], "uv_size": [60, 6]},
								"up": {"uv": [116, 108], "uv_size": [2, 60]},
								"down": {"uv": [118, 168], "uv_size": [2, -60]}
							}
						},
						{
							"origin": [-1.42574, 18.52071, -41.2],
							"size": [1.5, 0.7, 30],
							"pivot": [-1.07574, 18.97071, -26.15],
							"rotation": [0, 0, -45],
							"uv": {
								"north": {"uv": [156, 156], "uv_size": [4, 2]},
								"east": {"uv": [120, 116], "uv_size": [60, 2]},
								"south": {"uv": [158, 0], "uv_size": [4, 2]},
								"west": {"uv": [120, 118], "uv_size": [60, 2]},
								"up": {"uv": [104, 60], "uv_size": [4, 60]},
								"down": {"uv": [108, 120], "uv_size": [4, -60]}
							}
						},
						{
							"origin": [27.60442, 8.55705, -41.2],
							"size": [1.5, 0.7, 30],
							"pivot": [-1.04558, -17.99295, -26.15],
							"rotation": [0, 0, -45],
							"uv": {
								"north": {"uv": [156, 152], "uv_size": [4, 2]},
								"east": {"uv": [120, 112], "uv_size": [60, 2]},
								"south": {"uv": [156, 154], "uv_size": [4, 2]},
								"west": {"uv": [120, 114], "uv_size": [60, 2]},
								"up": {"uv": [56, 96], "uv_size": [4, 60]},
								"down": {"uv": [60, 156], "uv_size": [4, -60]}
							}
						},
						{
							"origin": [1.3, 21.4, -42.3],
							"size": [1.6, 0.5, 31.1],
							"pivot": [2, 20.5, -12.65],
							"rotation": [0, 0, 45],
							"uv": {
								"north": {"uv": [136, 156], "uv_size": [4, 2]},
								"east": {"uv": [112, 72], "uv_size": [62, 2]},
								"south": {"uv": [156, 136], "uv_size": [4, 2]},
								"west": {"uv": [112, 74], "uv_size": [62, 2]},
								"up": {"uv": [16, 96], "uv_size": [4, 62]},
								"down": {"uv": [20, 158], "uv_size": [4, -62]}
							}
						},
						{
							"origin": [0.8, 19.3, -42.3],
							"size": [0.5, 2.6, 31.1],
							"pivot": [2, 20.5, -12.65],
							"rotation": [0, 0, 45],
							"uv": {
								"north": {"uv": [152, 100], "uv_size": [2, 6]},
								"east": {"uv": [64, 12], "uv_size": [62, 6]},
								"south": {"uv": [152, 128], "uv_size": [2, 6]},
								"west": {"uv": [64, 18], "uv_size": [62, 6]},
								"up": {"uv": [8, 112], "uv_size": [2, 62]},
								"down": {"uv": [10, 174], "uv_size": [2, -62]}
							}
						},
						{
							"origin": [1.3, 19.3, -42.3],
							"size": [1.6, 0.5, 31.1],
							"pivot": [2, 20.5, -12.65],
							"rotation": [0, 0, 45],
							"uv": {
								"north": {"uv": [156, 138], "uv_size": [4, 2]},
								"east": {"uv": [112, 76], "uv_size": [62, 2]},
								"south": {"uv": [140, 156], "uv_size": [4, 2]},
								"west": {"uv": [112, 78], "uv_size": [62, 2]},
								"up": {"uv": [24, 96], "uv_size": [4, 62]},
								"down": {"uv": [28, 158], "uv_size": [4, -62]}
							}
						},
						{
							"origin": [-1.5, 22.1, -41.2],
							"size": [3, 0.5, 30],
							"uv": {
								"north": {"uv": [156, 46], "uv_size": [6, 2]},
								"east": {"uv": [124, 52], "uv_size": [60, 2]},
								"south": {"uv": [48, 156], "uv_size": [6, 2]},
								"west": {"uv": [124, 54], "uv_size": [60, 2]},
								"up": {"uv": [76, 60], "uv_size": [6, 60]},
								"down": {"uv": [82, 120], "uv_size": [6, -60]}
							}
						},
						{
							"origin": [-1.42574, 21.77929, -41.2],
							"size": [1.5, 0.7, 30],
							"pivot": [-1.07574, 22.02929, -26.15],
							"rotation": [0, 0, 45],
							"uv": {
								"north": {"uv": [156, 148], "uv_size": [4, 2]},
								"east": {"uv": [120, 108], "uv_size": [60, 2]},
								"south": {"uv": [156, 150], "uv_size": [4, 2]},
								"west": {"uv": [120, 110], "uv_size": [60, 2]},
								"up": {"uv": [48, 96], "uv_size": [4, 60]},
								"down": {"uv": [52, 156], "uv_size": [4, -60]}
							}
						},
						{
							"origin": [-0.1, 16.3, -42.3],
							"size": [0.5, 2.6, 31.1],
							"pivot": [2, 20.5, -12.65],
							"rotation": [0, 0, 45],
							"uv": {
								"north": {"uv": [2, 154], "uv_size": [2, 6]},
								"east": {"uv": [64, 36], "uv_size": [62, 6]},
								"south": {"uv": [4, 154], "uv_size": [2, 6]},
								"west": {"uv": [64, 42], "uv_size": [62, 6]},
								"up": {"uv": [112, 88], "uv_size": [2, 62]},
								"down": {"uv": [114, 150], "uv_size": [2, -62]}
							}
						},
						{
							"origin": [-1.7, 18.4, -42.3],
							"size": [1.6, 0.5, 31.1],
							"pivot": [2, 20.5, -12.65],
							"rotation": [0, 0, 45],
							"uv": {
								"north": {"uv": [144, 156], "uv_size": [4, 2]},
								"east": {"uv": [112, 84], "uv_size": [62, 2]},
								"south": {"uv": [156, 144], "uv_size": [4, 2]},
								"west": {"uv": [112, 86], "uv_size": [62, 2]},
								"up": {"uv": [40, 96], "uv_size": [4, 62]},
								"down": {"uv": [44, 158], "uv_size": [4, -62]}
							}
						},
						{
							"origin": [-2.2, 16.3, -42.3],
							"size": [0.5, 2.6, 31.1],
							"pivot": [2, 20.5, -12.65],
							"rotation": [0, 0, 45],
							"uv": {
								"north": {"uv": [152, 150], "uv_size": [2, 6]},
								"east": {"uv": [64, 24], "uv_size": [62, 6]},
								"south": {"uv": [0, 154], "uv_size": [2, 6]},
								"west": {"uv": [64, 30], "uv_size": [62, 6]},
								"up": {"uv": [12, 112], "uv_size": [2, 62]},
								"down": {"uv": [14, 174], "uv_size": [2, -62]}
							}
						},
						{
							"origin": [-1.7, 16.3, -42.3],
							"size": [1.6, 0.5, 31.1],
							"pivot": [2, 20.5, -12.65],
							"rotation": [0, 0, 45],
							"uv": {
								"north": {"uv": [156, 140], "uv_size": [4, 2]},
								"east": {"uv": [112, 80], "uv_size": [62, 2]},
								"south": {"uv": [156, 142], "uv_size": [4, 2]},
								"west": {"uv": [112, 82], "uv_size": [62, 2]},
								"up": {"uv": [32, 96], "uv_size": [4, 62]},
								"down": {"uv": [36, 158], "uv_size": [4, -62]}
							}
						}
					]
				},
				{
					"name": "shell",
					"parent": "barrels",
					"pivot": [2.09878, 20.5, -14.05],
					"cubes": [
						{
							"origin": [2.5, 16.8, -16.1],
							"size": [1.6, 1.6, 4.1],
							"pivot": [6.2, 20.5, -12.45],
							"rotation": [0, 0, 45],
							"uv": {
								"north": {"uv": [152, 44], "uv_size": [4, 4]},
								"east": {"uv": [124, 56], "uv_size": [8, 4]},
								"south": {"uv": [78, 152], "uv_size": [4, 4]},
								"west": {"uv": [126, 44], "uv_size": [8, 4]},
								"up": {"uv": [148, 32], "uv_size": [4, 8]},
								"down": {"uv": [148, 48], "uv_size": [4, -8]}
							}
						}
					]
				},
				{
					"name": "shell2",
					"parent": "barrels",
					"pivot": [-2.17085, 20.5038, -13.99151],
					"cubes": [
						{
							"origin": [-1.76963, 16.8038, -16.04151],
							"size": [1.6, 1.6, 4.1],
							"pivot": [1.93037, 20.5038, -12.39151],
							"rotation": [0, 0, 45],
							"uv": {
								"north": {"uv": [82, 152], "uv_size": [4, 4]},
								"east": {"uv": [142, 68], "uv_size": [8, 4]},
								"south": {"uv": [152, 96], "uv_size": [4, 4]},
								"west": {"uv": [146, 88], "uv_size": [8, 4]},
								"up": {"uv": [148, 56], "uv_size": [4, 8]},
								"down": {"uv": [64, 156], "uv_size": [4, -8]}
							}
						}
					]
				},
				{
					"name": "rightarm",
					"parent": "main",
					"pivot": [-4.3, 8.8, 21.8],
					"rotation": [-101.81106, -12.40003, -2.46982],
					"cubes": [
						{
							"origin": [-8.3, -15.2, 17.8],
							"size": [8, 24, 8],
							"uv": {
								"north": {"uv": [0, 0], "uv_size": [16, 48]},
								"east": {"uv": [16, 0], "uv_size": [16, 48]},
								"south": {"uv": [32, 0], "uv_size": [16, 48]},
								"west": {"uv": [0, 48], "uv_size": [16, 48]},
								"up": {"uv": [88, 60], "uv_size": [16, 16]},
								"down": {"uv": [88, 92], "uv_size": [16, -16]}
							}
						}
					]
				},
				{
					"name": "leftarm",
					"parent": "main",
					"pivot": [10.7, 6.3, 3.4],
					"rotation": [-119.61483, 1.67666, -38.31282],
					"cubes": [
						{
							"origin": [6.7, -17.7, -0.6],
							"size": [8, 24, 8],
							"uv": {
								"north": {"uv": [48, 0], "uv_size": [16, 48]},
								"east": {"uv": [16, 48], "uv_size": [16, 48]},
								"south": {"uv": [32, 48], "uv_size": [16, 48]},
								"west": {"uv": [48, 48], "uv_size": [16, 48]},
								"up": {"uv": [88, 92], "uv_size": [16, 16]},
								"down": {"uv": [0, 112], "uv_size": [16, -16]}
							}
						}
					]
				},
				{
					"name": "muzzleflash2",
					"parent": "main",
					"pivot": [2, 20.35, -45.25],
					"cubes": [
						{
							"origin": [1.5, 19.85, -45.55],
							"size": [1, 1, 1],
							"inflate": -0.4,
							"uv": {
								"north": {"uv": [164, 22], "uv_size": [2, 2]},
								"east": {"uv": [24, 164], "uv_size": [2, 2]},
								"south": {"uv": [164, 24], "uv_size": [2, 2]},
								"west": {"uv": [26, 164], "uv_size": [2, 2]},
								"up": {"uv": [164, 26], "uv_size": [2, 2]},
								"down": {"uv": [28, 166], "uv_size": [2, -2]}
							}
						}
					]
				},
				{
					"name": "muzzleflash",
					"parent": "main",
					"pivot": [-2, 20.35, -45.25],
					"cubes": [
						{
							"origin": [-2.5, 19.85, -45.55],
							"size": [1, 1, 1],
							"inflate": -0.4,
							"uv": {
								"north": {"uv": [134, 98], "uv_size": [2, 2]},
								"east": {"uv": [80, 136], "uv_size": [2, 2]},
								"south": {"uv": [142, 136], "uv_size": [2, 2]},
								"west": {"uv": [146, 92], "uv_size": [2, 2]},
								"up": {"uv": [150, 128], "uv_size": [2, 2]},
								"down": {"uv": [154, 162], "uv_size": [2, -2]}
							}
						}
					]
				},
				{
					"name": "scope",
					"parent": "main",
					"pivot": [0, 24.55, -11.05],
					"cubes": [
						{
							"origin": [-0.5, 24.05, -11.55],
							"size": [1, 1, 1],
							"inflate": -0.4,
							"uv": {
								"north": {"uv": [160, 154], "uv_size": [2, 2]},
								"east": {"uv": [160, 156], "uv_size": [2, 2]},
								"south": {"uv": [160, 158], "uv_size": [2, 2]},
								"west": {"uv": [160, 160], "uv_size": [2, 2]},
								"up": {"uv": [162, 0], "uv_size": [2, 2]},
								"down": {"uv": [162, 4], "uv_size": [2, -2]}
							}
						}
					]
				}
			]
		}
	]
}