{
	"format_version": "1.12.0",
	"minecraft:geometry": [
		{
			"description": {
				"identifier": "geometry.unknown",
				"texture_width": 128,
				"texture_height": 128,
				"visible_bounds_width": 9,
				"visible_bounds_height": 5,
				"visible_bounds_offset": [0, 0.5, 0]
			},
			"bones": [
				{
					"name": "main",
					"pivot": [0, 20, 0]
				},
				{
					"name": "rightarm",
					"parent": "main",
					"pivot": [-4.3, 8.8, 20.8],
					"rotation": [-101.81106, -12.40003, -2.46982],
					"cubes": [
						{
							"origin": [-8.3, -15.2, 16.8],
							"size": [8, 24, 8],
							"uv": {
								"north": {"uv": [0, 0], "uv_size": [8, 24]},
								"east": {"uv": [8, 0], "uv_size": [8, 24]},
								"south": {"uv": [16, 0], "uv_size": [8, 24]},
								"west": {"uv": [0, 24], "uv_size": [8, 24]},
								"up": {"uv": [42, 0], "uv_size": [8, 8]},
								"down": {"uv": [42, 16], "uv_size": [8, -8]}
							}
						}
					]
				},
				{
					"name": "leftarm",
					"parent": "main",
					"pivot": [10.7, 7.3, -10.6],
					"rotation": [-119.61483, 1.67666, -38.31282],
					"cubes": [
						{
							"origin": [6.7, -16.7, -14.6],
							"size": [8, 24, 8],
							"uv": {
								"north": {"uv": [24, 0], "uv_size": [8, 24]},
								"east": {"uv": [8, 24], "uv_size": [8, 24]},
								"south": {"uv": [16, 24], "uv_size": [8, 24]},
								"west": {"uv": [24, 24], "uv_size": [8, 24]},
								"up": {"uv": [44, 16], "uv_size": [8, 8]},
								"down": {"uv": [44, 32], "uv_size": [8, -8]}
							}
						}
					]
				},
				{
					"name": "muzzleflash",
					"parent": "main",
					"pivot": [0, 24.35, -68.25],
					"cubes": [
						{
							"origin": [-0.5, 23.85, -68.55],
							"size": [1, 1, 1],
							"inflate": -0.4,
							"uv": {
								"north": {"uv": [62, 66], "uv_size": [1, 1]},
								"east": {"uv": [28, 69], "uv_size": [1, 1]},
								"south": {"uv": [50, 75], "uv_size": [1, 1]},
								"west": {"uv": [61, 75], "uv_size": [1, 1]},
								"up": {"uv": [53, 76], "uv_size": [1, 1]},
								"down": {"uv": [67, 77], "uv_size": [1, -1]}
							}
						}
					]
				},
				{
					"name": "scope",
					"parent": "main",
					"pivot": [1.3, 26.75, 1.05],
					"cubes": [
						{
							"origin": [0.8, 26.25, 0.55],
							"size": [1, 1, 1],
							"inflate": -0.4,
							"uv": {
								"north": {"uv": [28, 70], "uv_size": [1, 1]},
								"east": {"uv": [27, 70], "uv_size": [1, 1]},
								"south": {"uv": [30, 70], "uv_size": [1, 1]},
								"west": {"uv": [29, 70], "uv_size": [1, 1]},
								"up": {"uv": [28, 69], "uv_size": [1, 1]},
								"down": {"uv": [29, 70], "uv_size": [1, -1]}
							}
						}
					]
				},
				{
					"name": "bullet",
					"parent": "main",
					"pivot": [0.1, 21.9085, -11.15985],
					"cubes": [
						{
							"origin": [-0.8, 21.0085, -14.04735],
							"size": [1.8, 1.8, 5.775],
							"uv": {
								"north": {"uv": [113, 110], "uv_size": [2, 1]},
								"east": {"uv": [103, 74], "uv_size": [8, 1]},
								"south": {"uv": [112, 114], "uv_size": [2, 1]},
								"west": {"uv": [103, 75], "uv_size": [8, 1]},
								"up": {"uv": [42, 93], "uv_size": [2, 8]},
								"down": {"uv": [64, 101], "uv_size": [2, -8]}
							}
						}
					]
				},
				{
					"name": "bone3",
					"parent": "main",
					"pivot": [3.725, 23.42505, 4.6361],
					"cubes": [
						{
							"origin": [3.3, 22.97505, 4.7861],
							"size": [0.3, 0.3, 1.9],
							"pivot": [3.725, 23.42505, 4.6361],
							"rotation": [-38.42684, 25.49671, 28.48347],
							"uv": {
								"north": {"uv": [91, 10], "uv_size": [1, 1]},
								"east": {"uv": [89, 65], "uv_size": [2, 1]},
								"south": {"uv": [11, 91], "uv_size": [1, 1]},
								"west": {"uv": [89, 66], "uv_size": [2, 1]},
								"up": {"uv": [68, 89], "uv_size": [1, 2]},
								"down": {"uv": [69, 91], "uv_size": [1, -2]}
							}
						},
						{
							"origin": [3.6, 22.97505, 2.5861],
							"size": [0.5, 0.3, 0.3],
							"pivot": [3.725, 23.42505, 4.6361],
							"rotation": [-38.42684, 25.49671, 28.48347],
							"uv": {
								"north": {"uv": [91, 12], "uv_size": [1, 1]},
								"east": {"uv": [13, 91], "uv_size": [1, 1]},
								"south": {"uv": [91, 13], "uv_size": [1, 1]},
								"west": {"uv": [14, 91], "uv_size": [1, 1]},
								"up": {"uv": [91, 14], "uv_size": [1, 1]},
								"down": {"uv": [15, 92], "uv_size": [1, -1]}
							}
						},
						{
							"origin": [3.3, 22.97505, 2.5861],
							"size": [0.3, 0.3, 1.9],
							"pivot": [3.725, 23.42505, 4.6361],
							"rotation": [-38.42684, 25.49671, 28.48347],
							"uv": {
								"north": {"uv": [91, 9], "uv_size": [1, 1]},
								"east": {"uv": [89, 46], "uv_size": [2, 1]},
								"south": {"uv": [10, 91], "uv_size": [1, 1]},
								"west": {"uv": [62, 89], "uv_size": [2, 1]},
								"up": {"uv": [89, 62], "uv_size": [1, 2]},
								"down": {"uv": [64, 91], "uv_size": [1, -2]}
							}
						},
						{
							"origin": [4.1, 22.97505, 2.5861],
							"size": [0.3, 0.3, 4.1],
							"pivot": [3.725, 23.42505, 4.6361],
							"rotation": [-38.42684, 25.49671, 28.48347],
							"uv": {
								"north": {"uv": [91, 11], "uv_size": [1, 1]},
								"east": {"uv": [83, 44], "uv_size": [4, 1]},
								"south": {"uv": [12, 91], "uv_size": [1, 1]},
								"west": {"uv": [84, 26], "uv_size": [4, 1]},
								"up": {"uv": [27, 84], "uv_size": [1, 4]},
								"down": {"uv": [39, 88], "uv_size": [1, -4]}
							}
						},
						{
							"origin": [3.6, 22.97505, 6.3861],
							"size": [0.5, 0.3, 0.3],
							"pivot": [3.725, 23.42505, 4.6361],
							"rotation": [-38.42684, 25.49671, 28.48347],
							"uv": {
								"north": {"uv": [91, 15], "uv_size": [1, 1]},
								"east": {"uv": [16, 91], "uv_size": [1, 1]},
								"south": {"uv": [91, 16], "uv_size": [1, 1]},
								"west": {"uv": [17, 91], "uv_size": [1, 1]},
								"up": {"uv": [91, 17], "uv_size": [1, 1]},
								"down": {"uv": [18, 92], "uv_size": [1, -1]}
							}
						},
						{
							"origin": [3.1, 22.97505, 4.7861],
							"size": [0.2, 0.3, 0.3],
							"pivot": [3.725, 23.42505, 4.6361],
							"rotation": [-38.42684, 25.49671, 28.48347],
							"uv": {
								"north": {"uv": [91, 6], "uv_size": [1, 1]},
								"east": {"uv": [7, 91], "uv_size": [1, 1]},
								"south": {"uv": [91, 7], "uv_size": [1, 1]},
								"west": {"uv": [8, 91], "uv_size": [1, 1]},
								"up": {"uv": [91, 8], "uv_size": [1, 1]},
								"down": {"uv": [9, 92], "uv_size": [1, -1]}
							}
						},
						{
							"origin": [3.1, 22.97505, 4.1861],
							"size": [0.2, 0.3, 0.3],
							"pivot": [3.725, 23.42505, 4.6361],
							"rotation": [-38.42684, 25.49671, 28.48347],
							"uv": {
								"north": {"uv": [91, 3], "uv_size": [1, 1]},
								"east": {"uv": [4, 91], "uv_size": [1, 1]},
								"south": {"uv": [91, 4], "uv_size": [1, 1]},
								"west": {"uv": [5, 91], "uv_size": [1, 1]},
								"up": {"uv": [91, 5], "uv_size": [1, 1]},
								"down": {"uv": [6, 92], "uv_size": [1, -1]}
							}
						}
					]
				},
				{
					"name": "bone",
					"parent": "main",
					"pivot": [0, 20, 0],
					"cubes": [
						{
							"origin": [0.001, 8.2, 2.7],
							"size": [2.6, 2.9, 5.3],
							"pivot": [1, 9, 5],
							"rotation": [5, 0, 0],
							"uv": {
								"north": {"uv": [76, 32], "uv_size": [3, 3]},
								"east": {"uv": [68, 67], "uv_size": [5, 3]},
								"south": {"uv": [76, 35], "uv_size": [3, 3]},
								"west": {"uv": [23, 69], "uv_size": [5, 3]},
								"up": {"uv": [69, 48], "uv_size": [3, 5]},
								"down": {"uv": [55, 74], "uv_size": [3, -5]}
							}
						},
						{
							"origin": [0, 8.2, 2],
							"size": [2.6, 0.5, 0.7],
							"pivot": [1, 9, 5],
							"rotation": [5, 0, 0],
							"uv": {
								"north": {"uv": [66, 54], "uv_size": [3, 1]},
								"east": {"uv": [42, 78], "uv_size": [1, 1]},
								"south": {"uv": [85, 10], "uv_size": [3, 1]},
								"west": {"uv": [58, 82], "uv_size": [1, 1]},
								"up": {"uv": [85, 11], "uv_size": [3, 1]},
								"down": {"uv": [85, 13], "uv_size": [3, -1]}
							}
						},
						{
							"origin": [0, 8.1628, 2.06483],
							"size": [2.6, 0.5, 0.8],
							"pivot": [1, 8.4378, 2.58983],
							"rotation": [17.5, 0, 0],
							"uv": {
								"north": {"uv": [85, 16], "uv_size": [3, 1]},
								"east": {"uv": [7, 85], "uv_size": [1, 1]},
								"south": {"uv": [85, 17], "uv_size": [3, 1]},
								"west": {"uv": [9, 85], "uv_size": [1, 1]},
								"up": {"uv": [85, 18], "uv_size": [3, 1]},
								"down": {"uv": [85, 20], "uv_size": [3, -1]}
							}
						},
						{
							"origin": [0, 9.9372, 1.86483],
							"size": [2.6, 0.5, 0.9],
							"pivot": [1, 10.1622, 2.58983],
							"rotation": [-17.5, 0, 0],
							"uv": {
								"north": {"uv": [85, 30], "uv_size": [3, 1]},
								"east": {"uv": [3, 90], "uv_size": [1, 1]},
								"south": {"uv": [85, 31], "uv_size": [3, 1]},
								"west": {"uv": [90, 3], "uv_size": [1, 1]},
								"up": {"uv": [85, 32], "uv_size": [3, 1]},
								"down": {"uv": [36, 86], "uv_size": [3, -1]}
							}
						},
						{
							"origin": [0, 9.9, 1.8],
							"size": [2.6, 0.5, 0.8],
							"pivot": [1, 9.6, 5],
							"rotation": [-5, 0, 0],
							"uv": {
								"north": {"uv": [85, 23], "uv_size": [3, 1]},
								"east": {"uv": [2, 90], "uv_size": [1, 1]},
								"south": {"uv": [85, 27], "uv_size": [3, 1]},
								"west": {"uv": [90, 2], "uv_size": [1, 1]},
								"up": {"uv": [85, 28], "uv_size": [3, 1]},
								"down": {"uv": [85, 30], "uv_size": [3, -1]}
							}
						},
						{
							"origin": [0, 10.37102, 1.95143],
							"size": [2.6, 0.6, 1],
							"pivot": [1, 10.72102, 2.35143],
							"rotation": [37.5, 0, 0],
							"uv": {
								"north": {"uv": [40, 85], "uv_size": [3, 1]},
								"east": {"uv": [4, 90], "uv_size": [1, 1]},
								"south": {"uv": [43, 85], "uv_size": [3, 1]},
								"west": {"uv": [90, 4], "uv_size": [1, 1]},
								"up": {"uv": [85, 45], "uv_size": [3, 1]},
								"down": {"uv": [46, 86], "uv_size": [3, -1]}
							}
						},
						{
							"origin": [0, 12.87102, 1.65143],
							"size": [2.6, 0.6, 1],
							"pivot": [1, 13.22102, 2.05143],
							"rotation": [37.5, 0, 0],
							"uv": {
								"north": {"uv": [85, 60], "uv_size": [3, 1]},
								"east": {"uv": [8, 90], "uv_size": [1, 1]},
								"south": {"uv": [85, 61], "uv_size": [3, 1]},
								"west": {"uv": [90, 8], "uv_size": [1, 1]},
								"up": {"uv": [85, 62], "uv_size": [3, 1]},
								"down": {"uv": [85, 64], "uv_size": [3, -1]}
							}
						},
						{
							"origin": [0, 12.4, 1.5],
							"size": [2.6, 0.5, 0.8],
							"pivot": [1, 12.1, 4.7],
							"rotation": [-5, 0, 0],
							"uv": {
								"north": {"uv": [85, 54], "uv_size": [3, 1]},
								"east": {"uv": [6, 90], "uv_size": [1, 1]},
								"south": {"uv": [56, 85], "uv_size": [3, 1]},
								"west": {"uv": [7, 90], "uv_size": [1, 1]},
								"up": {"uv": [85, 58], "uv_size": [3, 1]},
								"down": {"uv": [85, 60], "uv_size": [3, -1]}
							}
						},
						{
							"origin": [0, 12.4372, 1.56483],
							"size": [2.6, 0.5, 0.9],
							"pivot": [1, 12.6622, 2.28983],
							"rotation": [-17.5, 0, 0],
							"uv": {
								"north": {"uv": [85, 46], "uv_size": [3, 1]},
								"east": {"uv": [5, 90], "uv_size": [1, 1]},
								"south": {"uv": [85, 47], "uv_size": [3, 1]},
								"west": {"uv": [90, 5], "uv_size": [1, 1]},
								"up": {"uv": [53, 85], "uv_size": [3, 1]},
								"down": {"uv": [85, 54], "uv_size": [3, -1]}
							}
						},
						{
							"origin": [0, 10.75394, 3.13119],
							"size": [2.6, 2.4, 5.2],
							"pivot": [1, 8.65394, 5.33119],
							"rotation": [12.5, 0, 0],
							"uv": {
								"north": {"uv": [11, 80], "uv_size": [3, 2]},
								"east": {"uv": [72, 65], "uv_size": [5, 2]},
								"south": {"uv": [80, 16], "uv_size": [3, 2]},
								"west": {"uv": [73, 67], "uv_size": [5, 2]},
								"up": {"uv": [20, 70], "uv_size": [3, 5]},
								"down": {"uv": [28, 75], "uv_size": [3, -5]}
							}
						},
						{
							"origin": [0.001, 12.41082, 2.18754],
							"size": [2.6, 2.4, 4.8],
							"pivot": [1, 13.61082, 4.73754],
							"rotation": [30, 0, 0],
							"uv": {
								"north": {"uv": [80, 18], "uv_size": [3, 2]},
								"east": {"uv": [68, 73], "uv_size": [5, 2]},
								"south": {"uv": [21, 80], "uv_size": [3, 2]},
								"west": {"uv": [73, 69], "uv_size": [5, 2]},
								"up": {"uv": [70, 40], "uv_size": [3, 5]},
								"down": {"uv": [48, 75], "uv_size": [3, -5]}
							}
						},
						{
							"origin": [0, 13.92768, 1.65764],
							"size": [2.6, 2.4, 4.4],
							"pivot": [1, 15.52768, 3.45764],
							"rotation": [17.5, 0, 0],
							"uv": {
								"north": {"uv": [26, 80], "uv_size": [3, 2]},
								"east": {"uv": [0, 78], "uv_size": [4, 2]},
								"south": {"uv": [53, 80], "uv_size": [3, 2]},
								"west": {"uv": [21, 78], "uv_size": [4, 2]},
								"up": {"uv": [23, 72], "uv_size": [3, 4]},
								"down": {"uv": [51, 76], "uv_size": [3, -4]}
							}
						},
						{
							"origin": [-0.025, 14.63187, 1.07511],
							"size": [2.6, 1.8, 0.6],
							"pivot": [1, 15.73187, 1.77511],
							"rotation": [42.5, 0, 0],
							"uv": {
								"north": {"uv": [56, 80], "uv_size": [3, 2]},
								"east": {"uv": [19, 66], "uv_size": [1, 2]},
								"south": {"uv": [80, 58], "uv_size": [3, 2]},
								"west": {"uv": [54, 72], "uv_size": [1, 2]},
								"up": {"uv": [85, 64], "uv_size": [3, 1]},
								"down": {"uv": [67, 86], "uv_size": [3, -1]}
							}
						},
						{
							"origin": [0.001, 15.77505, 0.7861],
							"size": [2.6, 3.1, 5.3],
							"uv": {
								"north": {"uv": [76, 38], "uv_size": [3, 3]},
								"east": {"uv": [68, 70], "uv_size": [5, 3]},
								"south": {"uv": [76, 41], "uv_size": [3, 3]},
								"west": {"uv": [71, 21], "uv_size": [5, 3]},
								"up": {"uv": [10, 72], "uv_size": [3, 5]},
								"down": {"uv": [13, 77], "uv_size": [3, -5]}
							}
						},
						{
							"origin": [0, 18.87505, 0.7861],
							"size": [2.6, 4.2, 7.3],
							"uv": {
								"north": {"uv": [73, 36], "uv_size": [3, 4]},
								"east": {"uv": [52, 27], "uv_size": [7, 4]},
								"south": {"uv": [73, 40], "uv_size": [3, 4]},
								"west": {"uv": [29, 57], "uv_size": [7, 4]},
								"up": {"uv": [40, 61], "uv_size": [3, 7]},
								"down": {"uv": [63, 7], "uv_size": [3, -7]}
							}
						},
						{
							"origin": [2.59, 22.07505, 1.6861],
							"size": [0.3, 2.7, 3.4],
							"uv": {
								"north": {"uv": [79, 86], "uv_size": [1, 3]},
								"east": {"uv": [10, 77], "uv_size": [3, 3]},
								"south": {"uv": [80, 86], "uv_size": [1, 3]},
								"west": {"uv": [13, 77], "uv_size": [3, 3]},
								"up": {"uv": [81, 86], "uv_size": [1, 3]},
								"down": {"uv": [82, 89], "uv_size": [1, -3]}
							}
						},
						{
							"origin": [2.8, 22.87505, 4.0861],
							"size": [0.3, 1.1, 1.1],
							"pivot": [2.95, 23.42505, 4.6361],
							"rotation": [-45, 0, 0],
							"uv": {
								"north": {"uv": [91, 0], "uv_size": [1, 1]},
								"east": {"uv": [1, 91], "uv_size": [1, 1]},
								"south": {"uv": [91, 1], "uv_size": [1, 1]},
								"west": {"uv": [2, 91], "uv_size": [1, 1]},
								"up": {"uv": [91, 2], "uv_size": [1, 1]},
								"down": {"uv": [3, 92], "uv_size": [1, -1]}
							}
						},
						{
							"origin": [2.6, 24.77505, 2.5861],
							"size": [0.3, 1, 3.4],
							"uv": {
								"north": {"uv": [59, 90], "uv_size": [1, 1]},
								"east": {"uv": [86, 66], "uv_size": [3, 1]},
								"south": {"uv": [90, 59], "uv_size": [1, 1]},
								"west": {"uv": [86, 76], "uv_size": [3, 1]},
								"up": {"uv": [85, 86], "uv_size": [1, 3]},
								"down": {"uv": [86, 89], "uv_size": [1, -3]}
							}
						},
						{
							"origin": [2.575, 22.31941, 5.13463],
							"size": [0.3, 2.4, 6.7],
							"pivot": [2.75, 24.21941, 6.83463],
							"rotation": [-45, 0, 0],
							"uv": {
								"north": {"uv": [89, 56], "uv_size": [1, 2]},
								"east": {"uv": [72, 57], "uv_size": [7, 2]},
								"south": {"uv": [89, 58], "uv_size": [1, 2]},
								"west": {"uv": [72, 59], "uv_size": [7, 2]},
								"up": {"uv": [63, 79], "uv_size": [1, 7]},
								"down": {"uv": [64, 86], "uv_size": [1, -7]}
							}
						},
						{
							"origin": [2.575, 18.71128, 9.89899],
							"size": [0.3, 1.5, 4.7],
							"pivot": [2.75, 19.01128, 13.64899],
							"rotation": [-15, 0, 0],
							"uv": {
								"north": {"uv": [90, 63], "uv_size": [1, 1]},
								"east": {"uv": [81, 81], "uv_size": [5, 1]},
								"south": {"uv": [90, 64], "uv_size": [1, 1]},
								"west": {"uv": [82, 24], "uv_size": [5, 1]},
								"up": {"uv": [24, 80], "uv_size": [1, 5]},
								"down": {"uv": [31, 85], "uv_size": [1, -5]}
							}
						},
						{
							"origin": [2.6, 24.82158, 1.6372],
							"size": [0.3, 0.2, 1],
							"pivot": [2.75, 25.12158, 2.7872],
							"rotation": [12.5, 0, 0],
							"uv": {
								"north": {"uv": [60, 90], "uv_size": [1, 1]},
								"east": {"uv": [90, 60], "uv_size": [1, 1]},
								"south": {"uv": [90, 61], "uv_size": [1, 1]},
								"west": {"uv": [62, 90], "uv_size": [1, 1]},
								"up": {"uv": [90, 62], "uv_size": [1, 1]},
								"down": {"uv": [63, 91], "uv_size": [1, -1]}
							}
						},
						{
							"origin": [2.6, 14.50578, 2.13024],
							"size": [0.3, 9.5, 2.9],
							"pivot": [2.75, 22.65578, 3.58024],
							"rotation": [60, 0, 0],
							"uv": {
								"north": {"uv": [7, 76], "uv_size": [1, 9]},
								"east": {"uv": [60, 0], "uv_size": [3, 9]},
								"south": {"uv": [40, 76], "uv_size": [1, 9]},
								"west": {"uv": [60, 48], "uv_size": [3, 9]},
								"up": {"uv": [83, 86], "uv_size": [1, 3]},
								"down": {"uv": [84, 89], "uv_size": [1, -3]}
							}
						},
						{
							"origin": [2.625, -4.77495, 11.72052],
							"size": [0.3, 27.6, 2.6],
							"pivot": [2.75, 19.17505, 13.57052],
							"rotation": [90, 0, 0],
							"uv": {
								"north": {"uv": [43, 48], "uv_size": [1, 28]},
								"east": {"uv": [32, 20], "uv_size": [3, 28]},
								"south": {"uv": [36, 57], "uv_size": [1, 28]},
								"west": {"uv": [35, 20], "uv_size": [3, 28]},
								"up": {"uv": [0, 87], "uv_size": [1, 3]},
								"down": {"uv": [87, 3], "uv_size": [1, -3]}
							}
						},
						{
							"origin": [2.9, -6.27495, 11.72052],
							"size": [0.3, 2.8, 2.6],
							"pivot": [3.05, 19.17505, 13.57052],
							"rotation": [90, 0, 0],
							"uv": {
								"north": {"uv": [1, 87], "uv_size": [1, 3]},
								"east": {"uv": [26, 77], "uv_size": [3, 3]},
								"south": {"uv": [2, 87], "uv_size": [1, 3]},
								"west": {"uv": [53, 77], "uv_size": [3, 3]},
								"up": {"uv": [3, 87], "uv_size": [1, 3]},
								"down": {"uv": [87, 6], "uv_size": [1, -3]}
							}
						},
						{
							"origin": [2.9, 20.02505, 35.72052],
							"size": [0.3, 1.4, 2.7],
							"pivot": [3.05, 21.22505, 37.52052],
							"rotation": [52.5, 0, 0],
							"uv": {
								"north": {"uv": [90, 68], "uv_size": [1, 1]},
								"east": {"uv": [86, 81], "uv_size": [3, 1]},
								"south": {"uv": [90, 69], "uv_size": [1, 1]},
								"west": {"uv": [86, 83], "uv_size": [3, 1]},
								"up": {"uv": [4, 87], "uv_size": [1, 3]},
								"down": {"uv": [5, 90], "uv_size": [1, -3]}
							}
						},
						{
							"origin": [2.9, -6.27495, 14.32052],
							"size": [0.3, 1.1, 2.6],
							"pivot": [3.05, 19.17505, 13.57052],
							"rotation": [90, 0, 0],
							"uv": {
								"north": {"uv": [70, 90], "uv_size": [1, 1]},
								"east": {"uv": [86, 84], "uv_size": [3, 1]},
								"south": {"uv": [90, 70], "uv_size": [1, 1]},
								"west": {"uv": [6, 87], "uv_size": [3, 1]},
								"up": {"uv": [9, 87], "uv_size": [1, 3]},
								"down": {"uv": [10, 90], "uv_size": [1, -3]}
							}
						},
						{
							"origin": [2.9, -6.27495, 4.22052],
							"size": [0.3, 1.475, 7.5],
							"pivot": [3.05, 19.17505, 13.57052],
							"rotation": [90, 0, 0],
							"uv": {
								"north": {"uv": [67, 90], "uv_size": [1, 1]},
								"east": {"uv": [80, 0], "uv_size": [7, 1]},
								"south": {"uv": [90, 67], "uv_size": [1, 1]},
								"west": {"uv": [80, 1], "uv_size": [7, 1]},
								"up": {"uv": [65, 79], "uv_size": [1, 7]},
								"down": {"uv": [66, 86], "uv_size": [1, -7]}
							}
						},
						{
							"origin": [2.9, 16.3379, 31.525],
							"size": [0.3, 1.35, 7.6],
							"pivot": [3.05, 16.2879, 37.825],
							"rotation": [100, 0, 0],
							"uv": {
								"north": {"uv": [65, 90], "uv_size": [1, 1]},
								"east": {"uv": [79, 41], "uv_size": [8, 1]},
								"south": {"uv": [66, 90], "uv_size": [1, 1]},
								"west": {"uv": [79, 42], "uv_size": [8, 1]},
								"up": {"uv": [4, 78], "uv_size": [1, 8]},
								"down": {"uv": [25, 86], "uv_size": [1, -8]}
							}
						},
						{
							"origin": [0, -6.27495, 4.22052],
							"size": [0.3, 1.475, 7.5],
							"pivot": [0.15, 19.17505, 13.57052],
							"rotation": [90, 0, 0],
							"uv": {
								"north": {"uv": [90, 87], "uv_size": [1, 1]},
								"east": {"uv": [80, 2], "uv_size": [7, 1]},
								"south": {"uv": [88, 90], "uv_size": [1, 1]},
								"west": {"uv": [80, 3], "uv_size": [7, 1]},
								"up": {"uv": [2, 80], "uv_size": [1, 7]},
								"down": {"uv": [3, 87], "uv_size": [1, -7]}
							}
						},
						{
							"origin": [0, 16.3379, 31.525],
							"size": [0.3, 1.35, 7.6],
							"pivot": [0.15, 16.2879, 37.825],
							"rotation": [100, 0, 0],
							"uv": {
								"north": {"uv": [85, 90], "uv_size": [1, 1]},
								"east": {"uv": [79, 43], "uv_size": [8, 1]},
								"south": {"uv": [90, 86], "uv_size": [1, 1]},
								"west": {"uv": [79, 48], "uv_size": [8, 1]},
								"up": {"uv": [50, 79], "uv_size": [1, 8]},
								"down": {"uv": [51, 87], "uv_size": [1, -8]}
							}
						},
						{
							"origin": [0, -6.27495, 11.72052],
							"size": [0.3, 2.8, 2.6],
							"pivot": [0.15, 19.17505, 13.57052],
							"rotation": [90, 0, 0],
							"uv": {
								"north": {"uv": [87, 41], "uv_size": [1, 3]},
								"east": {"uv": [70, 77], "uv_size": [3, 3]},
								"south": {"uv": [42, 87], "uv_size": [1, 3]},
								"west": {"uv": [73, 77], "uv_size": [3, 3]},
								"up": {"uv": [45, 87], "uv_size": [1, 3]},
								"down": {"uv": [46, 90], "uv_size": [1, -3]}
							}
						},
						{
							"origin": [0, 20.02505, 35.72052],
							"size": [0.3, 1.4, 2.7],
							"pivot": [0.15, 21.22505, 37.52052],
							"rotation": [52.5, 0, 0],
							"uv": {
								"north": {"uv": [84, 90], "uv_size": [1, 1]},
								"east": {"uv": [87, 37], "uv_size": [3, 1]},
								"south": {"uv": [90, 84], "uv_size": [1, 1]},
								"west": {"uv": [87, 38], "uv_size": [3, 1]},
								"up": {"uv": [40, 87], "uv_size": [1, 3]},
								"down": {"uv": [41, 90], "uv_size": [1, -3]}
							}
						},
						{
							"origin": [0, -6.27495, 14.32052],
							"size": [0.3, 1.1, 2.6],
							"pivot": [0.15, 19.17505, 13.57052],
							"rotation": [90, 0, 0],
							"uv": {
								"north": {"uv": [90, 82], "uv_size": [1, 1]},
								"east": {"uv": [34, 87], "uv_size": [3, 1]},
								"south": {"uv": [90, 83], "uv_size": [1, 1]},
								"west": {"uv": [87, 36], "uv_size": [3, 1]},
								"up": {"uv": [37, 87], "uv_size": [1, 3]},
								"down": {"uv": [38, 90], "uv_size": [1, -3]}
							}
						},
						{
							"origin": [0.3, -6.27495, 16.62052],
							"size": [2.6, 1.1, 0.3],
							"pivot": [0.15, 19.17505, 13.57052],
							"rotation": [90, 0, 0],
							"uv": {
								"north": {"uv": [87, 44], "uv_size": [3, 1]},
								"east": {"uv": [89, 90], "uv_size": [1, 1]},
								"south": {"uv": [87, 48], "uv_size": [3, 1]},
								"west": {"uv": [90, 89], "uv_size": [1, 1]},
								"up": {"uv": [87, 49], "uv_size": [3, 1]},
								"down": {"uv": [87, 51], "uv_size": [3, -1]}
							}
						},
						{
							"origin": [0.3, -6.27495, 4.22052],
							"size": [2.6, 1.1, 0.3],
							"pivot": [0.15, 19.17505, 13.57052],
							"rotation": [90, 0, 0],
							"uv": {
								"north": {"uv": [87, 51], "uv_size": [3, 1]},
								"east": {"uv": [90, 90], "uv_size": [1, 1]},
								"south": {"uv": [87, 52], "uv_size": [3, 1]},
								"west": {"uv": [0, 91], "uv_size": [1, 1]},
								"up": {"uv": [53, 87], "uv_size": [3, 1]},
								"down": {"uv": [87, 56], "uv_size": [3, -1]}
							}
						},
						{
							"origin": [0, -6.57495, 4.22052],
							"size": [3.2, 0.3, 12.7],
							"pivot": [0.15, 19.17505, 13.57052],
							"rotation": [90, 0, 0],
							"uv": {
								"north": {"uv": [56, 87], "uv_size": [3, 1]},
								"east": {"uv": [71, 26], "uv_size": [13, 1]},
								"south": {"uv": [65, 87], "uv_size": [3, 1]},
								"west": {"uv": [72, 8], "uv_size": [13, 1]},
								"up": {"uv": [40, 48], "uv_size": [3, 13]},
								"down": {"uv": [20, 70], "uv_size": [3, -13]}
							}
						},
						{
							"origin": [-0.3, -4.77495, 11.72052],
							"size": [0.3, 27.6, 2.6],
							"pivot": [-0.15, 19.17505, 13.57052],
							"rotation": [90, 0, 0],
							"uv": {
								"north": {"uv": [37, 57], "uv_size": [1, 28]},
								"east": {"uv": [38, 20], "uv_size": [3, 28]},
								"south": {"uv": [38, 57], "uv_size": [1, 28]},
								"west": {"uv": [41, 20], "uv_size": [3, 28]},
								"up": {"uv": [32, 87], "uv_size": [1, 3]},
								"down": {"uv": [33, 90], "uv_size": [1, -3]}
							}
						},
						{
							"origin": [-0.275, 18.71128, 9.89899],
							"size": [0.3, 1.5, 4.7],
							"pivot": [-0.15, 19.01128, 13.64899],
							"rotation": [-15, 0, 0],
							"uv": {
								"north": {"uv": [90, 79], "uv_size": [1, 1]},
								"east": {"uv": [82, 25], "uv_size": [5, 1]},
								"south": {"uv": [90, 80], "uv_size": [1, 1]},
								"west": {"uv": [82, 52], "uv_size": [5, 1]},
								"up": {"uv": [18, 81], "uv_size": [1, 5]},
								"down": {"uv": [19, 86], "uv_size": [1, -5]}
							}
						},
						{
							"origin": [-0.35, 14.50578, 2.13024],
							"size": [0.3, 9.5, 2.9],
							"pivot": [-0.15, 22.65578, 3.58024],
							"rotation": [60, 0, 0],
							"uv": {
								"north": {"uv": [41, 76], "uv_size": [1, 9]},
								"east": {"uv": [60, 57], "uv_size": [3, 9]},
								"south": {"uv": [46, 76], "uv_size": [1, 9]},
								"west": {"uv": [29, 61], "uv_size": [3, 9]},
								"up": {"uv": [29, 87], "uv_size": [1, 3]},
								"down": {"uv": [30, 90], "uv_size": [1, -3]}
							}
						},
						{
							"origin": [-0.3, 22.31941, 5.13463],
							"size": [0.3, 2.4, 6.7],
							"pivot": [-0.15, 24.21941, 6.83463],
							"rotation": [-45, 0, 0],
							"uv": {
								"north": {"uv": [89, 60], "uv_size": [1, 2]},
								"east": {"uv": [72, 61], "uv_size": [7, 2]},
								"south": {"uv": [61, 89], "uv_size": [1, 2]},
								"west": {"uv": [72, 63], "uv_size": [7, 2]},
								"up": {"uv": [0, 80], "uv_size": [1, 7]},
								"down": {"uv": [1, 87], "uv_size": [1, -7]}
							}
						},
						{
							"origin": [-0.3, 24.77505, 2.5861],
							"size": [0.3, 1, 3.4],
							"uv": {
								"north": {"uv": [90, 77], "uv_size": [1, 1]},
								"east": {"uv": [87, 24], "uv_size": [3, 1]},
								"south": {"uv": [90, 78], "uv_size": [1, 1]},
								"west": {"uv": [87, 25], "uv_size": [3, 1]},
								"up": {"uv": [15, 87], "uv_size": [1, 3]},
								"down": {"uv": [28, 90], "uv_size": [1, -3]}
							}
						},
						{
							"origin": [-0.3, 22.07505, 1.6861],
							"size": [0.3, 2.7, 3.4],
							"uv": {
								"north": {"uv": [11, 87], "uv_size": [1, 3]},
								"east": {"uv": [56, 77], "uv_size": [3, 3]},
								"south": {"uv": [12, 87], "uv_size": [1, 3]},
								"west": {"uv": [67, 77], "uv_size": [3, 3]},
								"up": {"uv": [13, 87], "uv_size": [1, 3]},
								"down": {"uv": [14, 90], "uv_size": [1, -3]}
							}
						},
						{
							"origin": [-0.3, 24.82158, 1.6372],
							"size": [0.3, 0.2, 1],
							"pivot": [-0.15, 25.12158, 2.7872],
							"rotation": [12.5, 0, 0],
							"uv": {
								"north": {"uv": [90, 71], "uv_size": [1, 1]},
								"east": {"uv": [90, 72], "uv_size": [1, 1]},
								"south": {"uv": [90, 73], "uv_size": [1, 1]},
								"west": {"uv": [90, 74], "uv_size": [1, 1]},
								"up": {"uv": [90, 75], "uv_size": [1, 1]},
								"down": {"uv": [90, 77], "uv_size": [1, -1]}
							}
						},
						{
							"origin": [0, 23.0585, -5.92235],
							"size": [2.6, 2.35, 11.675],
							"uv": {
								"north": {"uv": [80, 69], "uv_size": [3, 2]},
								"east": {"uv": [61, 36], "uv_size": [12, 2]},
								"south": {"uv": [70, 80], "uv_size": [3, 2]},
								"west": {"uv": [61, 38], "uv_size": [12, 2]},
								"up": {"uv": [23, 57], "uv_size": [3, 12]},
								"down": {"uv": [26, 69], "uv_size": [3, -12]}
							}
						},
						{
							"origin": [0, 23.9585, -15.02235],
							"size": [2.6, 1.45, 9.1],
							"uv": {
								"north": {"uv": [85, 77], "uv_size": [3, 1]},
								"east": {"uv": [61, 44], "uv_size": [9, 1]},
								"south": {"uv": [78, 85], "uv_size": [3, 1]},
								"west": {"uv": [76, 23], "uv_size": [9, 1]},
								"up": {"uv": [6, 58], "uv_size": [3, 9]},
								"down": {"uv": [58, 45], "uv_size": [3, -9]}
							}
						},
						{
							"origin": [-0.5, 20.4085, -16.62235],
							"size": [3.6, 3.55, 1.7],
							"uv": {
								"north": {"uv": [10, 68], "uv_size": [4, 4]},
								"east": {"uv": [42, 16], "uv_size": [2, 4]},
								"south": {"uv": [14, 68], "uv_size": [4, 4]},
								"west": {"uv": [78, 67], "uv_size": [2, 4]},
								"up": {"uv": [78, 24], "uv_size": [4, 2]},
								"down": {"uv": [78, 73], "uv_size": [4, -2]}
							}
						},
						{
							"origin": [0.5, 21.4335, -48.32235],
							"size": [1.6, 1.6, 31.7],
							"pivot": [1.3, 22.2335, -17.47235],
							"rotation": [0, 0, 45],
							"uv": {
								"north": {"uv": [74, 82], "uv_size": [2, 2]},
								"east": {"uv": [44, 32], "uv_size": [32, 2]},
								"south": {"uv": [83, 6], "uv_size": [2, 2]},
								"west": {"uv": [44, 34], "uv_size": [32, 2]},
								"up": {"uv": [44, 36], "uv_size": [2, 32]},
								"down": {"uv": [46, 68], "uv_size": [2, -32]}
							}
						},
						{
							"origin": [0.205, 19.4335, -33.72235],
							"size": [2.2, 2.5, 5],
							"uv": {
								"north": {"uv": [83, 79], "uv_size": [2, 2]},
								"east": {"uv": [21, 76], "uv_size": [5, 2]},
								"south": {"uv": [80, 83], "uv_size": [2, 2]},
								"west": {"uv": [76, 21], "uv_size": [5, 2]},
								"up": {"uv": [48, 75], "uv_size": [2, 5]},
								"down": {"uv": [59, 80], "uv_size": [2, -5]}
							}
						},
						{
							"origin": [0.2, 19.1335, -28.82235],
							"size": [2.2, 3.9, 1.1],
							"pivot": [1.3, 20.2835, -28.22235],
							"rotation": [-50, 0, 0],
							"uv": {
								"north": {"uv": [79, 33], "uv_size": [2, 4]},
								"east": {"uv": [84, 9], "uv_size": [1, 4]},
								"south": {"uv": [79, 37], "uv_size": [2, 4]},
								"west": {"uv": [21, 84], "uv_size": [1, 4]},
								"up": {"uv": [88, 73], "uv_size": [2, 1]},
								"down": {"uv": [88, 75], "uv_size": [2, -1]}
							}
						},
						{
							"origin": [0.2, 20.1335, -29.92235],
							"size": [2.2, 1.8, 1.1],
							"pivot": [1.3, 20.2835, -28.22235],
							"rotation": [-50, 0, 0],
							"uv": {
								"north": {"uv": [84, 13], "uv_size": [2, 2]},
								"east": {"uv": [70, 88], "uv_size": [1, 2]},
								"south": {"uv": [84, 21], "uv_size": [2, 2]},
								"west": {"uv": [88, 77], "uv_size": [1, 2]},
								"up": {"uv": [88, 79], "uv_size": [2, 1]},
								"down": {"uv": [88, 81], "uv_size": [2, -1]}
							}
						},
						{
							"origin": [0.2, 66.4335, -11.97765],
							"size": [2.2, 3.8, 1.1],
							"pivot": [1.3, 20.2835, 28.22235],
							"rotation": [50, 0, 0],
							"uv": {
								"north": {"uv": [42, 79], "uv_size": [2, 4]},
								"east": {"uv": [22, 84], "uv_size": [1, 4]},
								"south": {"uv": [44, 79], "uv_size": [2, 4]},
								"west": {"uv": [26, 84], "uv_size": [1, 4]},
								"up": {"uv": [89, 0], "uv_size": [2, 1]},
								"down": {"uv": [89, 2], "uv_size": [2, -1]}
							}
						},
						{
							"origin": [0.2, 68.2335, -10.87765],
							"size": [2.2, 0.9, 1.1],
							"pivot": [1.3, 20.2835, 28.22235],
							"rotation": [50, 0, 0],
							"uv": {
								"north": {"uv": [88, 82], "uv_size": [2, 1]},
								"east": {"uv": [90, 51], "uv_size": [1, 1]},
								"south": {"uv": [88, 86], "uv_size": [2, 1]},
								"west": {"uv": [90, 52], "uv_size": [1, 1]},
								"up": {"uv": [87, 88], "uv_size": [2, 1]},
								"down": {"uv": [88, 88], "uv_size": [2, -1]}
							}
						},
						{
							"origin": [0.2, 18.67484, -33.51177],
							"size": [2.2, 0.9, 0.5],
							"pivot": [1.3, 18.97484, -33.26177],
							"rotation": [22.5, 0, 0],
							"uv": {
								"north": {"uv": [88, 69], "uv_size": [2, 1]},
								"east": {"uv": [90, 50], "uv_size": [1, 1]},
								"south": {"uv": [88, 70], "uv_size": [2, 1]},
								"west": {"uv": [51, 90], "uv_size": [1, 1]},
								"up": {"uv": [88, 71], "uv_size": [2, 1]},
								"down": {"uv": [88, 73], "uv_size": [2, -1]}
							}
						},
						{
							"origin": [0.2, 17.37327, -33.56917],
							"size": [2.2, 1.55, 0.8],
							"pivot": [1.3, 18.47327, -33.31917],
							"rotation": [-22.5, 0, 0],
							"uv": {
								"north": {"uv": [84, 33], "uv_size": [2, 2]},
								"east": {"uv": [89, 2], "uv_size": [1, 2]},
								"south": {"uv": [84, 35], "uv_size": [2, 2]},
								"west": {"uv": [89, 4], "uv_size": [1, 2]},
								"up": {"uv": [89, 6], "uv_size": [2, 1]},
								"down": {"uv": [89, 8], "uv_size": [2, -1]}
							}
						},
						{
							"origin": [0.2, 15.02327, -33.56917],
							"size": [2.2, 1.4, 1],
							"pivot": [1.3, 15.97327, -33.31917],
							"rotation": [-22.5, 0, 0],
							"uv": {
								"north": {"uv": [89, 17], "uv_size": [2, 1]},
								"east": {"uv": [53, 90], "uv_size": [1, 1]},
								"south": {"uv": [18, 89], "uv_size": [2, 1]},
								"west": {"uv": [90, 53], "uv_size": [1, 1]},
								"up": {"uv": [89, 18], "uv_size": [2, 1]},
								"down": {"uv": [89, 20], "uv_size": [2, -1]}
							}
						},
						{
							"origin": [0.2, 16.17484, -33.51177],
							"size": [2.2, 1.55, 0.8],
							"pivot": [1.3, 16.47484, -33.26177],
							"rotation": [22.5, 0, 0],
							"uv": {
								"north": {"uv": [84, 37], "uv_size": [2, 2]},
								"east": {"uv": [89, 8], "uv_size": [1, 2]},
								"south": {"uv": [84, 39], "uv_size": [2, 2]},
								"west": {"uv": [89, 13], "uv_size": [1, 2]},
								"up": {"uv": [89, 15], "uv_size": [2, 1]},
								"down": {"uv": [89, 17], "uv_size": [2, -1]}
							}
						},
						{
							"origin": [0.2, 12.67327, -33.51917],
							"size": [2.2, 1.4, 1],
							"pivot": [1.3, 13.62327, -33.26917],
							"rotation": [-22.5, 0, 0],
							"uv": {
								"north": {"uv": [89, 29], "uv_size": [2, 1]},
								"east": {"uv": [54, 90], "uv_size": [1, 1]},
								"south": {"uv": [89, 30], "uv_size": [2, 1]},
								"west": {"uv": [90, 54], "uv_size": [1, 1]},
								"up": {"uv": [89, 31], "uv_size": [2, 1]},
								"down": {"uv": [89, 34], "uv_size": [2, -1]}
							}
						},
						{
							"origin": [0.2, 13.82484, -33.46177],
							"size": [2.2, 1.55, 0.8],
							"pivot": [1.3, 14.12484, -33.21177],
							"rotation": [22.5, 0, 0],
							"uv": {
								"north": {"uv": [72, 84], "uv_size": [2, 2]},
								"east": {"uv": [89, 20], "uv_size": [1, 2]},
								"south": {"uv": [84, 73], "uv_size": [2, 2]},
								"west": {"uv": [23, 89], "uv_size": [1, 2]},
								"up": {"uv": [89, 22], "uv_size": [2, 1]},
								"down": {"uv": [89, 29], "uv_size": [2, -1]}
							}
						},
						{
							"origin": [0.2, 10.32327, -33.46917],
							"size": [2.2, 1.4, 0.875],
							"pivot": [1.3, 11.27327, -33.21917],
							"rotation": [-22.5, 0, 0],
							"uv": {
								"north": {"uv": [89, 41], "uv_size": [2, 1]},
								"east": {"uv": [55, 90], "uv_size": [1, 1]},
								"south": {"uv": [89, 42], "uv_size": [2, 1]},
								"west": {"uv": [90, 55], "uv_size": [1, 1]},
								"up": {"uv": [43, 89], "uv_size": [2, 1]},
								"down": {"uv": [89, 46], "uv_size": [2, -1]}
							}
						},
						{
							"origin": [0.2, 11.47484, -33.41177],
							"size": [2.2, 1.55, 0.8],
							"pivot": [1.3, 11.77484, -33.16177],
							"rotation": [22.5, 0, 0],
							"uv": {
								"north": {"uv": [74, 84], "uv_size": [2, 2]},
								"east": {"uv": [25, 89], "uv_size": [1, 2]},
								"south": {"uv": [84, 83], "uv_size": [2, 2]},
								"west": {"uv": [89, 34], "uv_size": [1, 2]},
								"up": {"uv": [89, 39], "uv_size": [2, 1]},
								"down": {"uv": [89, 41], "uv_size": [2, -1]}
							}
						},
						{
							"origin": [0.201, 10.1335, -33.22235],
							"size": [2.2, 9.3, 4.5],
							"uv": {
								"north": {"uv": [6, 67], "uv_size": [2, 9]},
								"east": {"uv": [57, 9], "uv_size": [5, 9]},
								"south": {"uv": [62, 67], "uv_size": [2, 9]},
								"west": {"uv": [10, 57], "uv_size": [5, 9]},
								"up": {"uv": [5, 76], "uv_size": [2, 5]},
								"down": {"uv": [18, 81], "uv_size": [2, -5]}
							}
						},
						{
							"origin": [0.202, 10.0346, -29.54217],
							"size": [2.2, 8.975, 1.6],
							"pivot": [1.3, 14.3596, -29.69217],
							"rotation": [10, 0, 0],
							"uv": {
								"north": {"uv": [60, 66], "uv_size": [2, 9]},
								"east": {"uv": [0, 67], "uv_size": [2, 9]},
								"south": {"uv": [2, 67], "uv_size": [2, 9]},
								"west": {"uv": [4, 67], "uv_size": [2, 9]},
								"up": {"uv": [82, 83], "uv_size": [2, 2]},
								"down": {"uv": [5, 86], "uv_size": [2, -2]}
							}
						},
						{
							"origin": [0.1, 21.0335, -48.82235],
							"size": [2.4, 2.4, 2.9],
							"pivot": [1.3, 22.2335, -17.47235],
							"rotation": [0, 0, 45],
							"uv": {
								"north": {"uv": [16, 83], "uv_size": [2, 2]},
								"east": {"uv": [81, 35], "uv_size": [3, 2]},
								"south": {"uv": [83, 16], "uv_size": [2, 2]},
								"west": {"uv": [81, 37], "uv_size": [3, 2]},
								"up": {"uv": [26, 72], "uv_size": [2, 3]},
								"down": {"uv": [48, 83], "uv_size": [2, -3]}
							}
						},
						{
							"origin": [0.1, 21.0335, -45.52235],
							"size": [2.4, 2.4, 2.6],
							"pivot": [1.3, 22.2335, -17.47235],
							"rotation": [0, 0, 45],
							"uv": {
								"north": {"uv": [83, 18], "uv_size": [2, 2]},
								"east": {"uv": [81, 39], "uv_size": [3, 2]},
								"south": {"uv": [83, 31], "uv_size": [2, 2]},
								"west": {"uv": [78, 81], "uv_size": [3, 2]},
								"up": {"uv": [59, 80], "uv_size": [2, 3]},
								"down": {"uv": [5, 84], "uv_size": [2, -3]}
							}
						},
						{
							"origin": [-0.5, 22.6335, -43.22235],
							"size": [1.4, 0.3, 26.6],
							"uv": {
								"north": {"uv": [33, 90], "uv_size": [1, 1]},
								"east": {"uv": [52, 31], "uv_size": [27, 1]},
								"south": {"uv": [34, 90], "uv_size": [1, 1]},
								"west": {"uv": [58, 45], "uv_size": [27, 1]},
								"up": {"uv": [39, 57], "uv_size": [1, 27]},
								"down": {"uv": [9, 85], "uv_size": [1, -27]}
							}
						},
						{
							"origin": [-0.5, 21.5335, -43.22235],
							"size": [1.4, 0.3, 26.6],
							"uv": {
								"north": {"uv": [90, 35], "uv_size": [1, 1]},
								"east": {"uv": [58, 46], "uv_size": [27, 1]},
								"south": {"uv": [36, 90], "uv_size": [1, 1]},
								"west": {"uv": [58, 47], "uv_size": [27, 1]},
								"up": {"uv": [58, 48], "uv_size": [1, 27]},
								"down": {"uv": [59, 75], "uv_size": [1, -27]}
							}
						},
						{
							"origin": [-0.3, 21.8335, -42.92235],
							"size": [1.2, 0.8, 26.3],
							"uv": {
								"north": {"uv": [90, 34], "uv_size": [1, 1]},
								"east": {"uv": [59, 29], "uv_size": [26, 1]},
								"south": {"uv": [35, 90], "uv_size": [1, 1]},
								"west": {"uv": [59, 30], "uv_size": [26, 1]},
								"up": {"uv": [34, 61], "uv_size": [1, 26]},
								"down": {"uv": [35, 87], "uv_size": [1, -26]}
							}
						},
						{
							"origin": [-0.5, 21.8335, -43.19735],
							"size": [1.4, 0.8, 0.3],
							"uv": {
								"north": {"uv": [90, 36], "uv_size": [1, 1]},
								"east": {"uv": [37, 90], "uv_size": [1, 1]},
								"south": {"uv": [90, 37], "uv_size": [1, 1]},
								"west": {"uv": [38, 90], "uv_size": [1, 1]},
								"up": {"uv": [90, 38], "uv_size": [1, 1]},
								"down": {"uv": [39, 91], "uv_size": [1, -1]}
							}
						},
						{
							"origin": [-1.6, 21.8335, -42.12235],
							"size": [2.5, 0.8, 0.6],
							"pivot": [-0.25, 22.2335, -41.82235],
							"rotation": [0, 12.5, 0],
							"uv": {
								"north": {"uv": [88, 47], "uv_size": [2, 1]},
								"east": {"uv": [40, 90], "uv_size": [1, 1]},
								"south": {"uv": [88, 64], "uv_size": [2, 1]},
								"west": {"uv": [41, 90], "uv_size": [1, 1]},
								"up": {"uv": [88, 67], "uv_size": [2, 1]},
								"down": {"uv": [88, 69], "uv_size": [2, -1]}
							}
						},
						{
							"origin": [-2.455, 21.8335, -41.89927],
							"size": [1.1, 0.8, 0.3],
							"pivot": [-2.605, 22.2335, -41.89927],
							"rotation": [0, -17.5, 0],
							"uv": {
								"north": {"uv": [42, 90], "uv_size": [1, 1]},
								"east": {"uv": [43, 90], "uv_size": [1, 1]},
								"south": {"uv": [90, 43], "uv_size": [1, 1]},
								"west": {"uv": [44, 90], "uv_size": [1, 1]},
								"up": {"uv": [90, 44], "uv_size": [1, 1]},
								"down": {"uv": [45, 91], "uv_size": [1, -1]}
							}
						},
						{
							"origin": [-2.46616, 21.8335, -41.8608],
							"size": [1.1, 0.8, 0.3],
							"pivot": [-2.61616, 22.2335, -41.7608],
							"rotation": [0, -2.5, 0],
							"uv": {
								"north": {"uv": [46, 90], "uv_size": [1, 1]},
								"east": {"uv": [90, 47], "uv_size": [1, 1]},
								"south": {"uv": [90, 48], "uv_size": [1, 1]},
								"west": {"uv": [49, 90], "uv_size": [1, 1]},
								"up": {"uv": [90, 49], "uv_size": [1, 1]},
								"down": {"uv": [50, 91], "uv_size": [1, -1]}
							}
						},
						{
							"origin": [0.1, 21.8335, -39.62235],
							"size": [0.8, 1.6, 2.2],
							"pivot": [1.3, 22.2335, -17.47235],
							"rotation": [0, 0, 45],
							"uv": {
								"north": {"uv": [8, 88], "uv_size": [1, 2]},
								"east": {"uv": [48, 83], "uv_size": [2, 2]},
								"south": {"uv": [16, 88], "uv_size": [1, 2]},
								"west": {"uv": [53, 83], "uv_size": [2, 2]},
								"up": {"uv": [88, 16], "uv_size": [1, 2]},
								"down": {"uv": [17, 90], "uv_size": [1, -2]}
							}
						},
						{
							"origin": [0.1, 22.6335, -42.92235],
							"size": [0.8, 0.8, 3.3],
							"pivot": [1.3, 22.2335, -17.47235],
							"rotation": [0, 0, 45],
							"uv": {
								"north": {"uv": [27, 90], "uv_size": [1, 1]},
								"east": {"uv": [86, 40], "uv_size": [3, 1]},
								"south": {"uv": [90, 27], "uv_size": [1, 1]},
								"west": {"uv": [45, 86], "uv_size": [3, 1]},
								"up": {"uv": [48, 86], "uv_size": [1, 3]},
								"down": {"uv": [52, 89], "uv_size": [1, -3]}
							}
						},
						{
							"origin": [1.225, 23.46487, -42.52235],
							"size": [0.2, 2.8, 0.6],
							"uv": {
								"north": {"uv": [72, 86], "uv_size": [1, 3]},
								"east": {"uv": [73, 86], "uv_size": [1, 3]},
								"south": {"uv": [86, 73], "uv_size": [1, 3]},
								"west": {"uv": [74, 86], "uv_size": [1, 3]},
								"up": {"uv": [56, 90], "uv_size": [1, 1]},
								"down": {"uv": [90, 57], "uv_size": [1, -1]}
							}
						},
						{
							"origin": [1.2, 23.4376, -42.98527],
							"size": [0.2, 2.3, 0.75],
							"pivot": [1.3, 24.5876, -42.68527],
							"rotation": [-22.5, 0, 0],
							"uv": {
								"north": {"uv": [47, 89], "uv_size": [1, 2]},
								"east": {"uv": [48, 89], "uv_size": [1, 2]},
								"south": {"uv": [52, 89], "uv_size": [1, 2]},
								"west": {"uv": [89, 53], "uv_size": [1, 2]},
								"up": {"uv": [57, 90], "uv_size": [1, 1]},
								"down": {"uv": [90, 58], "uv_size": [1, -1]}
							}
						},
						{
							"origin": [1.2, 23.42576, -42.11904],
							"size": [0.2, 2.8, 0.45],
							"pivot": [1.3, 24.57576, -42.14404],
							"rotation": [7.5, 0, 0],
							"uv": {
								"north": {"uv": [75, 86], "uv_size": [1, 3]},
								"east": {"uv": [76, 86], "uv_size": [1, 3]},
								"south": {"uv": [77, 86], "uv_size": [1, 3]},
								"west": {"uv": [78, 86], "uv_size": [1, 3]},
								"up": {"uv": [58, 90], "uv_size": [1, 1]},
								"down": {"uv": [90, 59], "uv_size": [1, -1]}
							}
						},
						{
							"origin": [0.1, 22.6335, -37.42235],
							"size": [0.8, 0.8, 3.3],
							"pivot": [1.3, 22.2335, -17.47235],
							"rotation": [0, 0, 45],
							"uv": {
								"north": {"uv": [28, 90], "uv_size": [1, 1]},
								"east": {"uv": [53, 86], "uv_size": [3, 1]},
								"south": {"uv": [29, 90], "uv_size": [1, 1]},
								"west": {"uv": [56, 86], "uv_size": [3, 1]},
								"up": {"uv": [61, 86], "uv_size": [1, 3]},
								"down": {"uv": [62, 89], "uv_size": [1, -3]}
							}
						},
						{
							"origin": [0.1, 22.6335, -26.42235],
							"size": [0.8, 0.8, 3.3],
							"pivot": [1.3, 22.2335, -17.47235],
							"rotation": [0, 0, 45],
							"uv": {
								"north": {"uv": [32, 90], "uv_size": [1, 1]},
								"east": {"uv": [65, 86], "uv_size": [3, 1]},
								"south": {"uv": [90, 32], "uv_size": [1, 1]},
								"west": {"uv": [86, 65], "uv_size": [3, 1]},
								"up": {"uv": [68, 86], "uv_size": [1, 3]},
								"down": {"uv": [69, 89], "uv_size": [1, -3]}
							}
						},
						{
							"origin": [0.1, 22.6335, -31.92235],
							"size": [0.8, 0.8, 3.3],
							"pivot": [1.3, 22.2335, -17.47235],
							"rotation": [0, 0, 45],
							"uv": {
								"north": {"uv": [30, 90], "uv_size": [1, 1]},
								"east": {"uv": [86, 56], "uv_size": [3, 1]},
								"south": {"uv": [31, 90], "uv_size": [1, 1]},
								"west": {"uv": [86, 57], "uv_size": [3, 1]},
								"up": {"uv": [63, 86], "uv_size": [1, 3]},
								"down": {"uv": [64, 89], "uv_size": [1, -3]}
							}
						},
						{
							"origin": [0.9, 21.0335, -42.92235],
							"size": [0.8, 0.8, 26.3],
							"pivot": [1.3, 22.2335, -17.47235],
							"rotation": [0, 0, 45],
							"uv": {
								"north": {"uv": [26, 90], "uv_size": [1, 1]},
								"east": {"uv": [59, 27], "uv_size": [26, 1]},
								"south": {"uv": [90, 26], "uv_size": [1, 1]},
								"west": {"uv": [59, 28], "uv_size": [26, 1]},
								"up": {"uv": [32, 61], "uv_size": [1, 26]},
								"down": {"uv": [33, 87], "uv_size": [1, -26]}
							}
						},
						{
							"origin": [0.9, 22.6335, -39.62235],
							"size": [0.8, 0.8, 2.2],
							"pivot": [1.3, 22.2335, -17.47235],
							"rotation": [0, 0, 45],
							"uv": {
								"north": {"uv": [10, 90], "uv_size": [1, 1]},
								"east": {"uv": [88, 12], "uv_size": [2, 1]},
								"south": {"uv": [90, 10], "uv_size": [1, 1]},
								"west": {"uv": [88, 23], "uv_size": [2, 1]},
								"up": {"uv": [24, 88], "uv_size": [1, 2]},
								"down": {"uv": [26, 90], "uv_size": [1, -2]}
							}
						},
						{
							"origin": [1.7, 22.6335, -40.72235],
							"size": [0.8, 0.8, 3.3],
							"pivot": [1.3, 22.2335, -17.47235],
							"rotation": [0, 0, 45],
							"uv": {
								"north": {"uv": [11, 90], "uv_size": [1, 1]},
								"east": {"uv": [4, 86], "uv_size": [3, 1]},
								"south": {"uv": [90, 11], "uv_size": [1, 1]},
								"west": {"uv": [7, 86], "uv_size": [3, 1]},
								"up": {"uv": [16, 85], "uv_size": [1, 3]},
								"down": {"uv": [17, 88], "uv_size": [1, -3]}
							}
						},
						{
							"origin": [1.7, 21.0335, -40.72235],
							"size": [0.8, 0.8, 3.3],
							"pivot": [1.3, 22.2335, -17.47235],
							"rotation": [0, 0, 45],
							"uv": {
								"north": {"uv": [12, 90], "uv_size": [1, 1]},
								"east": {"uv": [13, 86], "uv_size": [3, 1]},
								"south": {"uv": [90, 12], "uv_size": [1, 1]},
								"west": {"uv": [86, 13], "uv_size": [3, 1]},
								"up": {"uv": [20, 85], "uv_size": [1, 3]},
								"down": {"uv": [24, 88], "uv_size": [1, -3]}
							}
						},
						{
							"origin": [1.7, 21.0335, -42.92235],
							"size": [0.8, 2.4, 2.2],
							"pivot": [1.3, 22.2335, -17.47235],
							"rotation": [0, 0, 45],
							"uv": {
								"north": {"uv": [88, 18], "uv_size": [1, 2]},
								"east": {"uv": [55, 83], "uv_size": [2, 2]},
								"south": {"uv": [20, 88], "uv_size": [1, 2]},
								"west": {"uv": [57, 83], "uv_size": [2, 2]},
								"up": {"uv": [21, 88], "uv_size": [1, 2]},
								"down": {"uv": [22, 90], "uv_size": [1, -2]}
							}
						},
						{
							"origin": [1.7, 21.0335, -37.42235],
							"size": [0.8, 2.4, 2.2],
							"pivot": [1.3, 22.2335, -17.47235],
							"rotation": [0, 0, 45],
							"uv": {
								"north": {"uv": [36, 88], "uv_size": [1, 2]},
								"east": {"uv": [83, 60], "uv_size": [2, 2]},
								"south": {"uv": [39, 88], "uv_size": [1, 2]},
								"west": {"uv": [83, 62], "uv_size": [2, 2]},
								"up": {"uv": [88, 41], "uv_size": [1, 2]},
								"down": {"uv": [88, 47], "uv_size": [1, -2]}
							}
						},
						{
							"origin": [0.1, 21.8335, -34.12235],
							"size": [0.8, 1.6, 2.2],
							"pivot": [1.3, 22.2335, -17.47235],
							"rotation": [0, 0, 45],
							"uv": {
								"north": {"uv": [88, 30], "uv_size": [1, 2]},
								"east": {"uv": [83, 58], "uv_size": [2, 2]},
								"south": {"uv": [31, 88], "uv_size": [1, 2]},
								"west": {"uv": [59, 83], "uv_size": [2, 2]},
								"up": {"uv": [34, 88], "uv_size": [1, 2]},
								"down": {"uv": [35, 90], "uv_size": [1, -2]}
							}
						},
						{
							"origin": [0.9, 22.6335, -34.12235],
							"size": [0.8, 0.8, 2.2],
							"pivot": [1.3, 22.2335, -17.47235],
							"rotation": [0, 0, 45],
							"uv": {
								"north": {"uv": [15, 90], "uv_size": [1, 1]},
								"east": {"uv": [88, 26], "uv_size": [2, 1]},
								"south": {"uv": [16, 90], "uv_size": [1, 1]},
								"west": {"uv": [88, 27], "uv_size": [2, 1]},
								"up": {"uv": [27, 88], "uv_size": [1, 2]},
								"down": {"uv": [88, 30], "uv_size": [1, -2]}
							}
						},
						{
							"origin": [1.7, 22.6335, -35.22235],
							"size": [0.8, 0.8, 3.3],
							"pivot": [1.3, 22.2335, -17.47235],
							"rotation": [0, 0, 45],
							"uv": {
								"north": {"uv": [14, 90], "uv_size": [1, 1]},
								"east": {"uv": [86, 20], "uv_size": [3, 1]},
								"south": {"uv": [90, 14], "uv_size": [1, 1]},
								"west": {"uv": [86, 21], "uv_size": [3, 1]},
								"up": {"uv": [59, 85], "uv_size": [1, 3]},
								"down": {"uv": [60, 88], "uv_size": [1, -3]}
							}
						},
						{
							"origin": [1.7, 21.0335, -35.22235],
							"size": [0.8, 0.8, 3.3],
							"pivot": [1.3, 22.2335, -17.47235],
							"rotation": [0, 0, 45],
							"uv": {
								"north": {"uv": [13, 90], "uv_size": [1, 1]},
								"east": {"uv": [86, 14], "uv_size": [3, 1]},
								"south": {"uv": [90, 13], "uv_size": [1, 1]},
								"west": {"uv": [86, 15], "uv_size": [3, 1]},
								"up": {"uv": [31, 85], "uv_size": [1, 3]},
								"down": {"uv": [49, 88], "uv_size": [1, -3]}
							}
						},
						{
							"origin": [1.7, 21.0335, -31.92235],
							"size": [0.8, 2.4, 2.2],
							"pivot": [1.3, 22.2335, -17.47235],
							"rotation": [0, 0, 45],
							"uv": {
								"north": {"uv": [55, 88], "uv_size": [1, 2]},
								"east": {"uv": [69, 83], "uv_size": [2, 2]},
								"south": {"uv": [56, 88], "uv_size": [1, 2]},
								"west": {"uv": [83, 69], "uv_size": [2, 2]},
								"up": {"uv": [57, 88], "uv_size": [1, 2]},
								"down": {"uv": [58, 90], "uv_size": [1, -2]}
							}
						},
						{
							"origin": [0.1, 21.8335, -28.62235],
							"size": [0.8, 1.6, 2.2],
							"pivot": [1.3, 22.2335, -17.47235],
							"rotation": [0, 0, 45],
							"uv": {
								"north": {"uv": [51, 88], "uv_size": [1, 2]},
								"east": {"uv": [67, 83], "uv_size": [2, 2]},
								"south": {"uv": [53, 88], "uv_size": [1, 2]},
								"west": {"uv": [83, 67], "uv_size": [2, 2]},
								"up": {"uv": [88, 53], "uv_size": [1, 2]},
								"down": {"uv": [54, 90], "uv_size": [1, -2]}
							}
						},
						{
							"origin": [0.9, 22.6335, -28.62235],
							"size": [0.8, 0.8, 2.2],
							"pivot": [1.3, 22.2335, -17.47235],
							"rotation": [0, 0, 45],
							"uv": {
								"north": {"uv": [90, 20], "uv_size": [1, 1]},
								"east": {"uv": [88, 32], "uv_size": [2, 1]},
								"south": {"uv": [21, 90], "uv_size": [1, 1]},
								"west": {"uv": [88, 43], "uv_size": [2, 1]},
								"up": {"uv": [49, 88], "uv_size": [1, 2]},
								"down": {"uv": [50, 90], "uv_size": [1, -2]}
							}
						},
						{
							"origin": [1.7, 22.6335, -29.72235],
							"size": [0.8, 0.8, 3.3],
							"pivot": [1.3, 22.2335, -17.47235],
							"rotation": [0, 0, 45],
							"uv": {
								"north": {"uv": [19, 90], "uv_size": [1, 1]},
								"east": {"uv": [86, 33], "uv_size": [3, 1]},
								"south": {"uv": [20, 90], "uv_size": [1, 1]},
								"west": {"uv": [86, 34], "uv_size": [3, 1]},
								"up": {"uv": [19, 86], "uv_size": [1, 3]},
								"down": {"uv": [23, 89], "uv_size": [1, -3]}
							}
						},
						{
							"origin": [1.7, 21.0335, -29.72235],
							"size": [0.8, 0.8, 3.3],
							"pivot": [1.3, 22.2335, -17.47235],
							"rotation": [0, 0, 45],
							"uv": {
								"north": {"uv": [17, 90], "uv_size": [1, 1]},
								"east": {"uv": [86, 22], "uv_size": [3, 1]},
								"south": {"uv": [18, 90], "uv_size": [1, 1]},
								"west": {"uv": [28, 86], "uv_size": [3, 1]},
								"up": {"uv": [70, 85], "uv_size": [1, 3]},
								"down": {"uv": [18, 89], "uv_size": [1, -3]}
							}
						},
						{
							"origin": [1.7, 21.0335, -26.42235],
							"size": [0.8, 2.4, 2.2],
							"pivot": [1.3, 22.2335, -17.47235],
							"rotation": [0, 0, 45],
							"uv": {
								"north": {"uv": [60, 88], "uv_size": [1, 2]},
								"east": {"uv": [83, 77], "uv_size": [2, 2]},
								"south": {"uv": [88, 60], "uv_size": [1, 2]},
								"west": {"uv": [78, 83], "uv_size": [2, 2]},
								"up": {"uv": [88, 62], "uv_size": [1, 2]},
								"down": {"uv": [65, 90], "uv_size": [1, -2]}
							}
						},
						{
							"origin": [1.7, 21.0335, -20.92235],
							"size": [0.8, 2.4, 4.3],
							"pivot": [1.3, 22.2335, -17.47235],
							"rotation": [0, 0, 45],
							"uv": {
								"north": {"uv": [66, 88], "uv_size": [1, 2]},
								"east": {"uv": [79, 6], "uv_size": [4, 2]},
								"south": {"uv": [67, 88], "uv_size": [1, 2]},
								"west": {"uv": [79, 31], "uv_size": [4, 2]},
								"up": {"uv": [28, 82], "uv_size": [1, 4]},
								"down": {"uv": [71, 87], "uv_size": [1, -4]}
							}
						},
						{
							"origin": [0.1, 21.8335, -23.12235],
							"size": [0.8, 1.6, 6.5],
							"pivot": [1.3, 22.2335, -17.47235],
							"rotation": [0, 0, 45],
							"uv": {
								"north": {"uv": [88, 58], "uv_size": [1, 2]},
								"east": {"uv": [72, 50], "uv_size": [7, 2]},
								"south": {"uv": [59, 88], "uv_size": [1, 2]},
								"west": {"uv": [72, 55], "uv_size": [7, 2]},
								"up": {"uv": [61, 79], "uv_size": [1, 7]},
								"down": {"uv": [62, 86], "uv_size": [1, -7]}
							}
						},
						{
							"origin": [0.9, 22.6335, -23.12235],
							"size": [0.8, 0.8, 6.5],
							"pivot": [1.3, 22.2335, -17.47235],
							"rotation": [0, 0, 45],
							"uv": {
								"north": {"uv": [90, 24], "uv_size": [1, 1]},
								"east": {"uv": [79, 56], "uv_size": [7, 1]},
								"south": {"uv": [90, 25], "uv_size": [1, 1]},
								"west": {"uv": [79, 57], "uv_size": [7, 1]},
								"up": {"uv": [52, 79], "uv_size": [1, 7]},
								"down": {"uv": [79, 65], "uv_size": [1, -7]}
							}
						},
						{
							"origin": [1.7, 22.6335, -24.22235],
							"size": [0.8, 0.8, 3.3],
							"pivot": [1.3, 22.2335, -17.47235],
							"rotation": [0, 0, 45],
							"uv": {
								"north": {"uv": [90, 23], "uv_size": [1, 1]},
								"east": {"uv": [86, 39], "uv_size": [3, 1]},
								"south": {"uv": [24, 90], "uv_size": [1, 1]},
								"west": {"uv": [40, 86], "uv_size": [3, 1]},
								"up": {"uv": [43, 86], "uv_size": [1, 3]},
								"down": {"uv": [44, 89], "uv_size": [1, -3]}
							}
						},
						{
							"origin": [1.7, 21.0335, -24.22235],
							"size": [0.8, 0.8, 3.3],
							"pivot": [1.3, 22.2335, -17.47235],
							"rotation": [0, 0, 45],
							"uv": {
								"north": {"uv": [90, 21], "uv_size": [1, 1]},
								"east": {"uv": [86, 35], "uv_size": [3, 1]},
								"south": {"uv": [22, 90], "uv_size": [1, 1]},
								"west": {"uv": [36, 86], "uv_size": [3, 1]},
								"up": {"uv": [25, 86], "uv_size": [1, 3]},
								"down": {"uv": [86, 39], "uv_size": [1, -3]}
							}
						},
						{
							"origin": [0.2, 21.1335, -45.92235],
							"size": [2.2, 2.2, 0.4],
							"pivot": [1.3, 22.2335, -17.47235],
							"rotation": [0, 0, 45],
							"uv": {
								"north": {"uv": [42, 83], "uv_size": [2, 2]},
								"east": {"uv": [6, 88], "uv_size": [1, 2]},
								"south": {"uv": [44, 83], "uv_size": [2, 2]},
								"west": {"uv": [7, 88], "uv_size": [1, 2]},
								"up": {"uv": [88, 10], "uv_size": [2, 1]},
								"down": {"uv": [88, 12], "uv_size": [2, -1]}
							}
						},
						{
							"origin": [-0.01, 23.35019, -15.62229],
							"size": [2.6, 2.5, 1.1],
							"pivot": [0.8, 24.85019, -15.22229],
							"rotation": [-32.5, 0, 0],
							"uv": {
								"north": {"uv": [81, 21], "uv_size": [3, 2]},
								"east": {"uv": [87, 71], "uv_size": [1, 2]},
								"south": {"uv": [81, 33], "uv_size": [3, 2]},
								"west": {"uv": [87, 73], "uv_size": [1, 2]},
								"up": {"uv": [85, 82], "uv_size": [3, 1]},
								"down": {"uv": [84, 86], "uv_size": [3, -1]}
							}
						},
						{
							"origin": [-0.5, 14.3585, -15.92235],
							"size": [3.6, 6.05, 1],
							"uv": {
								"north": {"uv": [62, 9], "uv_size": [4, 6]},
								"east": {"uv": [14, 80], "uv_size": [1, 6]},
								"south": {"uv": [62, 15], "uv_size": [4, 6]},
								"west": {"uv": [15, 80], "uv_size": [1, 6]},
								"up": {"uv": [54, 74], "uv_size": [4, 1]},
								"down": {"uv": [82, 76], "uv_size": [4, -1]}
							}
						},
						{
							"origin": [-0.5, 18.47022, -16.42164],
							"size": [3.6, 2.15, 0.7],
							"pivot": [1.3, 19.94522, -15.92164],
							"rotation": [20, 0, 0],
							"uv": {
								"north": {"uv": [78, 73], "uv_size": [4, 2]},
								"east": {"uv": [47, 87], "uv_size": [1, 2]},
								"south": {"uv": [78, 75], "uv_size": [4, 2]},
								"west": {"uv": [71, 87], "uv_size": [1, 2]},
								"up": {"uv": [82, 76], "uv_size": [4, 1]},
								"down": {"uv": [81, 83], "uv_size": [4, -1]}
							}
						},
						{
							"origin": [0, 25.4085, -15.02235],
							"size": [2.6, 0.5, 5.975],
							"uv": {
								"north": {"uv": [85, 78], "uv_size": [3, 1]},
								"east": {"uv": [66, 6], "uv_size": [6, 1]},
								"south": {"uv": [85, 79], "uv_size": [3, 1]},
								"west": {"uv": [80, 20], "uv_size": [6, 1]},
								"up": {"uv": [55, 63], "uv_size": [3, 6]},
								"down": {"uv": [66, 54], "uv_size": [3, -6]}
							}
						},
						{
							"origin": [0, 25.12312, -9.16823],
							"size": [2.6, 0.5, 1.85],
							"pivot": [1.3, 25.37312, -8.18073],
							"rotation": [-17.5, 0, 0],
							"uv": {
								"north": {"uv": [85, 80], "uv_size": [3, 1]},
								"east": {"uv": [21, 75], "uv_size": [2, 1]},
								"south": {"uv": [81, 85], "uv_size": [3, 1]},
								"west": {"uv": [50, 87], "uv_size": [2, 1]},
								"up": {"uv": [81, 11], "uv_size": [3, 2]},
								"down": {"uv": [81, 15], "uv_size": [3, -2]}
							}
						},
						{
							"origin": [0, 18.7585, -5.92235],
							"size": [2.6, 2.15, 6.7],
							"uv": {
								"north": {"uv": [73, 80], "uv_size": [3, 2]},
								"east": {"uv": [69, 53], "uv_size": [7, 2]},
								"south": {"uv": [80, 77], "uv_size": [3, 2]},
								"west": {"uv": [71, 24], "uv_size": [7, 2]},
								"up": {"uv": [48, 63], "uv_size": [3, 7]},
								"down": {"uv": [63, 55], "uv_size": [3, -7]}
							}
						},
						{
							"origin": [0.7, 18.1585, -5.92235],
							"size": [1.2, 0.6, 6.7],
							"uv": {
								"north": {"uv": [91, 18], "uv_size": [1, 1]},
								"east": {"uv": [80, 4], "uv_size": [7, 1]},
								"south": {"uv": [19, 91], "uv_size": [1, 1]},
								"west": {"uv": [80, 5], "uv_size": [7, 1]},
								"up": {"uv": [80, 9], "uv_size": [1, 7]},
								"down": {"uv": [10, 87], "uv_size": [1, -7]}
							}
						},
						{
							"origin": [0.7, 15.7585, -0.22235],
							"size": [1.2, 2.4, 1],
							"uv": {
								"north": {"uv": [71, 89], "uv_size": [1, 2]},
								"east": {"uv": [72, 89], "uv_size": [1, 2]},
								"south": {"uv": [73, 89], "uv_size": [1, 2]},
								"west": {"uv": [74, 89], "uv_size": [1, 2]},
								"up": {"uv": [91, 20], "uv_size": [1, 1]},
								"down": {"uv": [21, 92], "uv_size": [1, -1]}
							}
						},
						{
							"origin": [0.701, 14.73785, -0.47541],
							"size": [1.2, 1.7, 0.7],
							"pivot": [1.3, 15.93785, -0.27541],
							"rotation": [-47.5, 0, 0],
							"uv": {
								"north": {"uv": [75, 89], "uv_size": [1, 2]},
								"east": {"uv": [89, 75], "uv_size": [1, 2]},
								"south": {"uv": [76, 89], "uv_size": [1, 2]},
								"west": {"uv": [77, 89], "uv_size": [1, 2]},
								"up": {"uv": [91, 21], "uv_size": [1, 1]},
								"down": {"uv": [22, 92], "uv_size": [1, -1]}
							}
						},
						{
							"origin": [1, 17.28399, -2.0461],
							"size": [0.6, 1.6, 0.975],
							"pivot": [1.3, 17.43399, -2.1211],
							"rotation": [-12.5, 0, 0],
							"uv": {
								"north": {"uv": [89, 77], "uv_size": [1, 2]},
								"east": {"uv": [78, 89], "uv_size": [1, 2]},
								"south": {"uv": [79, 89], "uv_size": [1, 2]},
								"west": {"uv": [80, 89], "uv_size": [1, 2]},
								"up": {"uv": [91, 22], "uv_size": [1, 1]},
								"down": {"uv": [23, 92], "uv_size": [1, -1]}
							}
						},
						{
							"origin": [1, 16.68375, -1.7632],
							"size": [0.6, 0.7, 0.525],
							"pivot": [1.3, 17.03375, -1.7382],
							"rotation": [-32.5, 0, 0],
							"uv": {
								"north": {"uv": [91, 27], "uv_size": [1, 1]},
								"east": {"uv": [28, 91], "uv_size": [1, 1]},
								"south": {"uv": [91, 28], "uv_size": [1, 1]},
								"west": {"uv": [29, 91], "uv_size": [1, 1]},
								"up": {"uv": [91, 29], "uv_size": [1, 1]},
								"down": {"uv": [30, 92], "uv_size": [1, -1]}
							}
						},
						{
							"origin": [1, 15.50942, -1.58761],
							"size": [0.6, 1.2, 0.425],
							"pivot": [1.3, 17.05942, -1.66261],
							"rotation": [-40, 0, 0],
							"uv": {
								"north": {"uv": [91, 23], "uv_size": [1, 1]},
								"east": {"uv": [24, 91], "uv_size": [1, 1]},
								"south": {"uv": [91, 24], "uv_size": [1, 1]},
								"west": {"uv": [25, 91], "uv_size": [1, 1]},
								"up": {"uv": [91, 25], "uv_size": [1, 1]},
								"down": {"uv": [26, 92], "uv_size": [1, -1]}
							}
						},
						{
							"origin": [1, 15.71498, -2.40908],
							"size": [0.6, 1.6, 0.425],
							"pivot": [1.3, 16.31498, -2.19658],
							"rotation": [-20, 0, 0],
							"uv": {
								"north": {"uv": [81, 89], "uv_size": [1, 2]},
								"east": {"uv": [82, 89], "uv_size": [1, 2]},
								"south": {"uv": [83, 89], "uv_size": [1, 2]},
								"west": {"uv": [89, 83], "uv_size": [1, 2]},
								"up": {"uv": [91, 26], "uv_size": [1, 1]},
								"down": {"uv": [27, 92], "uv_size": [1, -1]}
							}
						},
						{
							"origin": [0.7, 14.7585, -5.92235],
							"size": [1.2, 0.6, 5.1],
							"uv": {
								"north": {"uv": [91, 19], "uv_size": [1, 1]},
								"east": {"uv": [53, 82], "uv_size": [5, 1]},
								"south": {"uv": [20, 91], "uv_size": [1, 1]},
								"west": {"uv": [67, 82], "uv_size": [5, 1]},
								"up": {"uv": [11, 82], "uv_size": [1, 5]},
								"down": {"uv": [12, 87], "uv_size": [1, -5]}
							}
						},
						{
							"origin": [1.1, 21.8585, -14.92235],
							"size": [2.5, 2.15, 8.975],
							"uv": {
								"north": {"uv": [72, 82], "uv_size": [2, 2]},
								"east": {"uv": [61, 40], "uv_size": [9, 2]},
								"south": {"uv": [82, 73], "uv_size": [2, 2]},
								"west": {"uv": [61, 42], "uv_size": [9, 2]},
								"up": {"uv": [51, 63], "uv_size": [2, 9]},
								"down": {"uv": [53, 72], "uv_size": [2, -9]}
							}
						},
						{
							"origin": [-1.15, 22.9585, -14.92235],
							"size": [2.25, 1.05, 8.975],
							"uv": {
								"north": {"uv": [89, 81], "uv_size": [2, 1]},
								"east": {"uv": [76, 53], "uv_size": [9, 1]},
								"south": {"uv": [84, 89], "uv_size": [2, 1]},
								"west": {"uv": [76, 54], "uv_size": [9, 1]},
								"up": {"uv": [64, 67], "uv_size": [2, 9]},
								"down": {"uv": [66, 76], "uv_size": [2, -9]}
							}
						},
						{
							"origin": [-1.775, 20.9585, -14.92235],
							"size": [0.9, 2, 8.975],
							"uv": {
								"north": {"uv": [86, 89], "uv_size": [1, 2]},
								"east": {"uv": [66, 17], "uv_size": [9, 2]},
								"south": {"uv": [87, 89], "uv_size": [1, 2]},
								"west": {"uv": [66, 19], "uv_size": [9, 2]},
								"up": {"uv": [47, 76], "uv_size": [1, 9]},
								"down": {"uv": [8, 86], "uv_size": [1, -9]}
							}
						},
						{
							"origin": [-3.8, 11.7085, -14.89735],
							"size": [10.1, 10.15, 0.975],
							"uv": {
								"north": {"uv": [32, 0], "uv_size": [10, 10]},
								"east": {"uv": [8, 67], "uv_size": [1, 10]},
								"south": {"uv": [32, 10], "uv_size": [10, 10]},
								"west": {"uv": [42, 68], "uv_size": [1, 10]},
								"up": {"uv": [72, 52], "uv_size": [10, 1]},
								"down": {"uv": [73, 45], "uv_size": [10, -1]}
							}
						},
						{
							"origin": [-1, 21.8085, -14.89735],
							"size": [4.2, 1.15, 0.975],
							"uv": {
								"north": {"uv": [85, 6], "uv_size": [4, 1]},
								"east": {"uv": [91, 31], "uv_size": [1, 1]},
								"south": {"uv": [85, 7], "uv_size": [4, 1]},
								"west": {"uv": [32, 91], "uv_size": [1, 1]},
								"up": {"uv": [85, 8], "uv_size": [4, 1]},
								"down": {"uv": [85, 10], "uv_size": [4, -1]}
							}
						},
						{
							"origin": [1.1, 11.7085, -6.94735],
							"size": [5.2, 10.15, 0.975],
							"uv": {
								"north": {"uv": [0, 48], "uv_size": [5, 10]},
								"east": {"uv": [31, 70], "uv_size": [1, 10]},
								"south": {"uv": [5, 48], "uv_size": [5, 10]},
								"west": {"uv": [20, 75], "uv_size": [1, 10]},
								"up": {"uv": [80, 64], "uv_size": [5, 1]},
								"down": {"uv": [81, 16], "uv_size": [5, -1]}
							}
						},
						{
							"origin": [-3.8, 11.7085, -6.94735],
							"size": [4.9, 9.25, 0.975],
							"uv": {
								"north": {"uv": [15, 57], "uv_size": [5, 9]},
								"east": {"uv": [76, 77], "uv_size": [1, 9]},
								"south": {"uv": [57, 18], "uv_size": [5, 9]},
								"west": {"uv": [77, 77], "uv_size": [1, 9]},
								"up": {"uv": [82, 71], "uv_size": [5, 1]},
								"down": {"uv": [82, 73], "uv_size": [5, -1]}
							}
						},
						{
							"origin": [-0.9, 20.5085, -14.64735],
							"size": [2, 0.45, 7.775],
							"uv": {
								"north": {"uv": [89, 85], "uv_size": [2, 1]},
								"east": {"uv": [79, 49], "uv_size": [8, 1]},
								"south": {"uv": [88, 89], "uv_size": [2, 1]},
								"west": {"uv": [79, 50], "uv_size": [8, 1]},
								"up": {"uv": [18, 68], "uv_size": [2, 8]},
								"down": {"uv": [40, 76], "uv_size": [2, -8]}
							}
						},
						{
							"origin": [1.1, 20.5085, -14.64735],
							"size": [2, 1.35, 7.775],
							"uv": {
								"north": {"uv": [89, 88], "uv_size": [2, 1]},
								"east": {"uv": [79, 51], "uv_size": [8, 1]},
								"south": {"uv": [0, 90], "uv_size": [2, 1]},
								"west": {"uv": [79, 55], "uv_size": [8, 1]},
								"up": {"uv": [44, 68], "uv_size": [2, 8]},
								"down": {"uv": [46, 76], "uv_size": [2, -8]}
							}
						},
						{
							"origin": [-1, 9.6585, -14.9221],
							"size": [4.7, 2.15, 8.975],
							"uv": {
								"north": {"uv": [73, 71], "uv_size": [5, 2]},
								"east": {"uv": [62, 21], "uv_size": [9, 2]},
								"south": {"uv": [73, 73], "uv_size": [5, 2]},
								"west": {"uv": [62, 23], "uv_size": [9, 2]},
								"up": {"uv": [10, 48], "uv_size": [5, 9]},
								"down": {"uv": [15, 57], "uv_size": [5, -9]}
							}
						},
						{
							"origin": [-1, 9.6585, -14.92235],
							"size": [4.6, 2.15, 8.975],
							"pivot": [1.3, 16.8335, -10.43485],
							"rotation": [0, 0, 35.5],
							"uv": {
								"north": {"uv": [75, 4], "uv_size": [5, 2]},
								"east": {"uv": [63, 55], "uv_size": [9, 2]},
								"south": {"uv": [75, 9], "uv_size": [5, 2]},
								"west": {"uv": [63, 57], "uv_size": [9, 2]},
								"up": {"uv": [30, 48], "uv_size": [5, 9]},
								"down": {"uv": [35, 57], "uv_size": [5, -9]}
							}
						},
						{
							"origin": [-1, 21.8585, -14.9221],
							"size": [4.6, 2.15, 8.975],
							"pivot": [1.3, 16.8335, -10.43485],
							"rotation": [0, 0, 35.5],
							"uv": {
								"north": {"uv": [75, 0], "uv_size": [5, 2]},
								"east": {"uv": [62, 25], "uv_size": [9, 2]},
								"south": {"uv": [75, 2], "uv_size": [5, 2]},
								"west": {"uv": [63, 7], "uv_size": [9, 2]},
								"up": {"uv": [20, 48], "uv_size": [5, 9]},
								"down": {"uv": [25, 57], "uv_size": [5, -9]}
							}
						},
						{
							"origin": [-1, 9.6585, -14.9221],
							"size": [4.6, 2.35, 8.975],
							"pivot": [1.3, 16.8335, -10.43485],
							"rotation": [0, 0, 71],
							"uv": {
								"north": {"uv": [75, 15], "uv_size": [5, 2]},
								"east": {"uv": [63, 63], "uv_size": [9, 2]},
								"south": {"uv": [75, 17], "uv_size": [5, 2]},
								"west": {"uv": [63, 65], "uv_size": [9, 2]},
								"up": {"uv": [50, 0], "uv_size": [5, 9]},
								"down": {"uv": [52, 18], "uv_size": [5, -9]}
							}
						},
						{
							"origin": [-1, 21.5585, -14.92235],
							"size": [4.6, 2.45, 8.975],
							"pivot": [1.3, 16.8335, -10.43485],
							"rotation": [0, 0, 71],
							"uv": {
								"north": {"uv": [75, 11], "uv_size": [5, 2]},
								"east": {"uv": [63, 59], "uv_size": [9, 2]},
								"south": {"uv": [75, 13], "uv_size": [5, 2]},
								"west": {"uv": [63, 61], "uv_size": [9, 2]},
								"up": {"uv": [48, 36], "uv_size": [5, 9]},
								"down": {"uv": [48, 54], "uv_size": [5, -9]}
							}
						},
						{
							"origin": [-1, 9.6585, -14.92235],
							"size": [4.6, 2.35, 8.975],
							"pivot": [1.3, 16.8335, -10.43485],
							"rotation": [0, 0, 106.5],
							"uv": {
								"north": {"uv": [54, 75], "uv_size": [5, 2]},
								"east": {"uv": [66, 4], "uv_size": [9, 2]},
								"south": {"uv": [68, 75], "uv_size": [5, 2]},
								"west": {"uv": [66, 9], "uv_size": [9, 2]},
								"up": {"uv": [53, 45], "uv_size": [5, 9]},
								"down": {"uv": [48, 63], "uv_size": [5, -9]}
							}
						},
						{
							"origin": [-1, 21.5585, -14.9474],
							"size": [4.6, 2.45, 8.975],
							"pivot": [1.3, 16.8335, -10.43485],
							"rotation": [0, 0, 106.5],
							"uv": {
								"north": {"uv": [75, 19], "uv_size": [5, 2]},
								"east": {"uv": [66, 0], "uv_size": [9, 2]},
								"south": {"uv": [26, 75], "uv_size": [5, 2]},
								"west": {"uv": [66, 2], "uv_size": [9, 2]},
								"up": {"uv": [52, 18], "uv_size": [5, 9]},
								"down": {"uv": [53, 45], "uv_size": [5, -9]}
							}
						},
						{
							"origin": [0.3, 9.6585, -14.9221],
							"size": [3.3, 2.35, 8.975],
							"pivot": [1.3, 16.8335, -10.43485],
							"rotation": [0, 0, 142],
							"uv": {
								"north": {"uv": [80, 79], "uv_size": [3, 2]},
								"east": {"uv": [66, 13], "uv_size": [9, 2]},
								"south": {"uv": [81, 9], "uv_size": [3, 2]},
								"west": {"uv": [66, 15], "uv_size": [9, 2]},
								"up": {"uv": [0, 58], "uv_size": [3, 9]},
								"down": {"uv": [3, 67], "uv_size": [3, -9]}
							}
						},
						{
							"origin": [-1.2, 9.6585, -14.9221],
							"size": [1.5, 0.95, 8.975],
							"pivot": [1.3, 16.8335, -10.43485],
							"rotation": [0, 0, 142],
							"uv": {
								"north": {"uv": [91, 30], "uv_size": [1, 1]},
								"east": {"uv": [77, 65], "uv_size": [9, 1]},
								"south": {"uv": [31, 91], "uv_size": [1, 1]},
								"west": {"uv": [77, 66], "uv_size": [9, 1]},
								"up": {"uv": [29, 77], "uv_size": [1, 9]},
								"down": {"uv": [30, 86], "uv_size": [1, -9]}
							}
						},
						{
							"origin": [-1, 21.8585, -14.92235],
							"size": [4.8, 2.15, 8.975],
							"pivot": [1.3, 16.8335, -10.43485],
							"rotation": [0, 0, 142],
							"uv": {
								"north": {"uv": [73, 75], "uv_size": [5, 2]},
								"east": {"uv": [10, 66], "uv_size": [9, 2]},
								"south": {"uv": [0, 76], "uv_size": [5, 2]},
								"west": {"uv": [66, 11], "uv_size": [9, 2]},
								"up": {"uv": [53, 54], "uv_size": [5, 9]},
								"down": {"uv": [55, 9], "uv_size": [5, -9]}
							}
						},
						{
							"origin": [1.1, 20.9085, -5.92235],
							"size": [1.5, 2.15, 6.7],
							"uv": {
								"north": {"uv": [21, 82], "uv_size": [2, 2]},
								"east": {"uv": [72, 6], "uv_size": [7, 2]},
								"south": {"uv": [26, 82], "uv_size": [2, 2]},
								"west": {"uv": [72, 48], "uv_size": [7, 2]},
								"up": {"uv": [50, 9], "uv_size": [2, 7]},
								"down": {"uv": [16, 79], "uv_size": [2, -7]}
							}
						},
						{
							"origin": [0, 22.68215, 4.62336],
							"size": [2.6, 2.2, 3.3],
							"pivot": [1.3, 23.78215, 5.82336],
							"rotation": [-45, 0, 0],
							"uv": {
								"north": {"uv": [80, 60], "uv_size": [3, 2]},
								"east": {"uv": [80, 62], "uv_size": [3, 2]},
								"south": {"uv": [67, 80], "uv_size": [3, 2]},
								"west": {"uv": [80, 67], "uv_size": [3, 2]},
								"up": {"uv": [61, 76], "uv_size": [3, 3]},
								"down": {"uv": [64, 79], "uv_size": [3, -3]}
							}
						},
						{
							"origin": [0, 16.7669, 5.39658],
							"size": [2.6, 1.4, 2.9],
							"pivot": [1.3, 17.5669, 5.64658],
							"rotation": [45, 0, 0],
							"uv": {
								"north": {"uv": [85, 67], "uv_size": [3, 1]},
								"east": {"uv": [85, 68], "uv_size": [3, 1]},
								"south": {"uv": [85, 69], "uv_size": [3, 1]},
								"west": {"uv": [85, 70], "uv_size": [3, 1]},
								"up": {"uv": [43, 76], "uv_size": [3, 3]},
								"down": {"uv": [50, 79], "uv_size": [3, -3]}
							}
						}
					]
				},
				{
					"name": "bone2",
					"parent": "bone",
					"pivot": [1.3, 16.5585, -16.7786],
					"rotation": [0, 0, -20],
					"cubes": [
						{
							"origin": [0.6, 15.8585, -17.62235],
							"size": [1.4, 1.4, 1.7],
							"uv": {
								"north": {"uv": [9, 90], "uv_size": [1, 1]},
								"east": {"uv": [87, 75], "uv_size": [2, 1]},
								"south": {"uv": [90, 9], "uv_size": [1, 1]},
								"west": {"uv": [87, 85], "uv_size": [2, 1]},
								"up": {"uv": [87, 86], "uv_size": [1, 2]},
								"down": {"uv": [88, 2], "uv_size": [1, -2]}
							}
						},
						{
							"origin": [1.2, 14.5585, -17.64735],
							"size": [0.2, 4, 1.725],
							"uv": {
								"north": {"uv": [13, 82], "uv_size": [1, 4]},
								"east": {"uv": [78, 77], "uv_size": [2, 4]},
								"south": {"uv": [23, 82], "uv_size": [1, 4]},
								"west": {"uv": [16, 79], "uv_size": [2, 4]},
								"up": {"uv": [88, 2], "uv_size": [1, 2]},
								"down": {"uv": [88, 6], "uv_size": [1, -2]}
							}
						}
					]
				}
			]
		}
	]
}