{
	"format_version": "1.12.0",
	"minecraft:geometry": [
		{
			"description": {
				"identifier": "geometry.unknown",
				"texture_width": 128,
				"texture_height": 128,
				"visible_bounds_width": 8,
				"visible_bounds_height": 5,
				"visible_bounds_offset": [0, 0.5, 0]
			},
			"bones": [
				{
					"name": "main",
					"pivot": [0, 20, 0]
				},
				{
					"name": "rightarm",
					"parent": "main",
					"pivot": [-5.3, 8.8, 1.8],
					"rotation": [-101.81106, -12.40003, -2.46982],
					"cubes": [
						{
							"origin": [-9.3, -15.2, -2.2],
							"size": [8, 24, 8],
							"uv": {
								"north": {"uv": [0, 0], "uv_size": [8, 24]},
								"east": {"uv": [8, 0], "uv_size": [8, 24]},
								"south": {"uv": [16, 0], "uv_size": [8, 24]},
								"west": {"uv": [0, 24], "uv_size": [8, 24]},
								"up": {"uv": [32, 0], "uv_size": [8, 8]},
								"down": {"uv": [32, 16], "uv_size": [8, -8]}
							}
						}
					]
				},
				{
					"name": "leftarm",
					"parent": "main",
					"pivot": [9.1, 3.3, -1.6],
					"rotation": [-127.09693, -0.31726, -36.80457],
					"cubes": [
						{
							"origin": [5.1, -20.7, -5.6],
							"size": [8, 24, 8],
							"uv": {
								"north": {"uv": [24, 0], "uv_size": [8, 24]},
								"east": {"uv": [8, 24], "uv_size": [8, 24]},
								"south": {"uv": [16, 24], "uv_size": [8, 24]},
								"west": {"uv": [24, 24], "uv_size": [8, 24]},
								"up": {"uv": [32, 16], "uv_size": [8, 8]},
								"down": {"uv": [32, 32], "uv_size": [8, -8]}
							}
						}
					]
				},
				{
					"name": "muzzleflash",
					"parent": "main",
					"pivot": [0, 22.35, -39.25],
					"cubes": [
						{
							"origin": [-0.5, 21.85, -39.55],
							"size": [1, 1, 1],
							"inflate": -0.4,
							"uv": {
								"north": {"uv": [8, 58], "uv_size": [1, 1]},
								"east": {"uv": [67, 27], "uv_size": [1, 1]},
								"south": {"uv": [67, 28], "uv_size": [1, 1]},
								"west": {"uv": [67, 29], "uv_size": [1, 1]},
								"up": {"uv": [30, 67], "uv_size": [1, 1]},
								"down": {"uv": [67, 31], "uv_size": [1, -1]}
							}
						}
					]
				},
				{
					"name": "scope",
					"parent": "main",
					"pivot": [-0.5, 24.15, -4.25],
					"cubes": [
						{
							"origin": [-1, 23.65, -4.55],
							"size": [1, 1, 1],
							"inflate": -0.4,
							"uv": {
								"north": {"uv": [31, 67], "uv_size": [1, 1]},
								"east": {"uv": [32, 67], "uv_size": [1, 1]},
								"south": {"uv": [33, 67], "uv_size": [1, 1]},
								"west": {"uv": [35, 67], "uv_size": [1, 1]},
								"up": {"uv": [36, 67], "uv_size": [1, 1]},
								"down": {"uv": [37, 68], "uv_size": [1, -1]}
							}
						}
					]
				},
				{
					"name": "bone",
					"parent": "main",
					"pivot": [0, 12, -18]
				},
				{
					"name": "magazine",
					"parent": "bone",
					"pivot": [-5, 8.22666, -13.30209],
					"cubes": [
						{
							"origin": [-1.602, 7.57666, -19.15209],
							"size": [2.2, 11.9, 4.55],
							"pivot": [-0.502, 13.92666, -15.97709],
							"rotation": [7.5, 0, 0],
							"uv": {
								"north": {"uv": [0, 48], "uv_size": [2, 12]},
								"east": {"uv": [32, 32], "uv_size": [5, 12]},
								"south": {"uv": [48, 0], "uv_size": [2, 12]},
								"west": {"uv": [37, 32], "uv_size": [5, 12]},
								"up": {"uv": [25, 54], "uv_size": [2, 5]},
								"down": {"uv": [54, 42], "uv_size": [2, -5]}
							}
						},
						{
							"origin": [-1.902, 7.07666, -19.15209],
							"size": [2.8, 0.9, 5.45],
							"uv": {
								"north": {"uv": [66, 4], "uv_size": [3, 1]},
								"east": {"uv": [57, 11], "uv_size": [5, 1]},
								"south": {"uv": [66, 5], "uv_size": [3, 1]},
								"west": {"uv": [57, 23], "uv_size": [5, 1]},
								"up": {"uv": [52, 24], "uv_size": [3, 5]},
								"down": {"uv": [52, 34], "uv_size": [3, -5]}
							}
						}
					]
				},
				{
					"name": "bullet",
					"parent": "magazine",
					"pivot": [-0.502, 19.16005, -17.30634],
					"rotation": [0, 0, 22.5],
					"cubes": [
						{
							"origin": [-1.202, 18.56005, -18.33134],
							"size": [1.2, 1.2, 2.65],
							"uv": {
								"north": {"uv": [69, 59], "uv_size": [1, 1]},
								"east": {"uv": [66, 6], "uv_size": [3, 1]},
								"south": {"uv": [60, 69], "uv_size": [1, 1]},
								"west": {"uv": [7, 66], "uv_size": [3, 1]},
								"up": {"uv": [55, 63], "uv_size": [1, 3]},
								"down": {"uv": [35, 67], "uv_size": [1, -3]}
							}
						},
						{
							"origin": [-1.102, 18.66005, -19.28134],
							"size": [1, 1, 0.95],
							"uv": {
								"north": {"uv": [69, 60], "uv_size": [1, 1]},
								"east": {"uv": [61, 69], "uv_size": [1, 1]},
								"south": {"uv": [69, 61], "uv_size": [1, 1]},
								"west": {"uv": [62, 69], "uv_size": [1, 1]},
								"up": {"uv": [69, 62], "uv_size": [1, 1]},
								"down": {"uv": [63, 70], "uv_size": [1, -1]}
							}
						}
					]
				},
				{
					"name": "magazine2",
					"parent": "bone",
					"pivot": [-5, 8.22666, -13.30209],
					"cubes": [
						{
							"origin": [-1.602, 7.57666, -19.15209],
							"size": [2.2, 11.9, 4.55],
							"pivot": [-0.502, 13.92666, -15.97709],
							"rotation": [7.5, 0, 0],
							"uv": {
								"north": {"uv": [0, 48], "uv_size": [2, 12]},
								"east": {"uv": [32, 32], "uv_size": [5, 12]},
								"south": {"uv": [48, 0], "uv_size": [2, 12]},
								"west": {"uv": [37, 32], "uv_size": [5, 12]},
								"up": {"uv": [25, 54], "uv_size": [2, 5]},
								"down": {"uv": [54, 42], "uv_size": [2, -5]}
							}
						},
						{
							"origin": [-1.902, 7.07666, -19.15209],
							"size": [2.8, 0.9, 5.45],
							"uv": {
								"north": {"uv": [66, 4], "uv_size": [3, 1]},
								"east": {"uv": [57, 11], "uv_size": [5, 1]},
								"south": {"uv": [66, 5], "uv_size": [3, 1]},
								"west": {"uv": [57, 23], "uv_size": [5, 1]},
								"up": {"uv": [52, 24], "uv_size": [3, 5]},
								"down": {"uv": [52, 34], "uv_size": [3, -5]}
							}
						}
					]
				},
				{
					"name": "bullet2",
					"parent": "magazine2",
					"pivot": [-0.502, 19.16005, -17.30634],
					"rotation": [0, 0, 22.5],
					"cubes": [
						{
							"origin": [-1.202, 18.56005, -18.33134],
							"size": [1.2, 1.2, 2.65],
							"uv": {
								"north": {"uv": [69, 59], "uv_size": [1, 1]},
								"east": {"uv": [66, 6], "uv_size": [3, 1]},
								"south": {"uv": [60, 69], "uv_size": [1, 1]},
								"west": {"uv": [7, 66], "uv_size": [3, 1]},
								"up": {"uv": [55, 63], "uv_size": [1, 3]},
								"down": {"uv": [35, 67], "uv_size": [1, -3]}
							}
						},
						{
							"origin": [-1.102, 18.66005, -19.28134],
							"size": [1, 1, 0.95],
							"uv": {
								"north": {"uv": [69, 60], "uv_size": [1, 1]},
								"east": {"uv": [61, 69], "uv_size": [1, 1]},
								"south": {"uv": [69, 61], "uv_size": [1, 1]},
								"west": {"uv": [62, 69], "uv_size": [1, 1]},
								"up": {"uv": [69, 62], "uv_size": [1, 1]},
								"down": {"uv": [63, 70], "uv_size": [1, -1]}
							}
						}
					]
				},
				{
					"name": "slide",
					"parent": "bone",
					"pivot": [0.644, 21.59366, -13.56792],
					"cubes": [
						{
							"origin": [-1.702, 20.17666, -36.35209],
							"size": [2.4, 0.5, 1.125],
							"uv": {
								"north": {"uv": [66, 20], "uv_size": [2, 1]},
								"east": {"uv": [67, 44], "uv_size": [1, 1]},
								"south": {"uv": [66, 21], "uv_size": [2, 1]},
								"west": {"uv": [67, 45], "uv_size": [1, 1]},
								"up": {"uv": [22, 66], "uv_size": [2, 1]},
								"down": {"uv": [66, 23], "uv_size": [2, -1]}
							}
						},
						{
							"origin": [0.498, 20.17666, -35.65209],
							"size": [0.4, 0.4, 22.425],
							"pivot": [0.798, 20.37666, -17.62709],
							"rotation": [0, 0, 17.5],
							"uv": {
								"north": {"uv": [7, 68], "uv_size": [1, 1]},
								"east": {"uv": [6, 48], "uv_size": [22, 1]},
								"south": {"uv": [8, 68], "uv_size": [1, 1]},
								"west": {"uv": [48, 12], "uv_size": [22, 1]},
								"up": {"uv": [41, 44], "uv_size": [1, 22]},
								"down": {"uv": [48, 35], "uv_size": [1, -22]}
							}
						},
						{
							"origin": [-1.94649, 20.53734, -23.95209],
							"size": [2.9, 2.2, 5.25],
							"uv": {
								"north": {"uv": [10, 59], "uv_size": [3, 2]},
								"east": {"uv": [53, 49], "uv_size": [5, 2]},
								"south": {"uv": [59, 19], "uv_size": [3, 2]},
								"west": {"uv": [53, 51], "uv_size": [5, 2]},
								"up": {"uv": [50, 49], "uv_size": [3, 5]},
								"down": {"uv": [51, 24], "uv_size": [3, -5]}
							}
						},
						{
							"origin": [-1.94649, 20.53734, -36.60209],
							"size": [2.9, 0.7, 12.65],
							"uv": {
								"north": {"uv": [63, 33], "uv_size": [3, 1]},
								"east": {"uv": [49, 34], "uv_size": [13, 1]},
								"south": {"uv": [63, 37], "uv_size": [3, 1]},
								"west": {"uv": [52, 18], "uv_size": [13, 1]},
								"up": {"uv": [40, 0], "uv_size": [3, 13]},
								"down": {"uv": [40, 26], "uv_size": [3, -13]}
							}
						},
						{
							"origin": [-1.19965, 24.68503, -35.60209],
							"size": [0.4, 0.4, 22.375],
							"pivot": [13.20035, 20.38503, -18.27709],
							"rotation": [0, 0, -17.5],
							"uv": {
								"north": {"uv": [9, 68], "uv_size": [1, 1]},
								"east": {"uv": [48, 35], "uv_size": [22, 1]},
								"south": {"uv": [68, 9], "uv_size": [1, 1]},
								"west": {"uv": [48, 36], "uv_size": [22, 1]},
								"up": {"uv": [28, 48], "uv_size": [1, 22]},
								"down": {"uv": [29, 70], "uv_size": [1, -22]}
							}
						},
						{
							"origin": [-1.74649, 21.23734, -36.60209],
							"size": [2.5, 1.5, 9.4],
							"uv": {
								"north": {"uv": [63, 38], "uv_size": [3, 1]},
								"east": {"uv": [55, 13], "uv_size": [9, 1]},
								"south": {"uv": [63, 39], "uv_size": [3, 1]},
								"west": {"uv": [55, 14], "uv_size": [9, 1]},
								"up": {"uv": [32, 44], "uv_size": [3, 9]},
								"down": {"uv": [35, 53], "uv_size": [3, -9]}
							}
						},
						{
							"origin": [0.68528, 21.18066, -36.60209],
							"size": [0.2, 0.8, 13.05],
							"pivot": [0.73528, 21.43066, -29.97709],
							"rotation": [0, 0, -17.5],
							"uv": {
								"north": {"uv": [68, 10], "uv_size": [1, 1]},
								"east": {"uv": [53, 4], "uv_size": [13, 1]},
								"south": {"uv": [11, 68], "uv_size": [1, 1]},
								"west": {"uv": [53, 5], "uv_size": [13, 1]},
								"up": {"uv": [36, 53], "uv_size": [1, 13]},
								"down": {"uv": [37, 66], "uv_size": [1, -13]}
							}
						},
						{
							"origin": [-1.44649, 22.73734, -23.95209],
							"size": [1.9, 0.9, 7.675],
							"uv": {
								"north": {"uv": [66, 32], "uv_size": [2, 1]},
								"east": {"uv": [55, 33], "uv_size": [8, 1]},
								"south": {"uv": [66, 33], "uv_size": [2, 1]},
								"west": {"uv": [55, 44], "uv_size": [8, 1]},
								"up": {"uv": [21, 49], "uv_size": [2, 8]},
								"down": {"uv": [23, 57], "uv_size": [2, -8]}
							}
						},
						{
							"origin": [0.2515, 22.556, -23.95209],
							"size": [0.5, 1.028, 7.675],
							"pivot": [0.5015, 23.03509, -21.32709],
							"rotation": [0, 0, -29],
							"uv": {
								"north": {"uv": [68, 11], "uv_size": [1, 1]},
								"east": {"uv": [55, 45], "uv_size": [8, 1]},
								"south": {"uv": [12, 68], "uv_size": [1, 1]},
								"west": {"uv": [55, 46], "uv_size": [8, 1]},
								"up": {"uv": [44, 55], "uv_size": [1, 8]},
								"down": {"uv": [53, 63], "uv_size": [1, -8]}
							}
						},
						{
							"origin": [-1.44649, 23.08734, -36.60209],
							"size": [1.9, 0.55, 9.4],
							"uv": {
								"north": {"uv": [66, 34], "uv_size": [2, 1]},
								"east": {"uv": [55, 15], "uv_size": [9, 1]},
								"south": {"uv": [36, 66], "uv_size": [2, 1]},
								"west": {"uv": [55, 16], "uv_size": [9, 1]},
								"up": {"uv": [15, 49], "uv_size": [2, 9]},
								"down": {"uv": [17, 58], "uv_size": [2, -9]}
							}
						},
						{
							"origin": [0.2515, 22.95622, -36.60209],
							"size": [0.5, 0.628, 9.4],
							"pivot": [0.49651, 23.03531, -21.32709],
							"rotation": [0, 0, -28.7],
							"uv": {
								"north": {"uv": [13, 68], "uv_size": [1, 1]},
								"east": {"uv": [55, 17], "uv_size": [9, 1]},
								"south": {"uv": [14, 68], "uv_size": [1, 1]},
								"west": {"uv": [55, 24], "uv_size": [9, 1]},
								"up": {"uv": [40, 53], "uv_size": [1, 9]},
								"down": {"uv": [27, 63], "uv_size": [1, -9]}
							}
						},
						{
							"origin": [-1.74649, 22.73734, -36.60209],
							"size": [2.5, 0.35, 9.4],
							"uv": {
								"north": {"uv": [63, 40], "uv_size": [3, 1]},
								"east": {"uv": [55, 25], "uv_size": [9, 1]},
								"south": {"uv": [63, 41], "uv_size": [3, 1]},
								"west": {"uv": [55, 26], "uv_size": [9, 1]},
								"up": {"uv": [38, 44], "uv_size": [3, 9]},
								"down": {"uv": [45, 33], "uv_size": [3, -9]}
							}
						},
						{
							"origin": [-0.135, 22.73734, -27.20209],
							"size": [0.75, 0.6, 3.25],
							"uv": {
								"north": {"uv": [15, 68], "uv_size": [1, 1]},
								"east": {"uv": [63, 44], "uv_size": [3, 1]},
								"south": {"uv": [16, 68], "uv_size": [1, 1]},
								"west": {"uv": [63, 45], "uv_size": [3, 1]},
								"up": {"uv": [27, 63], "uv_size": [1, 3]},
								"down": {"uv": [33, 66], "uv_size": [1, -3]}
							}
						},
						{
							"origin": [0.17851, 22.73734, -27.20209],
							"size": [0.575, 0.35, 3.65],
							"uv": {
								"north": {"uv": [17, 68], "uv_size": [1, 1]},
								"east": {"uv": [62, 19], "uv_size": [4, 1]},
								"south": {"uv": [18, 68], "uv_size": [1, 1]},
								"west": {"uv": [62, 20], "uv_size": [4, 1]},
								"up": {"uv": [49, 60], "uv_size": [1, 4]},
								"down": {"uv": [50, 64], "uv_size": [1, -4]}
							}
						},
						{
							"origin": [0.2515, 22.95622, -27.20209],
							"size": [0.5, 0.29, 3.25],
							"pivot": [0.49651, 23.03531, -21.32709],
							"rotation": [0, 0, -28.7],
							"uv": {
								"north": {"uv": [68, 18], "uv_size": [1, 1]},
								"east": {"uv": [46, 63], "uv_size": [3, 1]},
								"south": {"uv": [68, 19], "uv_size": [1, 1]},
								"west": {"uv": [63, 46], "uv_size": [3, 1]},
								"up": {"uv": [44, 63], "uv_size": [1, 3]},
								"down": {"uv": [51, 66], "uv_size": [1, -3]}
							}
						},
						{
							"origin": [-1.84649, 20.53734, -19.10209],
							"size": [2.7, 2.2, 5.1],
							"uv": {
								"north": {"uv": [46, 59], "uv_size": [3, 2]},
								"east": {"uv": [53, 53], "uv_size": [5, 2]},
								"south": {"uv": [57, 59], "uv_size": [3, 2]},
								"west": {"uv": [54, 19], "uv_size": [5, 2]},
								"up": {"uv": [51, 37], "uv_size": [3, 5]},
								"down": {"uv": [52, 18], "uv_size": [3, -5]}
							}
						},
						{
							"origin": [-1.954, 20.52268, -18.62019],
							"size": [2.909, 2.2, 0.25],
							"pivot": [-0.49649, 21.27268, -18.59519],
							"rotation": [12.5, 0, 0],
							"uv": {
								"north": {"uv": [60, 0], "uv_size": [3, 2]},
								"east": {"uv": [34, 66], "uv_size": [1, 2]},
								"south": {"uv": [60, 2], "uv_size": [3, 2]},
								"west": {"uv": [66, 37], "uv_size": [1, 2]},
								"up": {"uv": [63, 47], "uv_size": [3, 1]},
								"down": {"uv": [63, 49], "uv_size": [3, -1]}
							}
						},
						{
							"origin": [-1.94649, 20.53734, -18.70209],
							"size": [2.9, 1.1, 0.25],
							"uv": {
								"north": {"uv": [52, 63], "uv_size": [3, 1]},
								"east": {"uv": [68, 20], "uv_size": [1, 1]},
								"south": {"uv": [63, 55], "uv_size": [3, 1]},
								"west": {"uv": [21, 68], "uv_size": [1, 1]},
								"up": {"uv": [63, 56], "uv_size": [3, 1]},
								"down": {"uv": [57, 64], "uv_size": [3, -1]}
							}
						},
						{
							"origin": [-1.94649, 20.53734, -18.45209],
							"size": [2.9, 0.05, 0.25],
							"uv": {
								"north": {"uv": [63, 57], "uv_size": [3, 1]},
								"east": {"uv": [68, 21], "uv_size": [1, 1]},
								"south": {"uv": [63, 58], "uv_size": [3, 1]},
								"west": {"uv": [22, 68], "uv_size": [1, 1]},
								"up": {"uv": [63, 59], "uv_size": [3, 1]},
								"down": {"uv": [60, 64], "uv_size": [3, -1]}
							}
						},
						{
							"origin": [-1.954, 20.37268, -17.92019],
							"size": [2.909, 2.2, 0.25],
							"pivot": [-0.49649, 21.27268, -18.59519],
							"rotation": [12.5, 0, 0],
							"uv": {
								"north": {"uv": [13, 60], "uv_size": [3, 2]},
								"east": {"uv": [38, 66], "uv_size": [1, 2]},
								"south": {"uv": [16, 60], "uv_size": [3, 2]},
								"west": {"uv": [39, 66], "uv_size": [1, 2]},
								"up": {"uv": [63, 60], "uv_size": [3, 1]},
								"down": {"uv": [63, 64], "uv_size": [3, -1]}
							}
						},
						{
							"origin": [-1.954, 20.217, -17.22019],
							"size": [2.909, 2.2, 0.25],
							"pivot": [-0.49649, 21.27268, -18.59519],
							"rotation": [12.5, 0, 0],
							"uv": {
								"north": {"uv": [60, 21], "uv_size": [3, 2]},
								"east": {"uv": [66, 39], "uv_size": [1, 2]},
								"south": {"uv": [32, 60], "uv_size": [3, 2]},
								"west": {"uv": [40, 66], "uv_size": [1, 2]},
								"up": {"uv": [1, 64], "uv_size": [3, 1]},
								"down": {"uv": [6, 65], "uv_size": [3, -1]}
							}
						},
						{
							"origin": [-1.954, 20.06, -16.52019],
							"size": [2.909, 2.2, 0.25],
							"pivot": [-0.49649, 21.27268, -18.59519],
							"rotation": [12.5, 0, 0],
							"uv": {
								"north": {"uv": [60, 55], "uv_size": [3, 2]},
								"east": {"uv": [41, 66], "uv_size": [1, 2]},
								"south": {"uv": [60, 57], "uv_size": [3, 2]},
								"west": {"uv": [44, 66], "uv_size": [1, 2]},
								"up": {"uv": [9, 64], "uv_size": [3, 1]},
								"down": {"uv": [64, 11], "uv_size": [3, -1]}
							}
						},
						{
							"origin": [-1.954, 19.9, -15.82019],
							"size": [2.909, 2.2, 0.25],
							"pivot": [-0.49649, 21.27268, -18.59519],
							"rotation": [12.5, 0, 0],
							"uv": {
								"north": {"uv": [60, 59], "uv_size": [3, 2]},
								"east": {"uv": [66, 44], "uv_size": [1, 2]},
								"south": {"uv": [10, 61], "uv_size": [3, 2]},
								"west": {"uv": [45, 66], "uv_size": [1, 2]},
								"up": {"uv": [12, 64], "uv_size": [3, 1]},
								"down": {"uv": [64, 14], "uv_size": [3, -1]}
							}
						},
						{
							"origin": [-1.954, 19.74768, -15.12019],
							"size": [2.909, 2.2, 0.25],
							"pivot": [-0.49649, 21.27268, -18.59519],
							"rotation": [12.5, 0, 0],
							"uv": {
								"north": {"uv": [61, 42], "uv_size": [3, 2]},
								"east": {"uv": [46, 66], "uv_size": [1, 2]},
								"south": {"uv": [46, 61], "uv_size": [3, 2]},
								"west": {"uv": [66, 46], "uv_size": [1, 2]},
								"up": {"uv": [64, 14], "uv_size": [3, 1]},
								"down": {"uv": [15, 65], "uv_size": [3, -1]}
							}
						},
						{
							"origin": [-1.954, 19.59768, -14.42019],
							"size": [2.909, 2.2, 0.25],
							"pivot": [-0.49649, 21.27268, -18.59519],
							"rotation": [12.5, 0, 0],
							"uv": {
								"north": {"uv": [61, 49], "uv_size": [3, 2]},
								"east": {"uv": [47, 66], "uv_size": [1, 2]},
								"south": {"uv": [61, 51], "uv_size": [3, 2]},
								"west": {"uv": [48, 66], "uv_size": [1, 2]},
								"up": {"uv": [64, 15], "uv_size": [3, 1]},
								"down": {"uv": [64, 17], "uv_size": [3, -1]}
							}
						},
						{
							"origin": [0.791, 21.42945, -14.74336],
							"size": [0.156, 0.3, 2.25],
							"pivot": [0.644, 21.64195, -13.58086],
							"rotation": [-75, 0, 0],
							"uv": {
								"north": {"uv": [68, 22], "uv_size": [1, 1]},
								"east": {"uv": [66, 41], "uv_size": [2, 1]},
								"south": {"uv": [68, 23], "uv_size": [1, 1]},
								"west": {"uv": [66, 48], "uv_size": [2, 1]},
								"up": {"uv": [49, 66], "uv_size": [1, 2]},
								"down": {"uv": [50, 68], "uv_size": [1, -2]}
							}
						},
						{
							"origin": [-1.946, 20.54011, -17.74139],
							"size": [2.9, 0.055, 0.245],
							"uv": {
								"north": {"uv": [64, 17], "uv_size": [3, 1]},
								"east": {"uv": [25, 68], "uv_size": [1, 1]},
								"south": {"uv": [18, 64], "uv_size": [3, 1]},
								"west": {"uv": [68, 25], "uv_size": [1, 1]},
								"up": {"uv": [21, 64], "uv_size": [3, 1]},
								"down": {"uv": [24, 65], "uv_size": [3, -1]}
							}
						},
						{
							"origin": [-1.946, 20.53963, -17.02429],
							"size": [2.9, 0.055, 0.245],
							"uv": {
								"north": {"uv": [64, 24], "uv_size": [3, 1]},
								"east": {"uv": [26, 68], "uv_size": [1, 1]},
								"south": {"uv": [64, 25], "uv_size": [3, 1]},
								"west": {"uv": [68, 26], "uv_size": [1, 1]},
								"up": {"uv": [64, 26], "uv_size": [3, 1]},
								"down": {"uv": [64, 28], "uv_size": [3, -1]}
							}
						},
						{
							"origin": [-1.946, 20.53786, -16.3069],
							"size": [2.9, 0.055, 0.245],
							"uv": {
								"north": {"uv": [64, 28], "uv_size": [3, 1]},
								"east": {"uv": [68, 27], "uv_size": [1, 1]},
								"south": {"uv": [64, 29], "uv_size": [3, 1]},
								"west": {"uv": [68, 28], "uv_size": [1, 1]},
								"up": {"uv": [30, 64], "uv_size": [3, 1]},
								"down": {"uv": [64, 31], "uv_size": [3, -1]}
							}
						},
						{
							"origin": [-1.946, 20.53316, -15.58886],
							"size": [2.9, 0.055, 0.245],
							"uv": {
								"north": {"uv": [64, 42], "uv_size": [3, 1]},
								"east": {"uv": [68, 29], "uv_size": [1, 1]},
								"south": {"uv": [64, 43], "uv_size": [3, 1]},
								"west": {"uv": [30, 68], "uv_size": [1, 1]},
								"up": {"uv": [45, 64], "uv_size": [3, 1]},
								"down": {"uv": [48, 65], "uv_size": [3, -1]}
							}
						},
						{
							"origin": [-1.946, 20.53595, -14.87249],
							"size": [2.9, 0.055, 0.245],
							"uv": {
								"north": {"uv": [64, 49], "uv_size": [3, 1]},
								"east": {"uv": [68, 30], "uv_size": [1, 1]},
								"south": {"uv": [64, 50], "uv_size": [3, 1]},
								"west": {"uv": [31, 68], "uv_size": [1, 1]},
								"up": {"uv": [64, 51], "uv_size": [3, 1]},
								"down": {"uv": [52, 65], "uv_size": [3, -1]}
							}
						},
						{
							"origin": [-1.946, 20.54102, -14.15661],
							"size": [2.9, 0.055, 0.245],
							"uv": {
								"north": {"uv": [64, 52], "uv_size": [3, 1]},
								"east": {"uv": [68, 31], "uv_size": [1, 1]},
								"south": {"uv": [64, 53], "uv_size": [3, 1]},
								"west": {"uv": [32, 68], "uv_size": [1, 1]},
								"up": {"uv": [64, 54], "uv_size": [3, 1]},
								"down": {"uv": [57, 65], "uv_size": [3, -1]}
							}
						},
						{
							"origin": [0.096, 20.53628, -13.49344],
							"size": [0.852, 0.055, 0.27],
							"uv": {
								"north": {"uv": [68, 32], "uv_size": [1, 1]},
								"east": {"uv": [33, 68], "uv_size": [1, 1]},
								"south": {"uv": [68, 33], "uv_size": [1, 1]},
								"west": {"uv": [34, 68], "uv_size": [1, 1]},
								"up": {"uv": [68, 34], "uv_size": [1, 1]},
								"down": {"uv": [35, 69], "uv_size": [1, -1]}
							}
						},
						{
							"origin": [0.2515, 22.556, -15.15209],
							"size": [0.5, 1.028, 1.125],
							"pivot": [0.5015, 23.03509, -12.52709],
							"rotation": [0, 0, -29],
							"uv": {
								"north": {"uv": [68, 46], "uv_size": [1, 1]},
								"east": {"uv": [47, 68], "uv_size": [1, 1]},
								"south": {"uv": [68, 47], "uv_size": [1, 1]},
								"west": {"uv": [48, 68], "uv_size": [1, 1]},
								"up": {"uv": [68, 48], "uv_size": [1, 1]},
								"down": {"uv": [49, 69], "uv_size": [1, -1]}
							}
						},
						{
							"origin": [-1.44649, 22.73734, -15.15209],
							"size": [1.9, 0.9, 1.125],
							"uv": {
								"north": {"uv": [56, 66], "uv_size": [2, 1]},
								"east": {"uv": [68, 49], "uv_size": [1, 1]},
								"south": {"uv": [66, 57], "uv_size": [2, 1]},
								"west": {"uv": [50, 68], "uv_size": [1, 1]},
								"up": {"uv": [58, 66], "uv_size": [2, 1]},
								"down": {"uv": [66, 59], "uv_size": [2, -1]}
							}
						},
						{
							"origin": [0.091, 21.45445, -14.74336],
							"size": [0.706, 0.275, 1.65],
							"pivot": [0.644, 21.64195, -13.58086],
							"rotation": [-75, 0, 0],
							"uv": {
								"north": {"uv": [68, 50], "uv_size": [1, 1]},
								"east": {"uv": [66, 59], "uv_size": [2, 1]},
								"south": {"uv": [51, 68], "uv_size": [1, 1]},
								"west": {"uv": [60, 66], "uv_size": [2, 1]},
								"up": {"uv": [62, 66], "uv_size": [1, 2]},
								"down": {"uv": [63, 68], "uv_size": [1, -2]}
							}
						},
						{
							"origin": [-1.854, 20.43734, -14.00209],
							"size": [2.708, 2.35, 0.45],
							"pivot": [-0.49649, 20.72484, -13.75209],
							"rotation": [12.5, 0, 0],
							"uv": {
								"north": {"uv": [61, 53], "uv_size": [3, 2]},
								"east": {"uv": [66, 63], "uv_size": [1, 2]},
								"south": {"uv": [57, 61], "uv_size": [3, 2]},
								"west": {"uv": [64, 66], "uv_size": [1, 2]},
								"up": {"uv": [60, 64], "uv_size": [3, 1]},
								"down": {"uv": [64, 63], "uv_size": [3, -1]}
							}
						},
						{
							"origin": [-1.945, 22.68887, -14.63278],
							"size": [2.9, 0.055, 0.245],
							"uv": {
								"north": {"uv": [63, 64], "uv_size": [3, 1]},
								"east": {"uv": [68, 58], "uv_size": [1, 1]},
								"south": {"uv": [1, 65], "uv_size": [3, 1]},
								"west": {"uv": [59, 68], "uv_size": [1, 1]},
								"up": {"uv": [6, 65], "uv_size": [3, 1]},
								"down": {"uv": [9, 66], "uv_size": [3, -1]}
							}
						},
						{
							"origin": [-1.945, 22.6838, -15.34865],
							"size": [2.9, 0.055, 0.245],
							"uv": {
								"north": {"uv": [12, 65], "uv_size": [3, 1]},
								"east": {"uv": [68, 59], "uv_size": [1, 1]},
								"south": {"uv": [15, 65], "uv_size": [3, 1]},
								"west": {"uv": [60, 68], "uv_size": [1, 1]},
								"up": {"uv": [18, 65], "uv_size": [3, 1]},
								"down": {"uv": [65, 19], "uv_size": [3, -1]}
							}
						},
						{
							"origin": [-1.945, 22.68101, -16.06503],
							"size": [2.9, 0.055, 0.245],
							"uv": {
								"north": {"uv": [21, 65], "uv_size": [3, 1]},
								"east": {"uv": [68, 60], "uv_size": [1, 1]},
								"south": {"uv": [24, 65], "uv_size": [3, 1]},
								"west": {"uv": [61, 68], "uv_size": [1, 1]},
								"up": {"uv": [30, 65], "uv_size": [3, 1]},
								"down": {"uv": [45, 66], "uv_size": [3, -1]}
							}
						},
						{
							"origin": [-1.945, 22.68571, -16.78307],
							"size": [2.9, 0.055, 0.245],
							"uv": {
								"north": {"uv": [48, 65], "uv_size": [3, 1]},
								"east": {"uv": [68, 61], "uv_size": [1, 1]},
								"south": {"uv": [52, 65], "uv_size": [3, 1]},
								"west": {"uv": [62, 68], "uv_size": [1, 1]},
								"up": {"uv": [57, 65], "uv_size": [3, 1]},
								"down": {"uv": [60, 66], "uv_size": [3, -1]}
							}
						},
						{
							"origin": [-1.945, 22.68748, -17.50046],
							"size": [2.9, 0.055, 0.245],
							"uv": {
								"north": {"uv": [65, 61], "uv_size": [3, 1]},
								"east": {"uv": [68, 62], "uv_size": [1, 1]},
								"south": {"uv": [63, 65], "uv_size": [3, 1]},
								"west": {"uv": [63, 68], "uv_size": [1, 1]},
								"up": {"uv": [66, 0], "uv_size": [3, 1]},
								"down": {"uv": [1, 67], "uv_size": [3, -1]}
							}
						},
						{
							"origin": [-1.945, 22.68796, -18.21756],
							"size": [2.9, 0.055, 0.245],
							"uv": {
								"north": {"uv": [66, 1], "uv_size": [3, 1]},
								"east": {"uv": [68, 63], "uv_size": [1, 1]},
								"south": {"uv": [66, 2], "uv_size": [3, 1]},
								"west": {"uv": [64, 68], "uv_size": [1, 1]},
								"up": {"uv": [66, 3], "uv_size": [3, 1]},
								"down": {"uv": [4, 67], "uv_size": [3, -1]}
							}
						},
						{
							"origin": [0.2515, 22.556, -16.27709],
							"size": [0.5, 0.428, 1.125],
							"pivot": [0.5015, 23.03509, -21.32709],
							"rotation": [0, 0, -29],
							"uv": {
								"north": {"uv": [68, 64], "uv_size": [1, 1]},
								"east": {"uv": [65, 68], "uv_size": [1, 1]},
								"south": {"uv": [68, 65], "uv_size": [1, 1]},
								"west": {"uv": [66, 68], "uv_size": [1, 1]},
								"up": {"uv": [68, 66], "uv_size": [1, 1]},
								"down": {"uv": [67, 69], "uv_size": [1, -1]}
							}
						},
						{
							"origin": [0.091, 21.45445, -15.61836],
							"size": [0.356, 0.275, 0.875],
							"pivot": [0.644, 21.64195, -13.58086],
							"rotation": [-75, 0, 0],
							"uv": {
								"north": {"uv": [68, 67], "uv_size": [1, 1]},
								"east": {"uv": [68, 68], "uv_size": [1, 1]},
								"south": {"uv": [0, 69], "uv_size": [1, 1]},
								"west": {"uv": [69, 0], "uv_size": [1, 1]},
								"up": {"uv": [1, 69], "uv_size": [1, 1]},
								"down": {"uv": [69, 2], "uv_size": [1, -1]}
							}
						},
						{
							"origin": [0.26045, 23.00814, -14.48076],
							"size": [0.431, 0.275, 0.875],
							"pivot": [0.51345, 23.14564, -14.04326],
							"rotation": [-75, 0, -29],
							"uv": {
								"north": {"uv": [2, 69], "uv_size": [1, 1]},
								"east": {"uv": [69, 2], "uv_size": [1, 1]},
								"south": {"uv": [3, 69], "uv_size": [1, 1]},
								"west": {"uv": [69, 3], "uv_size": [1, 1]},
								"up": {"uv": [4, 69], "uv_size": [1, 1]},
								"down": {"uv": [69, 5], "uv_size": [1, -1]}
							}
						},
						{
							"origin": [0.324, 22.885, -14.34194],
							"size": [0.256, 0.275, 0.65],
							"pivot": [0.419, 23.0296, -14.00444],
							"rotation": [-75, 0, -10],
							"uv": {
								"north": {"uv": [5, 69], "uv_size": [1, 1]},
								"east": {"uv": [69, 5], "uv_size": [1, 1]},
								"south": {"uv": [6, 69], "uv_size": [1, 1]},
								"west": {"uv": [69, 6], "uv_size": [1, 1]},
								"up": {"uv": [7, 69], "uv_size": [1, 1]},
								"down": {"uv": [69, 8], "uv_size": [1, -1]}
							}
						},
						{
							"origin": [0.48545, 23.00814, -13.60576],
							"size": [0.206, 0.275, 0.125],
							"pivot": [0.51345, 23.14564, -14.04326],
							"rotation": [-75, 0, -29],
							"uv": {
								"north": {"uv": [8, 69], "uv_size": [1, 1]},
								"east": {"uv": [69, 8], "uv_size": [1, 1]},
								"south": {"uv": [9, 69], "uv_size": [1, 1]},
								"west": {"uv": [69, 9], "uv_size": [1, 1]},
								"up": {"uv": [10, 69], "uv_size": [1, 1]},
								"down": {"uv": [69, 11], "uv_size": [1, -1]}
							}
						},
						{
							"origin": [-1.059, 21.45445, -15.61836],
							"size": [1.156, 0.275, 0.175],
							"pivot": [0.644, 21.64195, -13.58086],
							"rotation": [-75, 0, 0],
							"uv": {
								"north": {"uv": [11, 69], "uv_size": [1, 1]},
								"east": {"uv": [69, 11], "uv_size": [1, 1]},
								"south": {"uv": [12, 69], "uv_size": [1, 1]},
								"west": {"uv": [13, 69], "uv_size": [1, 1]},
								"up": {"uv": [69, 13], "uv_size": [1, 1]},
								"down": {"uv": [14, 70], "uv_size": [1, -1]}
							}
						},
						{
							"origin": [-1.7515, 22.556, -23.95209],
							"size": [0.5, 1.028, 7.675],
							"pivot": [-1.5015, 23.03509, -21.32709],
							"rotation": [0, 0, 29],
							"uv": {
								"north": {"uv": [69, 21], "uv_size": [1, 1]},
								"east": {"uv": [55, 47], "uv_size": [8, 1]},
								"south": {"uv": [22, 69], "uv_size": [1, 1]},
								"west": {"uv": [55, 48], "uv_size": [8, 1]},
								"up": {"uv": [54, 55], "uv_size": [1, 8]},
								"down": {"uv": [55, 63], "uv_size": [1, -8]}
							}
						},
						{
							"origin": [-1.948, 20.53628, -13.49344],
							"size": [0.852, 0.055, 0.27],
							"uv": {
								"north": {"uv": [69, 22], "uv_size": [1, 1]},
								"east": {"uv": [23, 69], "uv_size": [1, 1]},
								"south": {"uv": [69, 23], "uv_size": [1, 1]},
								"west": {"uv": [24, 69], "uv_size": [1, 1]},
								"up": {"uv": [69, 24], "uv_size": [1, 1]},
								"down": {"uv": [25, 70], "uv_size": [1, -1]}
							}
						},
						{
							"origin": [-1.947, 21.60616, -12.53042],
							"size": [0.15, 0.075, 0.075],
							"pivot": [-1.644, 21.59366, -13.56792],
							"rotation": [-75, 0, 0],
							"uv": {
								"north": {"uv": [69, 25], "uv_size": [1, 1]},
								"east": {"uv": [26, 69], "uv_size": [1, 1]},
								"south": {"uv": [69, 26], "uv_size": [1, 1]},
								"west": {"uv": [27, 69], "uv_size": [1, 1]},
								"up": {"uv": [69, 27], "uv_size": [1, 1]},
								"down": {"uv": [69, 29], "uv_size": [1, -1]}
							}
						},
						{
							"origin": [-1.797, 21.45445, -14.74336],
							"size": [0.706, 0.275, 1.65],
							"pivot": [-1.644, 21.64195, -13.58086],
							"rotation": [-75, 0, 0],
							"uv": {
								"north": {"uv": [69, 29], "uv_size": [1, 1]},
								"east": {"uv": [66, 65], "uv_size": [2, 1]},
								"south": {"uv": [30, 69], "uv_size": [1, 1]},
								"west": {"uv": [2, 67], "uv_size": [2, 1]},
								"up": {"uv": [4, 67], "uv_size": [1, 2]},
								"down": {"uv": [5, 69], "uv_size": [1, -2]}
							}
						},
						{
							"origin": [-1.947, 21.42945, -14.74336],
							"size": [0.156, 0.3, 2.25],
							"pivot": [-1.644, 21.64195, -13.58086],
							"rotation": [-75, 0, 0],
							"uv": {
								"north": {"uv": [69, 30], "uv_size": [1, 1]},
								"east": {"uv": [6, 67], "uv_size": [2, 1]},
								"south": {"uv": [31, 69], "uv_size": [1, 1]},
								"west": {"uv": [8, 67], "uv_size": [2, 1]},
								"up": {"uv": [10, 67], "uv_size": [1, 2]},
								"down": {"uv": [67, 12], "uv_size": [1, -2]}
							}
						},
						{
							"origin": [-1.447, 21.45445, -15.61836],
							"size": [0.356, 0.275, 0.875],
							"pivot": [-1.644, 21.64195, -13.58086],
							"rotation": [-75, 0, 0],
							"uv": {
								"north": {"uv": [69, 34], "uv_size": [1, 1]},
								"east": {"uv": [35, 69], "uv_size": [1, 1]},
								"south": {"uv": [36, 69], "uv_size": [1, 1]},
								"west": {"uv": [37, 69], "uv_size": [1, 1]},
								"up": {"uv": [69, 37], "uv_size": [1, 1]},
								"down": {"uv": [38, 70], "uv_size": [1, -1]}
							}
						},
						{
							"origin": [-1.58, 22.885, -14.34194],
							"size": [0.256, 0.275, 0.65],
							"pivot": [-1.419, 23.0296, -14.00444],
							"rotation": [-75, 0, 10],
							"uv": {
								"north": {"uv": [69, 38], "uv_size": [1, 1]},
								"east": {"uv": [39, 69], "uv_size": [1, 1]},
								"south": {"uv": [69, 39], "uv_size": [1, 1]},
								"west": {"uv": [40, 69], "uv_size": [1, 1]},
								"up": {"uv": [69, 40], "uv_size": [1, 1]},
								"down": {"uv": [41, 70], "uv_size": [1, -1]}
							}
						},
						{
							"origin": [-1.69145, 23.00814, -13.60576],
							"size": [0.206, 0.275, 0.125],
							"pivot": [-1.51345, 23.14564, -14.04326],
							"rotation": [-75, 0, 29],
							"uv": {
								"north": {"uv": [69, 41], "uv_size": [1, 1]},
								"east": {"uv": [42, 69], "uv_size": [1, 1]},
								"south": {"uv": [69, 42], "uv_size": [1, 1]},
								"west": {"uv": [43, 69], "uv_size": [1, 1]},
								"up": {"uv": [69, 43], "uv_size": [1, 1]},
								"down": {"uv": [44, 70], "uv_size": [1, -1]}
							}
						},
						{
							"origin": [-1.69145, 23.00814, -14.48076],
							"size": [0.431, 0.275, 0.875],
							"pivot": [-1.51345, 23.14564, -14.04326],
							"rotation": [-75, 0, 29],
							"uv": {
								"north": {"uv": [69, 44], "uv_size": [1, 1]},
								"east": {"uv": [45, 69], "uv_size": [1, 1]},
								"south": {"uv": [69, 45], "uv_size": [1, 1]},
								"west": {"uv": [46, 69], "uv_size": [1, 1]},
								"up": {"uv": [69, 46], "uv_size": [1, 1]},
								"down": {"uv": [47, 70], "uv_size": [1, -1]}
							}
						},
						{
							"origin": [-1.7515, 22.556, -16.27709],
							"size": [0.5, 0.428, 1.125],
							"pivot": [-1.5015, 23.03509, -21.32709],
							"rotation": [0, 0, 29],
							"uv": {
								"north": {"uv": [69, 47], "uv_size": [1, 1]},
								"east": {"uv": [48, 69], "uv_size": [1, 1]},
								"south": {"uv": [69, 48], "uv_size": [1, 1]},
								"west": {"uv": [49, 69], "uv_size": [1, 1]},
								"up": {"uv": [69, 49], "uv_size": [1, 1]},
								"down": {"uv": [50, 70], "uv_size": [1, -1]}
							}
						},
						{
							"origin": [-1.7515, 22.556, -15.15209],
							"size": [0.5, 1.028, 1.125],
							"pivot": [-1.5015, 23.03509, -12.52709],
							"rotation": [0, 0, 29],
							"uv": {
								"north": {"uv": [69, 50], "uv_size": [1, 1]},
								"east": {"uv": [51, 69], "uv_size": [1, 1]},
								"south": {"uv": [69, 51], "uv_size": [1, 1]},
								"west": {"uv": [52, 69], "uv_size": [1, 1]},
								"up": {"uv": [69, 52], "uv_size": [1, 1]},
								"down": {"uv": [53, 70], "uv_size": [1, -1]}
							}
						},
						{
							"origin": [-1.74141, 22.95432, -36.60209],
							"size": [0.5, 0.628, 9.4],
							"pivot": [-1.48642, 23.03342, -21.32709],
							"rotation": [0, 0, 28.7],
							"uv": {
								"north": {"uv": [69, 53], "uv_size": [1, 1]},
								"east": {"uv": [55, 27], "uv_size": [9, 1]},
								"south": {"uv": [54, 69], "uv_size": [1, 1]},
								"west": {"uv": [55, 28], "uv_size": [9, 1]},
								"up": {"uv": [51, 54], "uv_size": [1, 9]},
								"down": {"uv": [52, 63], "uv_size": [1, -9]}
							}
						},
						{
							"origin": [-1.87519, 21.17876, -36.60209],
							"size": [0.2, 0.8, 12.65],
							"pivot": [-1.72519, 21.42876, -29.97709],
							"rotation": [0, 0, 17.5],
							"uv": {
								"north": {"uv": [69, 54], "uv_size": [1, 1]},
								"east": {"uv": [53, 6], "uv_size": [13, 1]},
								"south": {"uv": [55, 69], "uv_size": [1, 1]},
								"west": {"uv": [53, 7], "uv_size": [13, 1]},
								"up": {"uv": [38, 53], "uv_size": [1, 13]},
								"down": {"uv": [39, 66], "uv_size": [1, -13]}
							}
						},
						{
							"origin": [-0.14649, 21.23734, -27.20209],
							"size": [0.9, 1.5, 3.65],
							"uv": {
								"north": {"uv": [69, 55], "uv_size": [1, 1]},
								"east": {"uv": [62, 34], "uv_size": [4, 1]},
								"south": {"uv": [56, 69], "uv_size": [1, 1]},
								"west": {"uv": [60, 62], "uv_size": [4, 1]},
								"up": {"uv": [56, 62], "uv_size": [1, 4]},
								"down": {"uv": [0, 67], "uv_size": [1, -4]}
							}
						},
						{
							"origin": [-1.72149, 22.73734, -16.27709],
							"size": [2.45, 0.375, 1.125],
							"uv": {
								"north": {"uv": [67, 13], "uv_size": [2, 1]},
								"east": {"uv": [69, 63], "uv_size": [1, 1]},
								"south": {"uv": [67, 14], "uv_size": [2, 1]},
								"west": {"uv": [64, 69], "uv_size": [1, 1]},
								"up": {"uv": [15, 67], "uv_size": [2, 1]},
								"down": {"uv": [67, 16], "uv_size": [2, -1]}
							}
						},
						{
							"origin": [-0.92149, 23.11234, -16.2778],
							"size": [0.85, 0.675, 1.125],
							"uv": {
								"north": {"uv": [69, 64], "uv_size": [1, 1]},
								"east": {"uv": [65, 69], "uv_size": [1, 1]},
								"south": {"uv": [69, 65], "uv_size": [1, 1]},
								"west": {"uv": [66, 69], "uv_size": [1, 1]},
								"up": {"uv": [69, 66], "uv_size": [1, 1]},
								"down": {"uv": [67, 70], "uv_size": [1, -1]}
							}
						},
						{
							"origin": [-0.22149, 22.88734, -16.27709],
							"size": [0.45, 1.375, 1.125],
							"pivot": [-0.09649, 24.07484, -15.71459],
							"rotation": [0, 0, -15],
							"uv": {
								"north": {"uv": [69, 67], "uv_size": [1, 1]},
								"east": {"uv": [68, 69], "uv_size": [1, 1]},
								"south": {"uv": [69, 68], "uv_size": [1, 1]},
								"west": {"uv": [69, 69], "uv_size": [1, 1]},
								"up": {"uv": [0, 70], "uv_size": [1, 1]},
								"down": {"uv": [70, 1], "uv_size": [1, -1]}
							}
						},
						{
							"origin": [-1.17851, 22.61234, -16.27709],
							"size": [0.45, 1.4, 1.125],
							"pivot": [0.09649, 24.07484, -15.71459],
							"rotation": [0, 0, 15],
							"uv": {
								"north": {"uv": [1, 70], "uv_size": [1, 1]},
								"east": {"uv": [70, 1], "uv_size": [1, 1]},
								"south": {"uv": [2, 70], "uv_size": [1, 1]},
								"west": {"uv": [70, 2], "uv_size": [1, 1]},
								"up": {"uv": [3, 70], "uv_size": [1, 1]},
								"down": {"uv": [70, 4], "uv_size": [1, -1]}
							}
						},
						{
							"origin": [-0.44795, 23.73967, -16.2529],
							"size": [0.25, 0.475, 1.125],
							"pivot": [-0.32295, 23.52717, -15.71459],
							"rotation": [0, 0, 15],
							"uv": {
								"north": {"uv": [4, 70], "uv_size": [1, 1]},
								"east": {"uv": [70, 4], "uv_size": [1, 1]},
								"south": {"uv": [5, 70], "uv_size": [1, 1]},
								"west": {"uv": [70, 5], "uv_size": [1, 1]},
								"up": {"uv": [6, 70], "uv_size": [1, 1]},
								"down": {"uv": [70, 7], "uv_size": [1, -1]}
							}
						},
						{
							"origin": [-0.78438, 23.74407, -16.25209],
							"size": [0.25, 0.475, 1.125],
							"pivot": [-0.65938, 23.53157, -15.71297],
							"rotation": [0, 0, -15],
							"uv": {
								"north": {"uv": [7, 70], "uv_size": [1, 1]},
								"east": {"uv": [70, 7], "uv_size": [1, 1]},
								"south": {"uv": [8, 70], "uv_size": [1, 1]},
								"west": {"uv": [70, 8], "uv_size": [1, 1]},
								"up": {"uv": [9, 70], "uv_size": [1, 1]},
								"down": {"uv": [70, 10], "uv_size": [1, -1]}
							}
						},
						{
							"origin": [-0.57149, 23.18734, -35.80209],
							"size": [0.15, 0.75, 1.4],
							"pivot": [-0.49649, 23.76234, -34.85209],
							"rotation": [22.5, 0, 0],
							"uv": {
								"north": {"uv": [10, 70], "uv_size": [1, 1]},
								"east": {"uv": [70, 10], "uv_size": [1, 1]},
								"south": {"uv": [11, 70], "uv_size": [1, 1]},
								"west": {"uv": [70, 11], "uv_size": [1, 1]},
								"up": {"uv": [12, 70], "uv_size": [1, 1]},
								"down": {"uv": [70, 13], "uv_size": [1, -1]}
							}
						},
						{
							"origin": [0.797, 21.60616, -12.53042],
							"size": [0.15, 0.075, 0.075],
							"pivot": [0.644, 21.59366, -13.56792],
							"rotation": [-75, 0, 0],
							"uv": {
								"north": {"uv": [68, 43], "uv_size": [1, 1]},
								"east": {"uv": [44, 68], "uv_size": [1, 1]},
								"south": {"uv": [68, 44], "uv_size": [1, 1]},
								"west": {"uv": [45, 68], "uv_size": [1, 1]},
								"up": {"uv": [68, 45], "uv_size": [1, 1]},
								"down": {"uv": [46, 69], "uv_size": [1, -1]}
							}
						}
					]
				},
				{
					"name": "gun",
					"parent": "bone",
					"pivot": [-1, 8.57676, -13.55481],
					"cubes": [
						{
							"origin": [-1.083, 20.51478, -14.06278],
							"size": [1.181, 0.95, 1.65],
							"pivot": [-0.4935, 21.52728, -13.18778],
							"rotation": [-120.5, 0, 0],
							"uv": {
								"north": {"uv": [69, 14], "uv_size": [1, 1]},
								"east": {"uv": [66, 60], "uv_size": [2, 1]},
								"south": {"uv": [15, 69], "uv_size": [1, 1]},
								"west": {"uv": [65, 66], "uv_size": [2, 1]},
								"up": {"uv": [0, 67], "uv_size": [1, 2]},
								"down": {"uv": [1, 69], "uv_size": [1, -2]}
							}
						},
						{
							"origin": [-1.084, 22.89017, -13.6625],
							"size": [1.181, 0.375, 0.95],
							"pivot": [-0.4935, 22.82767, -13.1875],
							"rotation": [-95.5, 0, 0],
							"uv": {
								"north": {"uv": [69, 15], "uv_size": [1, 1]},
								"east": {"uv": [16, 69], "uv_size": [1, 1]},
								"south": {"uv": [69, 16], "uv_size": [1, 1]},
								"west": {"uv": [17, 69], "uv_size": [1, 1]},
								"up": {"uv": [69, 17], "uv_size": [1, 1]},
								"down": {"uv": [18, 70], "uv_size": [1, -1]}
							}
						},
						{
							"origin": [-1.085, 23.07876, -13.94478],
							"size": [1.181, 0.5, 0.725],
							"pivot": [-0.4935, 23.01626, -13.46978],
							"rotation": [-137, 0, 0],
							"uv": {
								"north": {"uv": [69, 18], "uv_size": [1, 1]},
								"east": {"uv": [19, 69], "uv_size": [1, 1]},
								"south": {"uv": [69, 19], "uv_size": [1, 1]},
								"west": {"uv": [20, 69], "uv_size": [1, 1]},
								"up": {"uv": [69, 20], "uv_size": [1, 1]},
								"down": {"uv": [21, 70], "uv_size": [1, -1]}
							}
						},
						{
							"origin": [-1.084, 21.25445, -15.14336],
							"size": [1.181, 0.275, 3.55],
							"pivot": [0.644, 21.64195, -13.58086],
							"rotation": [-75, 0, 0],
							"uv": {
								"north": {"uv": [68, 51], "uv_size": [1, 1]},
								"east": {"uv": [62, 23], "uv_size": [4, 1]},
								"south": {"uv": [52, 68], "uv_size": [1, 1]},
								"west": {"uv": [30, 62], "uv_size": [4, 1]},
								"up": {"uv": [34, 62], "uv_size": [1, 4]},
								"down": {"uv": [40, 66], "uv_size": [1, -4]}
							}
						},
						{
							"origin": [0.39041, 23.23132, -29.20209],
							"size": [0.075, 0.3, 7.25],
							"pivot": [0.42791, 23.43132, -25.57709],
							"rotation": [0, 0, -27.5],
							"uv": {
								"north": {"uv": [69, 56], "uv_size": [1, 1]},
								"east": {"uv": [56, 37], "uv_size": [7, 1]},
								"south": {"uv": [57, 69], "uv_size": [1, 1]},
								"west": {"uv": [56, 38], "uv_size": [7, 1]},
								"up": {"uv": [56, 55], "uv_size": [1, 7]},
								"down": {"uv": [21, 64], "uv_size": [1, -7]}
							}
						},
						{
							"origin": [-1.46, 21.73734, -29.20209],
							"size": [0.25, 1.41, 7.25],
							"uv": {
								"north": {"uv": [69, 57], "uv_size": [1, 1]},
								"east": {"uv": [56, 39], "uv_size": [7, 1]},
								"south": {"uv": [58, 69], "uv_size": [1, 1]},
								"west": {"uv": [56, 40], "uv_size": [7, 1]},
								"up": {"uv": [22, 57], "uv_size": [1, 7]},
								"down": {"uv": [23, 64], "uv_size": [1, -7]}
							}
						},
						{
							"origin": [-1.35175, 23.05163, -29.20209],
							"size": [0.225, 0.45, 7.25],
							"pivot": [-1.22675, 23.30163, -25.57709],
							"rotation": [0, 0, 30],
							"uv": {
								"north": {"uv": [69, 58], "uv_size": [1, 1]},
								"east": {"uv": [56, 41], "uv_size": [7, 1]},
								"south": {"uv": [59, 69], "uv_size": [1, 1]},
								"west": {"uv": [57, 10], "uv_size": [7, 1]},
								"up": {"uv": [24, 57], "uv_size": [1, 7]},
								"down": {"uv": [45, 64], "uv_size": [1, -7]}
							}
						},
						{
							"origin": [-1.235, 21.83734, -29.20209],
							"size": [1.65, 1.7, 7.25],
							"uv": {
								"north": {"uv": [43, 24], "uv_size": [2, 2]},
								"east": {"uv": [53, 0], "uv_size": [7, 2]},
								"south": {"uv": [0, 60], "uv_size": [2, 2]},
								"west": {"uv": [53, 2], "uv_size": [7, 2]},
								"up": {"uv": [32, 53], "uv_size": [2, 7]},
								"down": {"uv": [34, 60], "uv_size": [2, -7]}
							}
						},
						{
							"origin": [0.091, 21.45445, -13.09336],
							"size": [0.706, 0.275, 1.075],
							"pivot": [0.644, 21.64195, -13.58086],
							"rotation": [-75, 0, 0],
							"uv": {
								"north": {"uv": [68, 40], "uv_size": [1, 1]},
								"east": {"uv": [41, 68], "uv_size": [1, 1]},
								"south": {"uv": [68, 41], "uv_size": [1, 1]},
								"west": {"uv": [42, 68], "uv_size": [1, 1]},
								"up": {"uv": [68, 42], "uv_size": [1, 1]},
								"down": {"uv": [43, 69], "uv_size": [1, -1]}
							}
						},
						{
							"origin": [-1.797, 21.45445, -13.09336],
							"size": [0.706, 0.275, 1.075],
							"pivot": [-1.644, 21.64195, -13.58086],
							"rotation": [-75, 0, 0],
							"uv": {
								"north": {"uv": [69, 31], "uv_size": [1, 1]},
								"east": {"uv": [32, 69], "uv_size": [1, 1]},
								"south": {"uv": [69, 32], "uv_size": [1, 1]},
								"west": {"uv": [33, 69], "uv_size": [1, 1]},
								"up": {"uv": [69, 33], "uv_size": [1, 1]},
								"down": {"uv": [34, 70], "uv_size": [1, -1]}
							}
						},
						{
							"origin": [-1.14649, 21.63734, -36.72709],
							"size": [1.5, 1.5, 9.325],
							"pivot": [-0.49649, 22.58734, -32.10209],
							"rotation": [0, 0, 22.5],
							"uv": {
								"north": {"uv": [11, 67], "uv_size": [2, 1]},
								"east": {"uv": [55, 29], "uv_size": [9, 1]},
								"south": {"uv": [13, 67], "uv_size": [2, 1]},
								"west": {"uv": [55, 30], "uv_size": [9, 1]},
								"up": {"uv": [19, 49], "uv_size": [2, 9]},
								"down": {"uv": [49, 28], "uv_size": [2, -9]}
							}
						},
						{
							"origin": [-2, 8.2, -20.6],
							"size": [3, 11, 1.8],
							"pivot": [-1, 13.5, -19],
							"rotation": [15, 0, 0],
							"uv": {
								"north": {"uv": [42, 26], "uv_size": [3, 11]},
								"east": {"uv": [2, 48], "uv_size": [2, 11]},
								"south": {"uv": [42, 37], "uv_size": [3, 11]},
								"west": {"uv": [4, 48], "uv_size": [2, 11]},
								"up": {"uv": [57, 21], "uv_size": [3, 2]},
								"down": {"uv": [46, 59], "uv_size": [3, -2]}
							}
						},
						{
							"origin": [-2, 10.74911, -16.39078],
							"size": [3, 5.5, 1.8],
							"pivot": [-1, 14.69911, -15.49078],
							"rotation": [20, 0, 0],
							"uv": {
								"north": {"uv": [25, 49], "uv_size": [3, 5]},
								"east": {"uv": [40, 26], "uv_size": [2, 5]},
								"south": {"uv": [49, 28], "uv_size": [3, 5]},
								"west": {"uv": [53, 44], "uv_size": [2, 5]},
								"up": {"uv": [57, 55], "uv_size": [3, 2]},
								"down": {"uv": [57, 59], "uv_size": [3, -2]}
							}
						},
						{
							"origin": [-2.001, 8.16553, -14.47753],
							"size": [3, 3, 1.8],
							"pivot": [-1, 8.41553, -13.57753],
							"rotation": [12.5, 0, 0],
							"uv": {
								"north": {"uv": [54, 21], "uv_size": [3, 3]},
								"east": {"uv": [49, 57], "uv_size": [2, 3]},
								"south": {"uv": [45, 54], "uv_size": [3, 3]},
								"west": {"uv": [6, 58], "uv_size": [2, 3]},
								"up": {"uv": [15, 58], "uv_size": [3, 2]},
								"down": {"uv": [18, 60], "uv_size": [3, -2]}
							}
						},
						{
							"origin": [-2.002, 7.97666, -19.15209],
							"size": [3, 6, 4.75],
							"uv": {
								"north": {"uv": [6, 49], "uv_size": [3, 6]},
								"east": {"uv": [43, 0], "uv_size": [5, 6]},
								"south": {"uv": [9, 49], "uv_size": [3, 6]},
								"west": {"uv": [43, 6], "uv_size": [5, 6]},
								"up": {"uv": [45, 49], "uv_size": [3, 5]},
								"down": {"uv": [50, 5], "uv_size": [3, -5]}
							}
						},
						{
							"origin": [-2.002, 13.97666, -20.15209],
							"size": [3, 6.2, 5.05],
							"uv": {
								"north": {"uv": [12, 49], "uv_size": [3, 6]},
								"east": {"uv": [43, 12], "uv_size": [5, 6]},
								"south": {"uv": [49, 13], "uv_size": [3, 6]},
								"west": {"uv": [43, 18], "uv_size": [5, 6]},
								"up": {"uv": [50, 5], "uv_size": [3, 5]},
								"down": {"uv": [50, 49], "uv_size": [3, -5]}
							}
						},
						{
							"origin": [0.998, 18.97666, -16.35209],
							"size": [0.2, 1.4, 1.85],
							"uv": {
								"north": {"uv": [13, 70], "uv_size": [1, 1]},
								"east": {"uv": [67, 16], "uv_size": [2, 1]},
								"south": {"uv": [70, 13], "uv_size": [1, 1]},
								"west": {"uv": [17, 67], "uv_size": [2, 1]},
								"up": {"uv": [19, 67], "uv_size": [1, 2]},
								"down": {"uv": [20, 69], "uv_size": [1, -2]}
							}
						},
						{
							"origin": [0.998, 18.97666, -25.95209],
							"size": [0.1, 1, 1],
							"pivot": [1.148, 19.27666, -25.47709],
							"rotation": [-45, 0, 0],
							"uv": {
								"north": {"uv": [17, 70], "uv_size": [1, 1]},
								"east": {"uv": [70, 17], "uv_size": [1, 1]},
								"south": {"uv": [18, 70], "uv_size": [1, 1]},
								"west": {"uv": [70, 18], "uv_size": [1, 1]},
								"up": {"uv": [19, 70], "uv_size": [1, 1]},
								"down": {"uv": [70, 20], "uv_size": [1, -1]}
							}
						},
						{
							"origin": [0.993, 19.43252, -25.31799],
							"size": [0.1, 0.675, 5.3],
							"uv": {
								"north": {"uv": [20, 70], "uv_size": [1, 1]},
								"east": {"uv": [60, 61], "uv_size": [5, 1]},
								"south": {"uv": [70, 20], "uv_size": [1, 1]},
								"west": {"uv": [0, 62], "uv_size": [5, 1]},
								"up": {"uv": [25, 59], "uv_size": [1, 5]},
								"down": {"uv": [26, 64], "uv_size": [1, -5]}
							}
						},
						{
							"origin": [0.992, 18.75258, -25.41364],
							"size": [0.1, 0.675, 5.4],
							"pivot": [1.148, 19.45258, -24.91364],
							"rotation": [7.5, 0, 0],
							"uv": {
								"north": {"uv": [21, 70], "uv_size": [1, 1]},
								"east": {"uv": [5, 62], "uv_size": [5, 1]},
								"south": {"uv": [70, 21], "uv_size": [1, 1]},
								"west": {"uv": [62, 11], "uv_size": [5, 1]},
								"up": {"uv": [42, 59], "uv_size": [1, 5]},
								"down": {"uv": [43, 64], "uv_size": [1, -5]}
							}
						},
						{
							"origin": [1.198, 19.27666, -18.45209],
							"size": [0.1, 0.7, 2.85],
							"uv": {
								"north": {"uv": [16, 70], "uv_size": [1, 1]},
								"east": {"uv": [66, 7], "uv_size": [3, 1]},
								"south": {"uv": [70, 16], "uv_size": [1, 1]},
								"west": {"uv": [66, 8], "uv_size": [3, 1]},
								"up": {"uv": [42, 64], "uv_size": [1, 3]},
								"down": {"uv": [43, 67], "uv_size": [1, -3]}
							}
						},
						{
							"origin": [0.998, 19.36106, -18.41586],
							"size": [0.2, 0.9, 2.15],
							"pivot": [1.148, 19.66106, -17.19086],
							"rotation": [7.5, 0, 0],
							"uv": {
								"north": {"uv": [14, 70], "uv_size": [1, 1]},
								"east": {"uv": [67, 17], "uv_size": [2, 1]},
								"south": {"uv": [70, 14], "uv_size": [1, 1]},
								"west": {"uv": [21, 67], "uv_size": [2, 1]},
								"up": {"uv": [23, 67], "uv_size": [1, 2]},
								"down": {"uv": [24, 69], "uv_size": [1, -2]}
							}
						},
						{
							"origin": [0.99, 19.05424, -18.42885],
							"size": [0.2, 0.6, 2.15],
							"pivot": [1.148, 19.85424, -17.20385],
							"rotation": [-5, 0, 0],
							"uv": {
								"north": {"uv": [15, 70], "uv_size": [1, 1]},
								"east": {"uv": [67, 24], "uv_size": [2, 1]},
								"south": {"uv": [70, 15], "uv_size": [1, 1]},
								"west": {"uv": [25, 67], "uv_size": [2, 1]},
								"up": {"uv": [67, 25], "uv_size": [1, 2]},
								"down": {"uv": [27, 69], "uv_size": [1, -2]}
							}
						},
						{
							"origin": [-1.502, 15.27666, -24.35209],
							"size": [2, 0.5, 3.35],
							"pivot": [-0.502, 15.22666, -22.67709],
							"rotation": [12.5, 0, 0],
							"uv": {
								"north": {"uv": [66, 23], "uv_size": [2, 1]},
								"east": {"uv": [63, 31], "uv_size": [3, 1]},
								"south": {"uv": [24, 66], "uv_size": [2, 1]},
								"west": {"uv": [63, 32], "uv_size": [3, 1]},
								"up": {"uv": [4, 59], "uv_size": [2, 3]},
								"down": {"uv": [8, 62], "uv_size": [2, -3]}
							}
						},
						{
							"origin": [-1.502, 14.91294, -28.27321],
							"size": [2, 0.5, 3.95],
							"uv": {
								"north": {"uv": [26, 66], "uv_size": [2, 1]},
								"east": {"uv": [13, 62], "uv_size": [4, 1]},
								"south": {"uv": [30, 66], "uv_size": [2, 1]},
								"west": {"uv": [17, 62], "uv_size": [4, 1]},
								"up": {"uv": [9, 55], "uv_size": [2, 4]},
								"down": {"uv": [11, 59], "uv_size": [2, -4]}
							}
						},
						{
							"origin": [-1.102, 18.21294, -24.47321],
							"size": [1.2, 0.5, 0.85],
							"uv": {
								"north": {"uv": [67, 46], "uv_size": [1, 1]},
								"east": {"uv": [67, 47], "uv_size": [1, 1]},
								"south": {"uv": [67, 49], "uv_size": [1, 1]},
								"west": {"uv": [67, 50], "uv_size": [1, 1]},
								"up": {"uv": [51, 67], "uv_size": [1, 1]},
								"down": {"uv": [67, 52], "uv_size": [1, -1]}
							}
						},
						{
							"origin": [-1.101, 17.53743, -24.20579],
							"size": [1.2, 0.7, 0.35],
							"pivot": [-0.502, 18.18743, -24.18079],
							"rotation": [27.5, 0, 0],
							"uv": {
								"north": {"uv": [52, 67], "uv_size": [1, 1]},
								"east": {"uv": [67, 52], "uv_size": [1, 1]},
								"south": {"uv": [53, 67], "uv_size": [1, 1]},
								"west": {"uv": [67, 53], "uv_size": [1, 1]},
								"up": {"uv": [54, 67], "uv_size": [1, 1]},
								"down": {"uv": [67, 55], "uv_size": [1, -1]}
							}
						},
						{
							"origin": [-1.103, 16.81059, -24.14509],
							"size": [1.2, 0.8, 0.35],
							"pivot": [-0.502, 18.26059, -24.12009],
							"rotation": [20, 0, 0],
							"uv": {
								"north": {"uv": [67, 55], "uv_size": [1, 1]},
								"east": {"uv": [56, 67], "uv_size": [1, 1]},
								"south": {"uv": [67, 56], "uv_size": [1, 1]},
								"west": {"uv": [57, 67], "uv_size": [1, 1]},
								"up": {"uv": [58, 67], "uv_size": [1, 1]},
								"down": {"uv": [59, 68], "uv_size": [1, -1]}
							}
						},
						{
							"origin": [-1.104, 15.9329, -22.95323],
							"size": [1.2, 1.1, 0.15],
							"pivot": [-0.502, 18.4829, -23.12823],
							"rotation": [-20, 0, 0],
							"uv": {
								"north": {"uv": [60, 67], "uv_size": [1, 1]},
								"east": {"uv": [61, 67], "uv_size": [1, 1]},
								"south": {"uv": [67, 62], "uv_size": [1, 1]},
								"west": {"uv": [67, 63], "uv_size": [1, 1]},
								"up": {"uv": [67, 64], "uv_size": [1, 1]},
								"down": {"uv": [65, 68], "uv_size": [1, -1]}
							}
						},
						{
							"origin": [-1.102, 16.00545, -23.74157],
							"size": [1.2, 1.1, 0.175],
							"pivot": [-0.502, 16.55545, -23.66657],
							"rotation": [-10, 0, 0],
							"uv": {
								"north": {"uv": [66, 67], "uv_size": [1, 1]},
								"east": {"uv": [67, 66], "uv_size": [1, 1]},
								"south": {"uv": [67, 67], "uv_size": [1, 1]},
								"west": {"uv": [2, 68], "uv_size": [1, 1]},
								"up": {"uv": [3, 68], "uv_size": [1, 1]},
								"down": {"uv": [6, 69], "uv_size": [1, -1]}
							}
						},
						{
							"origin": [-1.501, 14.9586, -28.72659],
							"size": [2, 3.9, 0.45],
							"pivot": [-0.502, 16.4086, -28.35159],
							"rotation": [17.5, 0, 0],
							"uv": {
								"north": {"uv": [13, 55], "uv_size": [2, 4]},
								"east": {"uv": [51, 24], "uv_size": [1, 4]},
								"south": {"uv": [42, 55], "uv_size": [2, 4]},
								"west": {"uv": [35, 60], "uv_size": [1, 4]},
								"up": {"uv": [66, 31], "uv_size": [2, 1]},
								"down": {"uv": [32, 67], "uv_size": [2, -1]}
							}
						},
						{
							"origin": [-2.002, 18.57666, -26.75209],
							"size": [3, 1.6, 6.6],
							"uv": {
								"north": {"uv": [58, 51], "uv_size": [3, 2]},
								"east": {"uv": [50, 10], "uv_size": [7, 2]},
								"south": {"uv": [58, 53], "uv_size": [3, 2]},
								"west": {"uv": [51, 42], "uv_size": [7, 2]},
								"up": {"uv": [48, 37], "uv_size": [3, 7]},
								"down": {"uv": [42, 55], "uv_size": [3, -7]}
							}
						},
						{
							"origin": [-2.003, 18.59924, -26.89405],
							"size": [3, 1.4, 0.4],
							"pivot": [-0.502, 19.39924, -26.69405],
							"rotation": [10, 0, 0],
							"uv": {
								"north": {"uv": [18, 63], "uv_size": [3, 1]},
								"east": {"uv": [42, 67], "uv_size": [1, 1]},
								"south": {"uv": [63, 21], "uv_size": [3, 1]},
								"west": {"uv": [67, 42], "uv_size": [1, 1]},
								"up": {"uv": [63, 22], "uv_size": [3, 1]},
								"down": {"uv": [30, 64], "uv_size": [3, -1]}
							}
						},
						{
							"origin": [-2.002, 19.87666, -34.85209],
							"size": [3, 0.3, 8.1],
							"uv": {
								"north": {"uv": [9, 63], "uv_size": [3, 1]},
								"east": {"uv": [55, 31], "uv_size": [8, 1]},
								"south": {"uv": [63, 9], "uv_size": [3, 1]},
								"west": {"uv": [55, 32], "uv_size": [8, 1]},
								"up": {"uv": [45, 33], "uv_size": [3, 8]},
								"down": {"uv": [45, 49], "uv_size": [3, -8]}
							}
						},
						{
							"origin": [-1.702, 18.97666, -36.35209],
							"size": [2.4, 1.2, 9.6],
							"uv": {
								"north": {"uv": [66, 9], "uv_size": [2, 1]},
								"east": {"uv": [53, 8], "uv_size": [10, 1]},
								"south": {"uv": [10, 66], "uv_size": [2, 1]},
								"west": {"uv": [53, 9], "uv_size": [10, 1]},
								"up": {"uv": [30, 48], "uv_size": [2, 10]},
								"down": {"uv": [48, 54], "uv_size": [2, -10]}
							}
						},
						{
							"origin": [-1.702, 18.57666, -29.95209],
							"size": [2.4, 0.4, 3.2],
							"uv": {
								"north": {"uv": [12, 66], "uv_size": [2, 1]},
								"east": {"uv": [12, 63], "uv_size": [3, 1]},
								"south": {"uv": [14, 66], "uv_size": [2, 1]},
								"west": {"uv": [15, 63], "uv_size": [3, 1]},
								"up": {"uv": [30, 58], "uv_size": [2, 3]},
								"down": {"uv": [2, 62], "uv_size": [2, -3]}
							}
						},
						{
							"origin": [-1.703, 18.76048, -30.94389],
							"size": [2.4, 0.4, 1.1],
							"pivot": [-0.502, 18.96048, -30.39389],
							"rotation": [-21, 0, 0],
							"uv": {
								"north": {"uv": [16, 66], "uv_size": [2, 1]},
								"east": {"uv": [43, 67], "uv_size": [1, 1]},
								"south": {"uv": [18, 66], "uv_size": [2, 1]},
								"west": {"uv": [67, 43], "uv_size": [1, 1]},
								"up": {"uv": [66, 19], "uv_size": [2, 1]},
								"down": {"uv": [20, 67], "uv_size": [2, -1]}
							}
						},
						{
							"origin": [-2.002, 18.67666, -15.10209],
							"size": [3, 1.5, 1.775],
							"uv": {
								"north": {"uv": [6, 63], "uv_size": [3, 1]},
								"east": {"uv": [6, 61], "uv_size": [2, 1]},
								"south": {"uv": [63, 8], "uv_size": [3, 1]},
								"west": {"uv": [30, 61], "uv_size": [2, 1]},
								"up": {"uv": [58, 42], "uv_size": [3, 2]},
								"down": {"uv": [58, 51], "uv_size": [3, -2]}
							}
						},
						{
							"origin": [0.096, 19.95166, -13.37709],
							"size": [0.9, 0.225, 0.275],
							"uv": {
								"north": {"uv": [68, 52], "uv_size": [1, 1]},
								"east": {"uv": [53, 68], "uv_size": [1, 1]},
								"south": {"uv": [68, 53], "uv_size": [1, 1]},
								"west": {"uv": [54, 68], "uv_size": [1, 1]},
								"up": {"uv": [68, 54], "uv_size": [1, 1]},
								"down": {"uv": [55, 69], "uv_size": [1, -1]}
							}
						},
						{
							"origin": [-2.002, 19.95166, -13.37709],
							"size": [0.9, 0.225, 0.275],
							"uv": {
								"north": {"uv": [68, 55], "uv_size": [1, 1]},
								"east": {"uv": [56, 68], "uv_size": [1, 1]},
								"south": {"uv": [68, 56], "uv_size": [1, 1]},
								"west": {"uv": [57, 68], "uv_size": [1, 1]},
								"up": {"uv": [68, 57], "uv_size": [1, 1]},
								"down": {"uv": [58, 69], "uv_size": [1, -1]}
							}
						},
						{
							"origin": [-2.01, 16.67666, -15.80209],
							"size": [3, 2.7, 1.25],
							"pivot": [-0.502, 17.52666, -14.47709],
							"rotation": [-60, 0, 0],
							"uv": {
								"north": {"uv": [48, 54], "uv_size": [3, 3]},
								"east": {"uv": [4, 63], "uv_size": [1, 3]},
								"south": {"uv": [6, 55], "uv_size": [3, 3]},
								"west": {"uv": [5, 63], "uv_size": [1, 3]},
								"up": {"uv": [63, 2], "uv_size": [3, 1]},
								"down": {"uv": [63, 4], "uv_size": [3, -1]}
							}
						},
						{
							"origin": [0.097, 18.85166, -16.67709],
							"size": [0.9, 0.7, 1.65],
							"pivot": [-0.502, 17.52666, -14.47709],
							"rotation": [-75, 0, 0],
							"uv": {
								"north": {"uv": [67, 39], "uv_size": [1, 1]},
								"east": {"uv": [40, 31], "uv_size": [2, 1]},
								"south": {"uv": [67, 40], "uv_size": [1, 1]},
								"west": {"uv": [13, 59], "uv_size": [2, 1]},
								"up": {"uv": [19, 60], "uv_size": [1, 2]},
								"down": {"uv": [20, 62], "uv_size": [1, -2]}
							}
						},
						{
							"origin": [-2.003, 18.85166, -16.67709],
							"size": [0.9, 0.7, 1.65],
							"pivot": [-0.502, 17.52666, -14.47709],
							"rotation": [-75, 0, 0],
							"uv": {
								"north": {"uv": [36, 68], "uv_size": [1, 1]},
								"east": {"uv": [51, 66], "uv_size": [2, 1]},
								"south": {"uv": [37, 68], "uv_size": [1, 1]},
								"west": {"uv": [53, 66], "uv_size": [2, 1]},
								"up": {"uv": [55, 66], "uv_size": [1, 2]},
								"down": {"uv": [66, 57], "uv_size": [1, -2]}
							}
						},
						{
							"origin": [-1.103, 18.85166, -15.85209],
							"size": [1.2, 0.7, 0.825],
							"pivot": [-0.502, 17.52666, -14.47709],
							"rotation": [-75, 0, 0],
							"uv": {
								"north": {"uv": [68, 37], "uv_size": [1, 1]},
								"east": {"uv": [38, 68], "uv_size": [1, 1]},
								"south": {"uv": [68, 38], "uv_size": [1, 1]},
								"west": {"uv": [39, 68], "uv_size": [1, 1]},
								"up": {"uv": [68, 39], "uv_size": [1, 1]},
								"down": {"uv": [40, 69], "uv_size": [1, -1]}
							}
						},
						{
							"origin": [-2, 7.32676, -13.65481],
							"size": [3, 1, 1],
							"pivot": [-1, 8.57676, -13.55481],
							"rotation": [2.5, 0, 0],
							"uv": {
								"north": {"uv": [49, 33], "uv_size": [3, 1]},
								"east": {"uv": [67, 37], "uv_size": [1, 1]},
								"south": {"uv": [63, 0], "uv_size": [3, 1]},
								"west": {"uv": [67, 38], "uv_size": [1, 1]},
								"up": {"uv": [1, 63], "uv_size": [3, 1]},
								"down": {"uv": [63, 2], "uv_size": [3, -1]}
							}
						}
					]
				},
				{
					"name": "bule",
					"parent": "gun",
					"pivot": [-0.502, 21.56005, -19.10634],
					"rotation": [0, 0, 22.5],
					"cubes": [
						{
							"origin": [-1.202, 20.96005, -20.13134],
							"size": [1.2, 1.2, 2.65],
							"uv": {
								"north": {"uv": [69, 59], "uv_size": [1, 1]},
								"east": {"uv": [66, 6], "uv_size": [3, 1]},
								"south": {"uv": [60, 69], "uv_size": [1, 1]},
								"west": {"uv": [7, 66], "uv_size": [3, 1]},
								"up": {"uv": [55, 63], "uv_size": [1, 3]},
								"down": {"uv": [35, 67], "uv_size": [1, -3]}
							}
						},
						{
							"origin": [-1.102, 21.06005, -21.08134],
							"size": [1, 1, 0.95],
							"uv": {
								"north": {"uv": [69, 60], "uv_size": [1, 1]},
								"east": {"uv": [61, 69], "uv_size": [1, 1]},
								"south": {"uv": [69, 61], "uv_size": [1, 1]},
								"west": {"uv": [62, 69], "uv_size": [1, 1]},
								"up": {"uv": [69, 62], "uv_size": [1, 1]},
								"down": {"uv": [63, 70], "uv_size": [1, -1]}
							}
						}
					]
				}
			]
		}
	]
}