{
	"format_version": "1.12.0",
	"minecraft:geometry": [
		{
			"description": {
				"identifier": "geometry.unknown",
				"texture_width": 128,
				"texture_height": 128,
				"visible_bounds_width": 8,
				"visible_bounds_height": 4,
				"visible_bounds_offset": [0, 1, 0]
			},
			"bones": [
				{
					"name": "main",
					"pivot": [0, 20, 4]
				},
				{
					"name": "scopepip",
					"parent": "main",
					"pivot": [-0.58932, 30.8995, 7.63442],
					"cubes": [
						{
							"origin": [-1.98682, 29.602, 7.00392],
							"size": [2.795, 2.595, 1.261],
							"pivot": [-0.58932, 30.8995, 7.4382],
							"rotation": [0, 0, -90],
							"uv": {
								"north": {"uv": [77, 65], "uv_size": [3, 3]},
								"east": {"uv": [2, 87], "uv_size": [1, 3]},
								"south": {"uv": [22, 78], "uv_size": [3, 3]},
								"west": {"uv": [3, 87], "uv_size": [1, 3]},
								"up": {"uv": [86, 46], "uv_size": [3, 1]},
								"down": {"uv": [86, 54], "uv_size": [3, -1]}
							}
						}
					]
				},
				{
					"name": "gun",
					"parent": "main",
					"pivot": [-7.99189, 14.19238, 3.673],
					"cubes": [
						{
							"origin": [-2.50994, 16.71123, -1.18796],
							"size": [3.05, 3.9, 6],
							"uv": {
								"north": {"uv": [71, 2], "uv_size": [3, 4]},
								"east": {"uv": [59, 42], "uv_size": [6, 4]},
								"south": {"uv": [35, 72], "uv_size": [3, 4]},
								"west": {"uv": [47, 60], "uv_size": [6, 4]},
								"up": {"uv": [58, 64], "uv_size": [3, 6]},
								"down": {"uv": [17, 71], "uv_size": [3, -6]}
							}
						},
						{
							"origin": [-2.50994, 10.21123, 0.91204],
							"size": [3.05, 6.5, 4.2],
							"uv": {
								"north": {"uv": [63, 63], "uv_size": [3, 7]},
								"east": {"uv": [55, 16], "uv_size": [4, 7]},
								"south": {"uv": [38, 64], "uv_size": [3, 7]},
								"west": {"uv": [56, 27], "uv_size": [4, 7]},
								"up": {"uv": [72, 50], "uv_size": [3, 4]},
								"down": {"uv": [72, 61], "uv_size": [3, -4]}
							}
						},
						{
							"origin": [-2.48494, 12.11123, 4.41204],
							"size": [3, 4.6, 1.3],
							"pivot": [-0.98494, 14.71123, 5.76204],
							"rotation": [15, 0, 0],
							"uv": {
								"north": {"uv": [5, 70], "uv_size": [3, 5]},
								"east": {"uv": [35, 83], "uv_size": [1, 5]},
								"south": {"uv": [70, 6], "uv_size": [3, 5]},
								"west": {"uv": [83, 43], "uv_size": [1, 5]},
								"up": {"uv": [86, 24], "uv_size": [3, 1]},
								"down": {"uv": [86, 26], "uv_size": [3, -1]}
							}
						},
						{
							"origin": [-2.48494, 15.99716, 4.2265],
							"size": [3, 4.6, 1.7],
							"pivot": [-0.98494, 18.29716, 4.0765],
							"rotation": [-35, 0, 0],
							"uv": {
								"north": {"uv": [8, 70], "uv_size": [3, 5]},
								"east": {"uv": [30, 75], "uv_size": [2, 5]},
								"south": {"uv": [11, 70], "uv_size": [3, 5]},
								"west": {"uv": [32, 75], "uv_size": [2, 5]},
								"up": {"uv": [81, 23], "uv_size": [3, 2]},
								"down": {"uv": [81, 27], "uv_size": [3, -2]}
							}
						},
						{
							"origin": [-2.53494, 10.01583, 1.18731],
							"size": [3.1, 2.5, 5.3],
							"pivot": [-0.98494, 13.26583, 3.28731],
							"rotation": [-5, 0, 0],
							"uv": {
								"north": {"uv": [43, 76], "uv_size": [3, 3]},
								"east": {"uv": [41, 69], "uv_size": [5, 3]},
								"south": {"uv": [66, 76], "uv_size": [3, 3]},
								"west": {"uv": [69, 54], "uv_size": [5, 3]},
								"up": {"uv": [69, 57], "uv_size": [3, 5]},
								"down": {"uv": [2, 75], "uv_size": [3, -5]}
							}
						},
						{
							"origin": [-2.50994, 10.19048, 5.93455],
							"size": [3.05, 1.2, 4.7],
							"pivot": [-0.98494, 11.44048, 8.58455],
							"rotation": [10, 0, 0],
							"uv": {
								"north": {"uv": [86, 26], "uv_size": [3, 1]},
								"east": {"uv": [83, 48], "uv_size": [5, 1]},
								"south": {"uv": [86, 33], "uv_size": [3, 1]},
								"west": {"uv": [83, 49], "uv_size": [5, 1]},
								"up": {"uv": [32, 70], "uv_size": [3, 5]},
								"down": {"uv": [58, 75], "uv_size": [3, -5]}
							}
						},
						{
							"origin": [-2.53494, 10.62539, 6.25272],
							"size": [3.1, 1.5, 27.9],
							"pivot": [-0.98494, 10.87539, 9.00272],
							"rotation": [-2.5, 0, 0],
							"uv": {
								"north": {"uv": [81, 27], "uv_size": [3, 2]},
								"east": {"uv": [44, 36], "uv_size": [28, 2]},
								"south": {"uv": [81, 34], "uv_size": [3, 2]},
								"west": {"uv": [44, 38], "uv_size": [28, 2]},
								"up": {"uv": [35, 38], "uv_size": [3, 28]},
								"down": {"uv": [41, 40], "uv_size": [3, -28]}
							}
						},
						{
							"origin": [-2.50994, 11.03561, 15.39876],
							"size": [3.05, 1.2, 13.3],
							"pivot": [-0.98494, 11.63561, 26.74876],
							"rotation": [2, 0, 0],
							"uv": {
								"north": {"uv": [86, 34], "uv_size": [3, 1]},
								"east": {"uv": [66, 22], "uv_size": [13, 1]},
								"south": {"uv": [86, 35], "uv_size": [3, 1]},
								"west": {"uv": [70, 11], "uv_size": [13, 1]},
								"up": {"uv": [52, 12], "uv_size": [3, 13]},
								"down": {"uv": [17, 65], "uv_size": [3, -13]}
							}
						},
						{
							"origin": [-2.48494, 10.71123, 0.41204],
							"size": [3, 6.1, 1.5],
							"pivot": [-0.98494, 13.46123, -0.13796],
							"rotation": [12.5, 0, 0],
							"uv": {
								"north": {"uv": [27, 65], "uv_size": [3, 6]},
								"east": {"uv": [61, 72], "uv_size": [2, 6]},
								"south": {"uv": [66, 27], "uv_size": [3, 6]},
								"west": {"uv": [72, 64], "uv_size": [2, 6]},
								"up": {"uv": [81, 14], "uv_size": [3, 2]},
								"down": {"uv": [22, 83], "uv_size": [3, -2]}
							}
						},
						{
							"origin": [-2.50994, 20.61123, -15.38796],
							"size": [3.05, 2.2, 20.2],
							"uv": {
								"north": {"uv": [75, 23], "uv_size": [3, 2]},
								"east": {"uv": [41, 48], "uv_size": [20, 2]},
								"south": {"uv": [80, 41], "uv_size": [3, 2]},
								"west": {"uv": [49, 40], "uv_size": [20, 2]},
								"up": {"uv": [38, 44], "uv_size": [3, 20]},
								"down": {"uv": [0, 68], "uv_size": [3, -20]}
							}
						},
						{
							"origin": [-3.10994, 20.61123, -25.78796],
							"size": [4.25, 4.4, 10.5],
							"uv": {
								"north": {"uv": [68, 50], "uv_size": [4, 4]},
								"east": {"uv": [17, 48], "uv_size": [10, 4]},
								"south": {"uv": [68, 64], "uv_size": [4, 4]},
								"west": {"uv": [49, 42], "uv_size": [10, 4]},
								"up": {"uv": [27, 48], "uv_size": [4, 10]},
								"down": {"uv": [41, 60], "uv_size": [4, -10]}
							}
						},
						{
							"origin": [-2.38494, 21.61123, -59.28796],
							"size": [2.8, 2.8, 32.5],
							"pivot": [-0.98494, 23.01123, -43.03796],
							"rotation": [0, 0, 22.5],
							"uv": {
								"north": {"uv": [75, 50], "uv_size": [3, 3]},
								"east": {"uv": [32, 0], "uv_size": [32, 3]},
								"south": {"uv": [58, 75], "uv_size": [3, 3]},
								"west": {"uv": [32, 3], "uv_size": [32, 3]},
								"up": {"uv": [32, 6], "uv_size": [3, 32]},
								"down": {"uv": [35, 38], "uv_size": [3, -32]}
							}
						},
						{
							"origin": [-2.48494, 21.51123, -60.28796],
							"size": [3, 3, 1],
							"pivot": [-0.98494, 23.01123, -43.03796],
							"rotation": [0, 0, 22.5],
							"uv": {
								"north": {"uv": [76, 6], "uv_size": [3, 3]},
								"east": {"uv": [10, 86], "uv_size": [1, 3]},
								"south": {"uv": [76, 12], "uv_size": [3, 3]},
								"west": {"uv": [86, 10], "uv_size": [1, 3]},
								"up": {"uv": [86, 8], "uv_size": [3, 1]},
								"down": {"uv": [86, 14], "uv_size": [3, -1]}
							}
						},
						{
							"origin": [-2.68494, 21.31123, -26.78796],
							"size": [3.4, 3.4, 1],
							"pivot": [-0.98494, 23.01123, -43.03796],
							"rotation": [0, 0, 22.5],
							"uv": {
								"north": {"uv": [75, 70], "uv_size": [3, 3]},
								"east": {"uv": [19, 71], "uv_size": [1, 3]},
								"south": {"uv": [75, 73], "uv_size": [3, 3]},
								"west": {"uv": [62, 85], "uv_size": [1, 3]},
								"up": {"uv": [86, 6], "uv_size": [3, 1]},
								"down": {"uv": [86, 8], "uv_size": [3, -1]}
							}
						},
						{
							"origin": [-2.40994, 25.01123, -25.76296],
							"size": [2.85, 1.4, 10.5],
							"uv": {
								"north": {"uv": [86, 4], "uv_size": [3, 1]},
								"east": {"uv": [72, 61], "uv_size": [10, 1]},
								"south": {"uv": [86, 5], "uv_size": [3, 1]},
								"west": {"uv": [73, 10], "uv_size": [10, 1]},
								"up": {"uv": [24, 52], "uv_size": [3, 10]},
								"down": {"uv": [53, 60], "uv_size": [3, -10]}
							}
						},
						{
							"origin": [-1.70994, 23.81123, -32.66296],
							"size": [1.45, 2.1, 5.7],
							"uv": {
								"north": {"uv": [87, 80], "uv_size": [1, 2]},
								"east": {"uv": [71, 48], "uv_size": [6, 2]},
								"south": {"uv": [81, 87], "uv_size": [1, 2]},
								"west": {"uv": [72, 36], "uv_size": [6, 2]},
								"up": {"uv": [55, 80], "uv_size": [1, 6]},
								"down": {"uv": [56, 86], "uv_size": [1, -6]}
							}
						},
						{
							"origin": [-1.80994, 23.81123, -59.56296],
							"size": [1.65, 1.9, 1.9],
							"uv": {
								"north": {"uv": [83, 76], "uv_size": [2, 2]},
								"east": {"uv": [83, 78], "uv_size": [2, 2]},
								"south": {"uv": [83, 80], "uv_size": [2, 2]},
								"west": {"uv": [83, 82], "uv_size": [2, 2]},
								"up": {"uv": [84, 2], "uv_size": [2, 2]},
								"down": {"uv": [84, 7], "uv_size": [2, -2]}
							}
						},
						{
							"origin": [-0.40994, 25.71123, -59.06296],
							"size": [0.25, 1.1, 1.4],
							"uv": {
								"north": {"uv": [89, 79], "uv_size": [1, 1]},
								"east": {"uv": [81, 89], "uv_size": [1, 1]},
								"south": {"uv": [82, 89], "uv_size": [1, 1]},
								"west": {"uv": [83, 89], "uv_size": [1, 1]},
								"up": {"uv": [84, 89], "uv_size": [1, 1]},
								"down": {"uv": [89, 85], "uv_size": [1, -1]}
							}
						},
						{
							"origin": [-1.80994, 25.71123, -59.06296],
							"size": [0.25, 1.1, 1.4],
							"uv": {
								"north": {"uv": [85, 89], "uv_size": [1, 1]},
								"east": {"uv": [89, 85], "uv_size": [1, 1]},
								"south": {"uv": [86, 89], "uv_size": [1, 1]},
								"west": {"uv": [89, 86], "uv_size": [1, 1]},
								"up": {"uv": [89, 87], "uv_size": [1, 1]},
								"down": {"uv": [89, 89], "uv_size": [1, -1]}
							}
						},
						{
							"origin": [-1.05994, 25.71123, -58.66296],
							"size": [0.15, 0.9, 0.8],
							"uv": {
								"north": {"uv": [89, 89], "uv_size": [1, 1]},
								"east": {"uv": [0, 90], "uv_size": [1, 1]},
								"south": {"uv": [90, 0], "uv_size": [1, 1]},
								"west": {"uv": [1, 90], "uv_size": [1, 1]},
								"up": {"uv": [90, 1], "uv_size": [1, 1]},
								"down": {"uv": [2, 91], "uv_size": [1, -1]}
							}
						},
						{
							"origin": [-1.45994, 26.01123, -32.26296],
							"size": [0.95, 0.4, 5.3],
							"uv": {
								"north": {"uv": [89, 52], "uv_size": [1, 1]},
								"east": {"uv": [83, 32], "uv_size": [5, 1]},
								"south": {"uv": [53, 89], "uv_size": [1, 1]},
								"west": {"uv": [41, 83], "uv_size": [5, 1]},
								"up": {"uv": [24, 83], "uv_size": [1, 5]},
								"down": {"uv": [34, 88], "uv_size": [1, -5]}
							}
						},
						{
							"origin": [-2.35994, 26.01123, -27.46296],
							"size": [1.05, 0.7, 0.7],
							"uv": {
								"north": {"uv": [89, 53], "uv_size": [1, 1]},
								"east": {"uv": [54, 89], "uv_size": [1, 1]},
								"south": {"uv": [55, 89], "uv_size": [1, 1]},
								"west": {"uv": [56, 89], "uv_size": [1, 1]},
								"up": {"uv": [57, 89], "uv_size": [1, 1]},
								"down": {"uv": [89, 58], "uv_size": [1, -1]}
							}
						},
						{
							"origin": [-2.15994, 26.01123, -26.76296],
							"size": [2.35, 0.5, 0.6],
							"uv": {
								"north": {"uv": [14, 88], "uv_size": [2, 1]},
								"east": {"uv": [89, 62], "uv_size": [1, 1]},
								"south": {"uv": [22, 88], "uv_size": [2, 1]},
								"west": {"uv": [89, 63], "uv_size": [1, 1]},
								"up": {"uv": [26, 88], "uv_size": [2, 1]},
								"down": {"uv": [88, 29], "uv_size": [2, -1]}
							}
						},
						{
							"origin": [-2.13494, 26.27693, -26.85316],
							"size": [0.925, 0.5, 0.6],
							"pivot": [-1.03494, 26.52693, -26.55316],
							"rotation": [37.5, 0, 0],
							"uv": {
								"north": {"uv": [89, 64], "uv_size": [1, 1]},
								"east": {"uv": [89, 65], "uv_size": [1, 1]},
								"south": {"uv": [66, 89], "uv_size": [1, 1]},
								"west": {"uv": [67, 89], "uv_size": [1, 1]},
								"up": {"uv": [89, 67], "uv_size": [1, 1]},
								"down": {"uv": [68, 90], "uv_size": [1, -1]}
							}
						},
						{
							"origin": [-0.75994, 26.27693, -26.85316],
							"size": [0.925, 0.5, 0.6],
							"pivot": [-1.03494, 26.52693, -26.55316],
							"rotation": [37.5, 0, 0],
							"uv": {
								"north": {"uv": [89, 68], "uv_size": [1, 1]},
								"east": {"uv": [69, 89], "uv_size": [1, 1]},
								"south": {"uv": [89, 69], "uv_size": [1, 1]},
								"west": {"uv": [70, 89], "uv_size": [1, 1]},
								"up": {"uv": [71, 89], "uv_size": [1, 1]},
								"down": {"uv": [72, 90], "uv_size": [1, -1]}
							}
						},
						{
							"origin": [-0.65994, 26.01123, -27.46296],
							"size": [1.05, 0.7, 0.7],
							"uv": {
								"north": {"uv": [58, 89], "uv_size": [1, 1]},
								"east": {"uv": [89, 58], "uv_size": [1, 1]},
								"south": {"uv": [59, 89], "uv_size": [1, 1]},
								"west": {"uv": [89, 59], "uv_size": [1, 1]},
								"up": {"uv": [89, 60], "uv_size": [1, 1]},
								"down": {"uv": [89, 62], "uv_size": [1, -1]}
							}
						},
						{
							"origin": [-1.68494, 25.41123, -32.06296],
							"size": [0.225, 1.1, 1.6],
							"pivot": [-0.98494, 26.26123, -31.56296],
							"rotation": [-34.5, 0, 0],
							"uv": {
								"north": {"uv": [89, 50], "uv_size": [1, 1]},
								"east": {"uv": [87, 52], "uv_size": [2, 1]},
								"south": {"uv": [51, 89], "uv_size": [1, 1]},
								"west": {"uv": [87, 61], "uv_size": [2, 1]},
								"up": {"uv": [82, 87], "uv_size": [1, 2]},
								"down": {"uv": [87, 88], "uv_size": [1, -2]}
							}
						},
						{
							"origin": [-0.50994, 25.41123, -32.06296],
							"size": [0.225, 1.1, 1.6],
							"pivot": [-0.98494, 26.26123, -31.56296],
							"rotation": [-34.5, 0, 0],
							"uv": {
								"north": {"uv": [89, 51], "uv_size": [1, 1]},
								"east": {"uv": [87, 67], "uv_size": [2, 1]},
								"south": {"uv": [52, 89], "uv_size": [1, 1]},
								"west": {"uv": [88, 9], "uv_size": [2, 1]},
								"up": {"uv": [12, 88], "uv_size": [1, 2]},
								"down": {"uv": [13, 90], "uv_size": [1, -2]}
							}
						},
						{
							"origin": [-2.77743, 24.65052, -25.76296],
							"size": [1.05, 1.6, 10.5],
							"pivot": [-2.25243, 25.55052, -20.51296],
							"rotation": [0, 0, 26.5],
							"uv": {
								"north": {"uv": [71, 87], "uv_size": [1, 2]},
								"east": {"uv": [65, 42], "uv_size": [10, 2]},
								"south": {"uv": [87, 72], "uv_size": [1, 2]},
								"west": {"uv": [65, 44], "uv_size": [10, 2]},
								"up": {"uv": [6, 75], "uv_size": [1, 10]},
								"down": {"uv": [7, 85], "uv_size": [1, -10]}
							}
						},
						{
							"origin": [0.49302, 21.52713, -25.76296],
							"size": [1.05, 1.6, 10.5],
							"pivot": [-5.98198, 22.42713, -20.51296],
							"rotation": [0, 0, -26.5],
							"uv": {
								"north": {"uv": [77, 87], "uv_size": [1, 2]},
								"east": {"uv": [66, 16], "uv_size": [10, 2]},
								"south": {"uv": [87, 78], "uv_size": [1, 2]},
								"west": {"uv": [66, 18], "uv_size": [10, 2]},
								"up": {"uv": [8, 75], "uv_size": [1, 10]},
								"down": {"uv": [9, 85], "uv_size": [1, -10]}
							}
						},
						{
							"origin": [-3.00994, 18.86123, -16.28796],
							"size": [4.05, 1.75, 1],
							"uv": {
								"north": {"uv": [78, 29], "uv_size": [4, 2]},
								"east": {"uv": [87, 55], "uv_size": [1, 2]},
								"south": {"uv": [46, 78], "uv_size": [4, 2]},
								"west": {"uv": [87, 57], "uv_size": [1, 2]},
								"up": {"uv": [83, 55], "uv_size": [4, 1]},
								"down": {"uv": [83, 66], "uv_size": [4, -1]}
							}
						},
						{
							"origin": [-3.08494, 19.61123, -25.78796],
							"size": [4.2, 1.9, 10.3],
							"pivot": [-0.98494, 19.76123, -20.53796],
							"rotation": [-10, 0, 0],
							"uv": {
								"north": {"uv": [77, 59], "uv_size": [4, 2]},
								"east": {"uv": [63, 34], "uv_size": [10, 2]},
								"south": {"uv": [78, 0], "uv_size": [4, 2]},
								"west": {"uv": [65, 23], "uv_size": [10, 2]},
								"up": {"uv": [45, 50], "uv_size": [4, 10]},
								"down": {"uv": [49, 60], "uv_size": [4, -10]}
							}
						},
						{
							"origin": [-2.50994, 22.81123, -1.68796],
							"size": [3.05, 1.9, 6.5],
							"uv": {
								"north": {"uv": [80, 49], "uv_size": [3, 2]},
								"east": {"uv": [69, 40], "uv_size": [7, 2]},
								"south": {"uv": [80, 51], "uv_size": [3, 2]},
								"west": {"uv": [71, 0], "uv_size": [7, 2]},
								"up": {"uv": [63, 27], "uv_size": [3, 7]},
								"down": {"uv": [63, 63], "uv_size": [3, -7]}
							}
						},
						{
							"origin": [-2.48494, 20.61123, 4.71204],
							"size": [3, 2.7, 1.8],
							"pivot": [-0.98494, 22.36123, 7.96204],
							"rotation": [-5, 0, 0],
							"uv": {
								"north": {"uv": [76, 15], "uv_size": [3, 3]},
								"east": {"uv": [80, 62], "uv_size": [2, 3]},
								"south": {"uv": [76, 31], "uv_size": [3, 3]},
								"west": {"uv": [80, 65], "uv_size": [2, 3]},
								"up": {"uv": [80, 70], "uv_size": [3, 2]},
								"down": {"uv": [80, 74], "uv_size": [3, -2]}
							}
						},
						{
							"origin": [-2.48494, 19.14267, 6.36037],
							"size": [3, 4, 1.7],
							"pivot": [-0.98494, 22.19267, 7.81037],
							"rotation": [-12.5, 0, 0],
							"uv": {
								"north": {"uv": [40, 72], "uv_size": [3, 4]},
								"east": {"uv": [27, 78], "uv_size": [2, 4]},
								"south": {"uv": [43, 72], "uv_size": [3, 4]},
								"west": {"uv": [78, 49], "uv_size": [2, 4]},
								"up": {"uv": [80, 80], "uv_size": [3, 2]},
								"down": {"uv": [81, 7], "uv_size": [3, -2]}
							}
						},
						{
							"origin": [-2.48494, 21.56311, 8.0227],
							"size": [3, 1.6, 4.6],
							"pivot": [-0.98494, 22.21311, 7.7727],
							"rotation": [-15, 0, 0],
							"uv": {
								"north": {"uv": [81, 7], "uv_size": [3, 2]},
								"east": {"uv": [73, 34], "uv_size": [5, 2]},
								"south": {"uv": [81, 12], "uv_size": [3, 2]},
								"west": {"uv": [74, 54], "uv_size": [5, 2]},
								"up": {"uv": [23, 69], "uv_size": [3, 5]},
								"down": {"uv": [69, 32], "uv_size": [3, -5]}
							}
						},
						{
							"origin": [-2.50994, 18.87547, 4.80332],
							"size": [3.05, 3, 32.4],
							"uv": {
								"north": {"uv": [34, 76], "uv_size": [3, 3]},
								"east": {"uv": [38, 6], "uv_size": [32, 3]},
								"south": {"uv": [40, 76], "uv_size": [3, 3]},
								"west": {"uv": [38, 9], "uv_size": [32, 3]},
								"up": {"uv": [38, 12], "uv_size": [3, 32]},
								"down": {"uv": [32, 70], "uv_size": [3, -32]}
							}
						},
						{
							"origin": [-2.45994, 10.87547, 30.80332],
							"size": [2.975, 8, 3.9],
							"uv": {
								"north": {"uv": [53, 60], "uv_size": [3, 8]},
								"east": {"uv": [20, 52], "uv_size": [4, 8]},
								"south": {"uv": [60, 56], "uv_size": [3, 8]},
								"west": {"uv": [52, 27], "uv_size": [4, 8]},
								"up": {"uv": [73, 12], "uv_size": [3, 4]},
								"down": {"uv": [74, 6], "uv_size": [3, -4]}
							}
						},
						{
							"origin": [-2.48494, 10.87547, 29.00332],
							"size": [2.975, 8.6, 3],
							"pivot": [-0.99744, 14.87547, 28.85332],
							"rotation": [-20, 0, 0],
							"uv": {
								"north": {"uv": [20, 60], "uv_size": [3, 9]},
								"east": {"uv": [60, 27], "uv_size": [3, 9]},
								"south": {"uv": [41, 60], "uv_size": [3, 9]},
								"west": {"uv": [44, 60], "uv_size": [3, 9]},
								"up": {"uv": [77, 2], "uv_size": [3, 3]},
								"down": {"uv": [19, 80], "uv_size": [3, -3]}
							}
						},
						{
							"origin": [-2.55, 15.64143, 34.37038],
							"size": [3.1, 3.6, 2.55],
							"pivot": [-0.98494, 17.44143, 34.97038],
							"rotation": [-10, 0, 0],
							"uv": {
								"north": {"uv": [66, 72], "uv_size": [3, 4]},
								"east": {"uv": [69, 72], "uv_size": [3, 4]},
								"south": {"uv": [72, 70], "uv_size": [3, 4]},
								"west": {"uv": [73, 6], "uv_size": [3, 4]},
								"up": {"uv": [69, 76], "uv_size": [3, 3]},
								"down": {"uv": [75, 79], "uv_size": [3, -3]}
							}
						},
						{
							"origin": [-2.50994, 9.53016, 34.07819],
							"size": [3.05, 6.3, 2.5],
							"uv": {
								"north": {"uv": [35, 66], "uv_size": [3, 6]},
								"east": {"uv": [15, 73], "uv_size": [2, 6]},
								"south": {"uv": [66, 56], "uv_size": [3, 6]},
								"west": {"uv": [52, 73], "uv_size": [2, 6]},
								"up": {"uv": [26, 82], "uv_size": [3, 2]},
								"down": {"uv": [82, 31], "uv_size": [3, -2]}
							}
						},
						{
							"origin": [-2.43494, 11.67547, 15.00332],
							"size": [1.975, 7.2, 4.1],
							"uv": {
								"north": {"uv": [50, 71], "uv_size": [2, 7]},
								"east": {"uv": [56, 50], "uv_size": [4, 7]},
								"south": {"uv": [72, 25], "uv_size": [2, 7]},
								"west": {"uv": [56, 57], "uv_size": [4, 7]},
								"up": {"uv": [50, 78], "uv_size": [2, 4]},
								"down": {"uv": [58, 82], "uv_size": [2, -4]}
							}
						},
						{
							"origin": [-2.48494, 15.97547, 15.50332],
							"size": [2, 2.9, 1.2],
							"pivot": [-1.48494, 15.27547, 14.55332],
							"rotation": [27.5, 0, 0],
							"uv": {
								"north": {"uv": [37, 81], "uv_size": [2, 3]},
								"east": {"uv": [11, 86], "uv_size": [1, 3]},
								"south": {"uv": [39, 81], "uv_size": [2, 3]},
								"west": {"uv": [25, 86], "uv_size": [1, 3]},
								"up": {"uv": [88, 80], "uv_size": [2, 1]},
								"down": {"uv": [88, 82], "uv_size": [2, -1]}
							}
						},
						{
							"origin": [-2.48494, 8.87547, 16.90332],
							"size": [2, 3.9, 1.4],
							"pivot": [-1.48494, 15.27547, 14.55332],
							"rotation": [27.5, 0, 0],
							"uv": {
								"north": {"uv": [60, 78], "uv_size": [2, 4]},
								"east": {"uv": [12, 84], "uv_size": [1, 4]},
								"south": {"uv": [78, 70], "uv_size": [2, 4]},
								"west": {"uv": [14, 84], "uv_size": [1, 4]},
								"up": {"uv": [88, 82], "uv_size": [2, 1]},
								"down": {"uv": [88, 84], "uv_size": [2, -1]}
							}
						},
						{
							"origin": [-2.48494, 12.07547, 11.10332],
							"size": [2, 1.8, 2.9],
							"pivot": [-1.48494, 15.27547, 14.55332],
							"rotation": [47.5, 0, 0],
							"uv": {
								"north": {"uv": [84, 12], "uv_size": [2, 2]},
								"east": {"uv": [41, 81], "uv_size": [3, 2]},
								"south": {"uv": [84, 14], "uv_size": [2, 2]},
								"west": {"uv": [81, 58], "uv_size": [3, 2]},
								"up": {"uv": [63, 81], "uv_size": [2, 3]},
								"down": {"uv": [66, 84], "uv_size": [2, -3]}
							}
						},
						{
							"origin": [-2.48494, 13.47547, 18.90332],
							"size": [2, 1.8, 2.9],
							"pivot": [-1.48494, 15.27547, 14.55332],
							"rotation": [47.5, 0, 0],
							"uv": {
								"north": {"uv": [84, 18], "uv_size": [2, 2]},
								"east": {"uv": [82, 0], "uv_size": [3, 2]},
								"south": {"uv": [19, 84], "uv_size": [2, 2]},
								"west": {"uv": [10, 82], "uv_size": [3, 2]},
								"up": {"uv": [68, 81], "uv_size": [2, 3]},
								"down": {"uv": [17, 85], "uv_size": [2, -3]}
							}
						},
						{
							"origin": [-1.51494, 24.74065, 3.45741],
							"size": [1.05, 1, 1.1],
							"pivot": [-0.98994, 25.24065, 4.00741],
							"rotation": [42.5, 0, 0],
							"uv": {
								"north": {"uv": [90, 2], "uv_size": [1, 1]},
								"east": {"uv": [3, 90], "uv_size": [1, 1]},
								"south": {"uv": [90, 3], "uv_size": [1, 1]},
								"west": {"uv": [4, 90], "uv_size": [1, 1]},
								"up": {"uv": [90, 4], "uv_size": [1, 1]},
								"down": {"uv": [5, 91], "uv_size": [1, -1]}
							}
						},
						{
							"origin": [-2.45994, 23.41123, -6.98796],
							"size": [1.05, 1, 5.6],
							"pivot": [-0.98494, 23.76123, -4.38796],
							"rotation": [-7.5, 0, 0],
							"uv": {
								"north": {"uv": [89, 38], "uv_size": [1, 1]},
								"east": {"uv": [80, 56], "uv_size": [6, 1]},
								"south": {"uv": [39, 89], "uv_size": [1, 1]},
								"west": {"uv": [80, 57], "uv_size": [6, 1]},
								"up": {"uv": [49, 80], "uv_size": [1, 6]},
								"down": {"uv": [54, 86], "uv_size": [1, -6]}
							}
						},
						{
							"origin": [-2.48494, 23.71123, -7.08796],
							"size": [1.05, 1, 5.4],
							"uv": {
								"north": {"uv": [89, 40], "uv_size": [1, 1]},
								"east": {"uv": [81, 36], "uv_size": [5, 1]},
								"south": {"uv": [41, 89], "uv_size": [1, 1]},
								"west": {"uv": [83, 31], "uv_size": [5, 1]},
								"up": {"uv": [22, 83], "uv_size": [1, 5]},
								"down": {"uv": [23, 88], "uv_size": [1, -5]}
							}
						},
						{
							"origin": [-2.48494, 22.81123, -16.06296],
							"size": [1.05, 1.9, 1],
							"uv": {
								"north": {"uv": [74, 87], "uv_size": [1, 2]},
								"east": {"uv": [75, 87], "uv_size": [1, 2]},
								"south": {"uv": [76, 87], "uv_size": [1, 2]},
								"west": {"uv": [87, 76], "uv_size": [1, 2]},
								"up": {"uv": [49, 89], "uv_size": [1, 1]},
								"down": {"uv": [50, 90], "uv_size": [1, -1]}
							}
						},
						{
							"origin": [-0.50994, 22.81123, -15.38796],
							"size": [1.05, 1.9, 13.7],
							"uv": {
								"north": {"uv": [76, 40], "uv_size": [1, 2]},
								"east": {"uv": [55, 12], "uv_size": [14, 2]},
								"south": {"uv": [8, 87], "uv_size": [1, 2]},
								"west": {"uv": [55, 14], "uv_size": [14, 2]},
								"up": {"uv": [14, 70], "uv_size": [1, 14]},
								"down": {"uv": [65, 84], "uv_size": [1, -14]}
							}
						},
						{
							"origin": [-1.90994, 24.71123, -7.08796],
							"size": [1.85, 1.4, 10.5],
							"uv": {
								"north": {"uv": [54, 73], "uv_size": [2, 1]},
								"east": {"uv": [72, 38], "uv_size": [10, 1]},
								"south": {"uv": [74, 31], "uv_size": [2, 1]},
								"west": {"uv": [72, 39], "uv_size": [10, 1]},
								"up": {"uv": [15, 63], "uv_size": [2, 10]},
								"down": {"uv": [56, 74], "uv_size": [2, -10]}
							}
						},
						{
							"origin": [-1.90994, 25.11123, -15.28796],
							"size": [1.85, 1, 8.2],
							"uv": {
								"north": {"uv": [87, 10], "uv_size": [2, 1]},
								"east": {"uv": [52, 35], "uv_size": [8, 1]},
								"south": {"uv": [87, 11], "uv_size": [2, 1]},
								"west": {"uv": [75, 53], "uv_size": [8, 1]},
								"up": {"uv": [61, 64], "uv_size": [2, 8]},
								"down": {"uv": [66, 72], "uv_size": [2, -8]}
							}
						},
						{
							"origin": [-1.90994, 24.24554, 2.5363],
							"size": [1.85, 2, 1.4],
							"pivot": [-0.98494, 25.54554, 3.8363],
							"rotation": [45, 0, 0],
							"uv": {
								"north": {"uv": [75, 62], "uv_size": [2, 2]},
								"east": {"uv": [46, 69], "uv_size": [1, 2]},
								"south": {"uv": [76, 83], "uv_size": [2, 2]},
								"west": {"uv": [71, 25], "uv_size": [1, 2]},
								"up": {"uv": [75, 47], "uv_size": [2, 1]},
								"down": {"uv": [77, 6], "uv_size": [2, -1]}
							}
						},
						{
							"origin": [-2.21778, 24.4386, -7.08796],
							"size": [1.05, 1.525, 10.5],
							"pivot": [-1.69278, 25.2636, 0.16204],
							"rotation": [0, 0, 22.5],
							"uv": {
								"north": {"uv": [2, 68], "uv_size": [1, 2]},
								"east": {"uv": [55, 23], "uv_size": [10, 2]},
								"south": {"uv": [68, 54], "uv_size": [1, 2]},
								"west": {"uv": [61, 48], "uv_size": [10, 2]},
								"up": {"uv": [29, 71], "uv_size": [1, 10]},
								"down": {"uv": [5, 85], "uv_size": [1, -10]}
							}
						},
						{
							"origin": [-2.21778, 24.4386, -16.08796],
							"size": [1.05, 1.525, 1],
							"pivot": [-1.69278, 25.2636, 0.16204],
							"rotation": [0, 0, 22.5],
							"uv": {
								"north": {"uv": [87, 59], "uv_size": [1, 2]},
								"east": {"uv": [87, 65], "uv_size": [1, 2]},
								"south": {"uv": [70, 87], "uv_size": [1, 2]},
								"west": {"uv": [87, 70], "uv_size": [1, 2]},
								"up": {"uv": [89, 46], "uv_size": [1, 1]},
								"down": {"uv": [47, 90], "uv_size": [1, -1]}
							}
						},
						{
							"origin": [-2.21778, 24.9386, -15.08796],
							"size": [1.05, 1.025, 8],
							"pivot": [-1.69278, 25.2636, 0.16204],
							"rotation": [0, 0, 22.5],
							"uv": {
								"north": {"uv": [89, 39], "uv_size": [1, 1]},
								"east": {"uv": [76, 9], "uv_size": [8, 1]},
								"south": {"uv": [40, 89], "uv_size": [1, 1]},
								"west": {"uv": [76, 18], "uv_size": [8, 1]},
								"up": {"uv": [57, 77], "uv_size": [1, 8]},
								"down": {"uv": [25, 86], "uv_size": [1, -8]}
							}
						},
						{
							"origin": [-0.19313, 21.37713, -15.28796],
							"size": [1.05, 1.525, 18.7],
							"pivot": [-7.66813, 22.20213, 0.16204],
							"rotation": [0, 0, -22.5],
							"uv": {
								"north": {"uv": [52, 71], "uv_size": [1, 2]},
								"east": {"uv": [49, 46], "uv_size": [19, 2]},
								"south": {"uv": [37, 76], "uv_size": [1, 2]},
								"west": {"uv": [52, 25], "uv_size": [19, 2]},
								"up": {"uv": [31, 48], "uv_size": [1, 19]},
								"down": {"uv": [26, 81], "uv_size": [1, -19]}
							}
						},
						{
							"origin": [-2.31778, 24.6386, -0.18796],
							"size": [1.05, 1.525, 0.5],
							"pivot": [-1.79278, 25.4636, 0.16204],
							"rotation": [0, 0, 22.5],
							"uv": {
								"north": {"uv": [21, 87], "uv_size": [1, 2]},
								"east": {"uv": [29, 87], "uv_size": [1, 2]},
								"south": {"uv": [87, 44], "uv_size": [1, 2]},
								"west": {"uv": [87, 50], "uv_size": [1, 2]},
								"up": {"uv": [45, 89], "uv_size": [1, 1]},
								"down": {"uv": [46, 90], "uv_size": [1, -1]}
							}
						},
						{
							"origin": [-2.00994, 24.91123, -0.18796],
							"size": [2.05, 1.4, 0.5],
							"uv": {
								"north": {"uv": [87, 12], "uv_size": [2, 1]},
								"east": {"uv": [89, 43], "uv_size": [1, 1]},
								"south": {"uv": [87, 20], "uv_size": [2, 1]},
								"west": {"uv": [44, 89], "uv_size": [1, 1]},
								"up": {"uv": [87, 21], "uv_size": [2, 1]},
								"down": {"uv": [87, 44], "uv_size": [2, -1]}
							}
						},
						{
							"origin": [-2.59353, 23.50231, -0.18796],
							"size": [3.25, 1.4, 0.5],
							"uv": {
								"north": {"uv": [86, 14], "uv_size": [3, 1]},
								"east": {"uv": [90, 6], "uv_size": [1, 1]},
								"south": {"uv": [86, 15], "uv_size": [3, 1]},
								"west": {"uv": [7, 90], "uv_size": [1, 1]},
								"up": {"uv": [86, 16], "uv_size": [3, 1]},
								"down": {"uv": [86, 18], "uv_size": [3, -1]}
							}
						},
						{
							"origin": [-0.09313, 21.57713, -0.18796],
							"size": [1.05, 1.525, 0.5],
							"pivot": [-7.56813, 22.40213, 0.16204],
							"rotation": [0, 0, -22.5],
							"uv": {
								"north": {"uv": [17, 87], "uv_size": [1, 2]},
								"east": {"uv": [18, 87], "uv_size": [1, 2]},
								"south": {"uv": [19, 87], "uv_size": [1, 2]},
								"west": {"uv": [20, 87], "uv_size": [1, 2]},
								"up": {"uv": [42, 89], "uv_size": [1, 1]},
								"down": {"uv": [43, 90], "uv_size": [1, -1]}
							}
						},
						{
							"origin": [-2.59353, 23.50231, -4.68796],
							"size": [3.25, 1.4, 0.5],
							"uv": {
								"north": {"uv": [86, 18], "uv_size": [3, 1]},
								"east": {"uv": [12, 90], "uv_size": [1, 1]},
								"south": {"uv": [19, 86], "uv_size": [3, 1]},
								"west": {"uv": [90, 12], "uv_size": [1, 1]},
								"up": {"uv": [86, 19], "uv_size": [3, 1]},
								"down": {"uv": [86, 24], "uv_size": [3, -1]}
							}
						},
						{
							"origin": [-2.31778, 24.6386, -4.68796],
							"size": [1.05, 1.525, 0.5],
							"pivot": [-1.79278, 25.4636, -4.33796],
							"rotation": [0, 0, 22.5],
							"uv": {
								"north": {"uv": [88, 57], "uv_size": [1, 2]},
								"east": {"uv": [88, 59], "uv_size": [1, 2]},
								"south": {"uv": [60, 88], "uv_size": [1, 2]},
								"west": {"uv": [61, 88], "uv_size": [1, 2]},
								"up": {"uv": [90, 10], "uv_size": [1, 1]},
								"down": {"uv": [90, 12], "uv_size": [1, -1]}
							}
						},
						{
							"origin": [-2.00994, 24.91123, -4.68796],
							"size": [2.05, 1.4, 0.5],
							"uv": {
								"north": {"uv": [52, 88], "uv_size": [2, 1]},
								"east": {"uv": [9, 90], "uv_size": [1, 1]},
								"south": {"uv": [88, 54], "uv_size": [2, 1]},
								"west": {"uv": [90, 9], "uv_size": [1, 1]},
								"up": {"uv": [88, 55], "uv_size": [2, 1]},
								"down": {"uv": [88, 57], "uv_size": [2, -1]}
							}
						},
						{
							"origin": [-0.09313, 21.57713, -4.68796],
							"size": [1.05, 1.525, 0.5],
							"pivot": [-7.56813, 22.40213, -4.33796],
							"rotation": [0, 0, -22.5],
							"uv": {
								"north": {"uv": [28, 88], "uv_size": [1, 2]},
								"east": {"uv": [37, 88], "uv_size": [1, 2]},
								"south": {"uv": [48, 88], "uv_size": [1, 2]},
								"west": {"uv": [88, 50], "uv_size": [1, 2]},
								"up": {"uv": [90, 7], "uv_size": [1, 1]},
								"down": {"uv": [8, 91], "uv_size": [1, -1]}
							}
						},
						{
							"origin": [-0.69353, 23.50231, -8.98796],
							"size": [1.35, 1.4, 0.5],
							"uv": {
								"north": {"uv": [90, 21], "uv_size": [1, 1]},
								"east": {"uv": [90, 22], "uv_size": [1, 1]},
								"south": {"uv": [23, 90], "uv_size": [1, 1]},
								"west": {"uv": [90, 23], "uv_size": [1, 1]},
								"up": {"uv": [24, 90], "uv_size": [1, 1]},
								"down": {"uv": [90, 25], "uv_size": [1, -1]}
							}
						},
						{
							"origin": [-2.31778, 25.0386, -8.98796],
							"size": [1.05, 1.125, 0.5],
							"pivot": [-1.79278, 25.4636, -8.63796],
							"rotation": [0, 0, 22.5],
							"uv": {
								"north": {"uv": [16, 90], "uv_size": [1, 1]},
								"east": {"uv": [90, 17], "uv_size": [1, 1]},
								"south": {"uv": [18, 90], "uv_size": [1, 1]},
								"west": {"uv": [90, 18], "uv_size": [1, 1]},
								"up": {"uv": [19, 90], "uv_size": [1, 1]},
								"down": {"uv": [90, 21], "uv_size": [1, -1]}
							}
						},
						{
							"origin": [-2.00994, 24.91123, -8.98796],
							"size": [2.05, 1.4, 0.5],
							"uv": {
								"north": {"uv": [88, 66], "uv_size": [2, 1]},
								"east": {"uv": [14, 90], "uv_size": [1, 1]},
								"south": {"uv": [88, 70], "uv_size": [2, 1]},
								"west": {"uv": [15, 90], "uv_size": [1, 1]},
								"up": {"uv": [88, 71], "uv_size": [2, 1]},
								"down": {"uv": [72, 89], "uv_size": [2, -1]}
							}
						},
						{
							"origin": [-0.09313, 21.57713, -8.98796],
							"size": [1.05, 1.525, 0.5],
							"pivot": [-7.56813, 22.40213, -8.63796],
							"rotation": [0, 0, -22.5],
							"uv": {
								"north": {"uv": [62, 88], "uv_size": [1, 2]},
								"east": {"uv": [63, 88], "uv_size": [1, 2]},
								"south": {"uv": [64, 88], "uv_size": [1, 2]},
								"west": {"uv": [88, 64], "uv_size": [1, 2]},
								"up": {"uv": [13, 90], "uv_size": [1, 1]},
								"down": {"uv": [90, 14], "uv_size": [1, -1]}
							}
						},
						{
							"origin": [-0.69353, 23.50231, -13.48796],
							"size": [1.35, 1.4, 0.5],
							"uv": {
								"north": {"uv": [30, 90], "uv_size": [1, 1]},
								"east": {"uv": [90, 30], "uv_size": [1, 1]},
								"south": {"uv": [31, 90], "uv_size": [1, 1]},
								"west": {"uv": [90, 31], "uv_size": [1, 1]},
								"up": {"uv": [32, 90], "uv_size": [1, 1]},
								"down": {"uv": [90, 33], "uv_size": [1, -1]}
							}
						},
						{
							"origin": [-0.09313, 21.57713, -13.48796],
							"size": [1.05, 1.525, 0.5],
							"pivot": [-7.56813, 22.40213, -13.13796],
							"rotation": [0, 0, -22.5],
							"uv": {
								"north": {"uv": [65, 88], "uv_size": [1, 2]},
								"east": {"uv": [78, 88], "uv_size": [1, 2]},
								"south": {"uv": [88, 78], "uv_size": [1, 2]},
								"west": {"uv": [79, 88], "uv_size": [1, 2]},
								"up": {"uv": [29, 90], "uv_size": [1, 1]},
								"down": {"uv": [90, 30], "uv_size": [1, -1]}
							}
						},
						{
							"origin": [-2.00994, 24.91123, -13.48796],
							"size": [2.05, 1.4, 0.5],
							"uv": {
								"north": {"uv": [88, 72], "uv_size": [2, 1]},
								"east": {"uv": [28, 90], "uv_size": [1, 1]},
								"south": {"uv": [88, 73], "uv_size": [2, 1]},
								"west": {"uv": [90, 28], "uv_size": [1, 1]},
								"up": {"uv": [88, 76], "uv_size": [2, 1]},
								"down": {"uv": [88, 78], "uv_size": [2, -1]}
							}
						},
						{
							"origin": [-2.31778, 25.0386, -13.48796],
							"size": [1.05, 1.125, 0.5],
							"pivot": [-1.79278, 25.4636, -13.13796],
							"rotation": [0, 0, 22.5],
							"uv": {
								"north": {"uv": [25, 90], "uv_size": [1, 1]},
								"east": {"uv": [90, 25], "uv_size": [1, 1]},
								"south": {"uv": [26, 90], "uv_size": [1, 1]},
								"west": {"uv": [90, 26], "uv_size": [1, 1]},
								"up": {"uv": [27, 90], "uv_size": [1, 1]},
								"down": {"uv": [90, 28], "uv_size": [1, -1]}
							}
						},
						{
							"origin": [-2.21241, 25.15371, 3.06334],
							"size": [1.05, 1.125, 1.1],
							"pivot": [-1.71241, 25.21621, 4.16334],
							"rotation": [45, 0, 22.5],
							"uv": {
								"north": {"uv": [89, 23], "uv_size": [1, 1]},
								"east": {"uv": [89, 24], "uv_size": [1, 1]},
								"south": {"uv": [25, 89], "uv_size": [1, 1]},
								"west": {"uv": [89, 25], "uv_size": [1, 1]},
								"up": {"uv": [26, 89], "uv_size": [1, 1]},
								"down": {"uv": [89, 27], "uv_size": [1, -1]}
							}
						},
						{
							"origin": [-2.19188, 24.50674, 3.24625],
							"size": [1.05, 0.925, 1.1],
							"pivot": [-1.86688, 25.09424, 4.34625],
							"rotation": [42.60312, 14.66794, 5.3496],
							"uv": {
								"north": {"uv": [27, 89], "uv_size": [1, 1]},
								"east": {"uv": [89, 27], "uv_size": [1, 1]},
								"south": {"uv": [29, 89], "uv_size": [1, 1]},
								"west": {"uv": [89, 29], "uv_size": [1, 1]},
								"up": {"uv": [30, 89], "uv_size": [1, 1]},
								"down": {"uv": [89, 31], "uv_size": [1, -1]}
							}
						},
						{
							"origin": [-0.80746, 25.15371, 3.06334],
							"size": [1.05, 1.125, 1.1],
							"pivot": [-0.25746, 25.21621, 4.16334],
							"rotation": [45, 0, -22.5],
							"uv": {
								"north": {"uv": [35, 89], "uv_size": [1, 1]},
								"east": {"uv": [89, 35], "uv_size": [1, 1]},
								"south": {"uv": [36, 89], "uv_size": [1, 1]},
								"west": {"uv": [89, 36], "uv_size": [1, 1]},
								"up": {"uv": [89, 37], "uv_size": [1, 1]},
								"down": {"uv": [38, 90], "uv_size": [1, -1]}
							}
						},
						{
							"origin": [-0.82799, 24.50674, 3.24625],
							"size": [1.05, 0.925, 1.1],
							"pivot": [-0.10299, 25.09424, 4.34625],
							"rotation": [42.60312, -14.66794, -5.3496],
							"uv": {
								"north": {"uv": [31, 89], "uv_size": [1, 1]},
								"east": {"uv": [32, 89], "uv_size": [1, 1]},
								"south": {"uv": [33, 89], "uv_size": [1, 1]},
								"west": {"uv": [89, 33], "uv_size": [1, 1]},
								"up": {"uv": [34, 89], "uv_size": [1, 1]},
								"down": {"uv": [89, 35], "uv_size": [1, -1]}
							}
						},
						{
							"origin": [-2.50994, 18.93623, -15.38796],
							"size": [3.05, 1.675, 6.8],
							"uv": {
								"north": {"uv": [46, 80], "uv_size": [3, 2]},
								"east": {"uv": [68, 46], "uv_size": [7, 2]},
								"south": {"uv": [80, 47], "uv_size": [3, 2]},
								"west": {"uv": [69, 32], "uv_size": [7, 2]},
								"up": {"uv": [6, 63], "uv_size": [3, 7]},
								"down": {"uv": [9, 70], "uv_size": [3, -7]}
							}
						},
						{
							"origin": [-2.50994, 17.16123, -9.78796],
							"size": [3.05, 1.775, 1.2],
							"uv": {
								"north": {"uv": [80, 43], "uv_size": [3, 2]},
								"east": {"uv": [23, 60], "uv_size": [1, 2]},
								"south": {"uv": [80, 45], "uv_size": [3, 2]},
								"west": {"uv": [30, 65], "uv_size": [1, 2]},
								"up": {"uv": [85, 83], "uv_size": [3, 1]},
								"down": {"uv": [85, 85], "uv_size": [3, -1]}
							}
						},
						{
							"origin": [-2.48494, 17.16123, -10.48796],
							"size": [3, 5.175, 1.3],
							"pivot": [-0.98494, 18.04873, -10.18796],
							"rotation": [72, 0, 0],
							"uv": {
								"north": {"uv": [53, 68], "uv_size": [3, 5]},
								"east": {"uv": [15, 83], "uv_size": [1, 5]},
								"south": {"uv": [20, 69], "uv_size": [3, 5]},
								"west": {"uv": [16, 83], "uv_size": [1, 5]},
								"up": {"uv": [85, 85], "uv_size": [3, 1]},
								"down": {"uv": [2, 87], "uv_size": [3, -1]}
							}
						},
						{
							"origin": [-1.50994, 16.71123, -8.58796],
							"size": [1.05, 3.9, 1.4],
							"uv": {
								"north": {"uv": [71, 83], "uv_size": [1, 4]},
								"east": {"uv": [83, 72], "uv_size": [1, 4]},
								"south": {"uv": [74, 83], "uv_size": [1, 4]},
								"west": {"uv": [75, 83], "uv_size": [1, 4]},
								"up": {"uv": [89, 22], "uv_size": [1, 1]},
								"down": {"uv": [23, 90], "uv_size": [1, -1]}
							}
						},
						{
							"origin": [-2.70994, 15.31334, -13.74911],
							"size": [3.45, 7.325, 0.5],
							"pivot": [-0.98494, 19.56334, -12.14911],
							"rotation": [72, 0, 0],
							"uv": {
								"north": {"uv": [23, 62], "uv_size": [3, 7]},
								"east": {"uv": [62, 78], "uv_size": [1, 7]},
								"south": {"uv": [3, 63], "uv_size": [3, 7]},
								"west": {"uv": [4, 79], "uv_size": [1, 7]},
								"up": {"uv": [66, 33], "uv_size": [3, 1]},
								"down": {"uv": [85, 83], "uv_size": [3, -1]}
							}
						},
						{
							"origin": [-1.50994, 16.71123, -7.18796],
							"size": [1.05, 0.3, 6],
							"uv": {
								"north": {"uv": [26, 81], "uv_size": [1, 1]},
								"east": {"uv": [80, 4], "uv_size": [6, 1]},
								"south": {"uv": [81, 60], "uv_size": [1, 1]},
								"west": {"uv": [80, 40], "uv_size": [6, 1]},
								"up": {"uv": [36, 79], "uv_size": [1, 6]},
								"down": {"uv": [21, 86], "uv_size": [1, -6]}
							}
						},
						{
							"origin": [-1.30994, 18.91123, -5.18796],
							"size": [0.65, 0.3, 2],
							"pivot": [-0.98494, 19.86123, -4.18796],
							"rotation": [87.5, 0, 0],
							"uv": {
								"north": {"uv": [73, 89], "uv_size": [1, 1]},
								"east": {"uv": [30, 88], "uv_size": [2, 1]},
								"south": {"uv": [74, 89], "uv_size": [1, 1]},
								"west": {"uv": [88, 31], "uv_size": [2, 1]},
								"up": {"uv": [16, 88], "uv_size": [1, 2]},
								"down": {"uv": [24, 90], "uv_size": [1, -2]}
							}
						},
						{
							"origin": [-1.30994, 18.09622, -4.53739],
							"size": [0.65, 0.3, 1.5],
							"pivot": [-0.98494, 18.24622, -3.78739],
							"rotation": [60, 0, 0],
							"uv": {
								"north": {"uv": [89, 74], "uv_size": [1, 1]},
								"east": {"uv": [75, 89], "uv_size": [1, 1]},
								"south": {"uv": [89, 75], "uv_size": [1, 1]},
								"west": {"uv": [76, 89], "uv_size": [1, 1]},
								"up": {"uv": [77, 89], "uv_size": [1, 1]},
								"down": {"uv": [89, 79], "uv_size": [1, -1]}
							}
						},
						{
							"origin": [0.6135, 21.48553, -14.64458],
							"size": [0.291, 2.328, 9.409],
							"uv": {
								"north": {"uv": [80, 88], "uv_size": [1, 2]},
								"east": {"uv": [66, 20], "uv_size": [9, 2]},
								"south": {"uv": [88, 84], "uv_size": [1, 2]},
								"west": {"uv": [66, 62], "uv_size": [9, 2]},
								"up": {"uv": [0, 76], "uv_size": [1, 9]},
								"down": {"uv": [1, 85], "uv_size": [1, -9]}
							}
						},
						{
							"origin": [0.9045, 21.68553, -14.64458],
							"size": [0.291, 4.038, 2.231],
							"uv": {
								"north": {"uv": [84, 20], "uv_size": [1, 4]},
								"east": {"uv": [72, 78], "uv_size": [2, 4]},
								"south": {"uv": [84, 24], "uv_size": [1, 4]},
								"west": {"uv": [78, 74], "uv_size": [2, 4]},
								"up": {"uv": [88, 86], "uv_size": [1, 2]},
								"down": {"uv": [87, 90], "uv_size": [1, -2]}
							}
						},
						{
							"origin": [0.8075, 25.21728, -15.17808],
							"size": [1.746, 2.46475, 3.104],
							"uv": {
								"north": {"uv": [84, 34], "uv_size": [2, 2]},
								"east": {"uv": [82, 38], "uv_size": [3, 2]},
								"south": {"uv": [38, 84], "uv_size": [2, 2]},
								"west": {"uv": [46, 82], "uv_size": [3, 2]},
								"up": {"uv": [50, 82], "uv_size": [2, 3]},
								"down": {"uv": [58, 85], "uv_size": [2, -3]}
							}
						},
						{
							"origin": [-0.1625, 27.68203, -15.17808],
							"size": [0.485, 2.49775, 3.104],
							"pivot": [1.05, 29.4644, -13.62608],
							"rotation": [0, 0, -30],
							"uv": {
								"north": {"uv": [10, 89], "uv_size": [1, 2]},
								"east": {"uv": [83, 10], "uv_size": [3, 2]},
								"south": {"uv": [89, 10], "uv_size": [1, 2]},
								"west": {"uv": [83, 16], "uv_size": [3, 2]},
								"up": {"uv": [38, 86], "uv_size": [1, 3]},
								"down": {"uv": [39, 89], "uv_size": [1, -3]}
							}
						},
						{
							"origin": [-0.1625, 28.16703, -12.07408],
							"size": [0.485, 2.01275, 5.238],
							"pivot": [1.05, 29.4644, -13.62608],
							"rotation": [0, 0, -30],
							"uv": {
								"north": {"uv": [11, 89], "uv_size": [1, 2]},
								"east": {"uv": [74, 68], "uv_size": [5, 2]},
								"south": {"uv": [89, 12], "uv_size": [1, 2]},
								"west": {"uv": [75, 20], "uv_size": [5, 2]},
								"up": {"uv": [53, 83], "uv_size": [1, 5]},
								"down": {"uv": [83, 65], "uv_size": [1, -5]}
							}
						},
						{
							"origin": [0.3225, 27.58503, -14.88708],
							"size": [0.291, 2.59475, 0.194],
							"pivot": [1.05, 29.4644, -13.62608],
							"rotation": [0, 0, -30],
							"uv": {
								"north": {"uv": [40, 86], "uv_size": [1, 3]},
								"east": {"uv": [41, 86], "uv_size": [1, 3]},
								"south": {"uv": [42, 86], "uv_size": [1, 3]},
								"west": {"uv": [43, 86], "uv_size": [1, 3]},
								"up": {"uv": [37, 90], "uv_size": [1, 1]},
								"down": {"uv": [90, 38], "uv_size": [1, -1]}
							}
						},
						{
							"origin": [0.3225, 27.58503, -12.65608],
							"size": [0.291, 2.59475, 0.194],
							"pivot": [1.05, 29.4644, -13.62608],
							"rotation": [0, 0, -30],
							"uv": {
								"north": {"uv": [86, 43], "uv_size": [1, 3]},
								"east": {"uv": [44, 86], "uv_size": [1, 3]},
								"south": {"uv": [45, 86], "uv_size": [1, 3]},
								"west": {"uv": [46, 86], "uv_size": [1, 3]},
								"up": {"uv": [38, 90], "uv_size": [1, 1]},
								"down": {"uv": [90, 39], "uv_size": [1, -1]}
							}
						},
						{
							"origin": [-0.1625, 27.39103, -6.83608],
							"size": [0.485, 2.78875, 3.104],
							"pivot": [1.05, 29.4644, -13.62608],
							"rotation": [0, 0, -30],
							"uv": {
								"north": {"uv": [66, 86], "uv_size": [1, 3]},
								"east": {"uv": [77, 40], "uv_size": [3, 3]},
								"south": {"uv": [67, 86], "uv_size": [1, 3]},
								"west": {"uv": [77, 43], "uv_size": [3, 3]},
								"up": {"uv": [68, 86], "uv_size": [1, 3]},
								"down": {"uv": [69, 89], "uv_size": [1, -3]}
							}
						},
						{
							"origin": [-2.54848, 28.7315, -10.71608],
							"size": [3.783, 3.783, 7.275],
							"pivot": [-0.85098, 30.817, -5.28408],
							"rotation": [0, 0, -62.5],
							"uv": {
								"north": {"uv": [68, 68], "uv_size": [4, 4]},
								"east": {"uv": [3, 59], "uv_size": [7, 4]},
								"south": {"uv": [69, 12], "uv_size": [4, 4]},
								"west": {"uv": [10, 59], "uv_size": [7, 4]},
								"up": {"uv": [27, 58], "uv_size": [4, 7]},
								"down": {"uv": [59, 23], "uv_size": [4, -7]}
							}
						},
						{
							"origin": [-1.55329, 32.64352, -9.45508],
							"size": [2.231, 1.843, 1.843],
							"pivot": [-0.68029, 32.98302, -9.11558],
							"rotation": [-45, 0, -92.5],
							"uv": {
								"north": {"uv": [85, 66], "uv_size": [2, 2]},
								"east": {"uv": [85, 70], "uv_size": [2, 2]},
								"south": {"uv": [85, 72], "uv_size": [2, 2]},
								"west": {"uv": [76, 85], "uv_size": [2, 2]},
								"up": {"uv": [85, 76], "uv_size": [2, 2]},
								"down": {"uv": [85, 80], "uv_size": [2, -2]}
							}
						},
						{
							"origin": [0.67771, 32.54652, -9.55208],
							"size": [0.194, 2.037, 2.037],
							"pivot": [-0.68029, 32.98302, -9.11558],
							"rotation": [-45, 0, -92.5],
							"uv": {
								"north": {"uv": [20, 89], "uv_size": [1, 2]},
								"east": {"uv": [85, 80], "uv_size": [2, 2]},
								"south": {"uv": [89, 20], "uv_size": [1, 2]},
								"west": {"uv": [81, 85], "uv_size": [2, 2]},
								"up": {"uv": [21, 89], "uv_size": [1, 2]},
								"down": {"uv": [22, 91], "uv_size": [1, -2]}
							}
						},
						{
							"origin": [-1.60048, 29.6795, -3.44108],
							"size": [1.887, 1.887, 4.268],
							"pivot": [-0.85098, 30.817, -5.28408],
							"rotation": [0, 0, -62.5],
							"uv": {
								"north": {"uv": [68, 84], "uv_size": [2, 2]},
								"east": {"uv": [79, 16], "uv_size": [4, 2]},
								"south": {"uv": [84, 68], "uv_size": [2, 2]},
								"west": {"uv": [79, 31], "uv_size": [4, 2]},
								"up": {"uv": [15, 79], "uv_size": [2, 4]},
								"down": {"uv": [34, 83], "uv_size": [2, -4]}
							}
						},
						{
							"origin": [-0.39868, 29.881, 0.77114],
							"size": [1.552, 2.037, 4.34075],
							"pivot": [-0.58932, 30.8995, 5.2382],
							"rotation": [0, 9.75, -90],
							"uv": {
								"north": {"uv": [84, 74], "uv_size": [2, 2]},
								"east": {"uv": [40, 79], "uv_size": [4, 2]},
								"south": {"uv": [83, 84], "uv_size": [2, 2]},
								"west": {"uv": [79, 54], "uv_size": [4, 2]},
								"up": {"uv": [44, 79], "uv_size": [2, 4]},
								"down": {"uv": [52, 83], "uv_size": [2, -4]}
							}
						},
						{
							"origin": [-2.34016, 29.881, 0.96612],
							"size": [1.552, 2.037, 4.14675],
							"pivot": [-0.58932, 30.8995, 5.2382],
							"rotation": [0, -9.75, -90],
							"uv": {
								"north": {"uv": [0, 85], "uv_size": [2, 2]},
								"east": {"uv": [66, 79], "uv_size": [4, 2]},
								"south": {"uv": [85, 0], "uv_size": [2, 2]},
								"west": {"uv": [79, 68], "uv_size": [4, 2]},
								"up": {"uv": [70, 79], "uv_size": [2, 4]},
								"down": {"uv": [74, 83], "uv_size": [2, -4]}
							}
						},
						{
							"origin": [-2.32801, 29.89333, 0.96403],
							"size": [1.552, 2.037, 4.14675],
							"pivot": [-0.58932, 30.8995, 5.2382],
							"rotation": [0, -9.75, -180],
							"uv": {
								"north": {"uv": [17, 85], "uv_size": [2, 2]},
								"east": {"uv": [80, 19], "uv_size": [4, 2]},
								"south": {"uv": [85, 20], "uv_size": [2, 2]},
								"west": {"uv": [80, 21], "uv_size": [4, 2]},
								"up": {"uv": [30, 80], "uv_size": [2, 4]},
								"down": {"uv": [32, 84], "uv_size": [2, -4]}
							}
						},
						{
							"origin": [-2.29935, 29.16524, 1.16774],
							"size": [0.679, 0.70325, 4.2195],
							"pivot": [-0.58932, 30.8995, 5.2382],
							"rotation": [-9.75, -9.75, -178.75],
							"uv": {
								"north": {"uv": [41, 90], "uv_size": [1, 1]},
								"east": {"uv": [84, 64], "uv_size": [4, 1]},
								"south": {"uv": [90, 41], "uv_size": [1, 1]},
								"west": {"uv": [85, 22], "uv_size": [4, 1]},
								"up": {"uv": [9, 85], "uv_size": [1, 4]},
								"down": {"uv": [85, 27], "uv_size": [1, -4]}
							}
						},
						{
							"origin": [0.44875, 29.17292, 1.16765],
							"size": [0.679, 0.70325, 4.2195],
							"pivot": [-0.58932, 30.8995, 5.2382],
							"rotation": [-9.75, 9.75, 179],
							"uv": {
								"north": {"uv": [42, 90], "uv_size": [1, 1]},
								"east": {"uv": [85, 27], "uv_size": [4, 1]},
								"south": {"uv": [90, 42], "uv_size": [1, 1]},
								"west": {"uv": [85, 29], "uv_size": [4, 1]},
								"up": {"uv": [36, 85], "uv_size": [1, 4]},
								"down": {"uv": [50, 89], "uv_size": [1, -4]}
							}
						},
						{
							"origin": [-2.3064, 31.92283, 1.16765],
							"size": [0.679, 0.70325, 4.2195],
							"pivot": [-0.58932, 30.8995, 5.2382],
							"rotation": [9.75, -9.75, 179],
							"uv": {
								"north": {"uv": [44, 90], "uv_size": [1, 1]},
								"east": {"uv": [85, 38], "uv_size": [4, 1]},
								"south": {"uv": [90, 44], "uv_size": [1, 1]},
								"west": {"uv": [85, 39], "uv_size": [4, 1]},
								"up": {"uv": [58, 85], "uv_size": [1, 4]},
								"down": {"uv": [59, 89], "uv_size": [1, -4]}
							}
						},
						{
							"origin": [0.45663, 31.93051, 1.16774],
							"size": [0.679, 0.70325, 4.2195],
							"pivot": [-0.58932, 30.8995, 5.2382],
							"rotation": [9.75, 9.75, -178.75],
							"uv": {
								"north": {"uv": [43, 90], "uv_size": [1, 1]},
								"east": {"uv": [85, 30], "uv_size": [4, 1]},
								"south": {"uv": [90, 43], "uv_size": [1, 1]},
								"west": {"uv": [85, 37], "uv_size": [4, 1]},
								"up": {"uv": [51, 85], "uv_size": [1, 4]},
								"down": {"uv": [57, 89], "uv_size": [1, -4]}
							}
						},
						{
							"origin": [-0.38652, 29.89333, 0.77323],
							"size": [1.552, 2.037, 4.34075],
							"pivot": [-0.58932, 30.8995, 5.2382],
							"rotation": [0, 9.75, -180],
							"uv": {
								"north": {"uv": [5, 85], "uv_size": [2, 2]},
								"east": {"uv": [80, 2], "uv_size": [4, 2]},
								"south": {"uv": [7, 85], "uv_size": [2, 2]},
								"west": {"uv": [10, 80], "uv_size": [4, 2]},
								"up": {"uv": [76, 79], "uv_size": [2, 4]},
								"down": {"uv": [19, 84], "uv_size": [2, -4]}
							}
						},
						{
							"origin": [-2.28682, 29.202, 4.80392],
							"size": [3.395, 3.395, 1.261],
							"pivot": [-0.58932, 30.8995, 5.2382],
							"rotation": [0, 0, -90],
							"uv": {
								"north": {"uv": [77, 65], "uv_size": [3, 3]},
								"east": {"uv": [2, 87], "uv_size": [1, 3]},
								"south": {"uv": [22, 78], "uv_size": [3, 3]},
								"west": {"uv": [3, 87], "uv_size": [1, 3]},
								"up": {"uv": [86, 46], "uv_size": [3, 1]},
								"down": {"uv": [86, 54], "uv_size": [3, -1]}
							}
						},
						{
							"origin": [0.72018, 29.105, 6.06492],
							"size": [0.485, 3.589, 3.201],
							"pivot": [-0.58932, 30.8995, 5.2382],
							"rotation": [0, 0, -90],
							"uv": {
								"north": {"uv": [84, 70], "uv_size": [1, 4]},
								"east": {"uv": [23, 74], "uv_size": [3, 4]},
								"south": {"uv": [78, 84], "uv_size": [1, 4]},
								"west": {"uv": [74, 64], "uv_size": [3, 4]},
								"up": {"uv": [4, 87], "uv_size": [1, 3]},
								"down": {"uv": [5, 90], "uv_size": [1, -3]}
							}
						},
						{
							"origin": [-2.38382, 29.105, 6.06492],
							"size": [0.485, 3.589, 3.201],
							"pivot": [-0.58932, 30.8995, 5.2382],
							"rotation": [0, 0, -90],
							"uv": {
								"north": {"uv": [79, 84], "uv_size": [1, 4]},
								"east": {"uv": [72, 74], "uv_size": [3, 4]},
								"south": {"uv": [80, 84], "uv_size": [1, 4]},
								"west": {"uv": [2, 75], "uv_size": [3, 4]},
								"up": {"uv": [6, 87], "uv_size": [1, 3]},
								"down": {"uv": [7, 90], "uv_size": [1, -3]}
							}
						},
						{
							"origin": [-1.89882, 29.105, 6.06492],
							"size": [2.619, 0.485, 3.201],
							"pivot": [-0.58932, 30.8995, 5.2382],
							"rotation": [0, 0, -90],
							"uv": {
								"north": {"uv": [86, 62], "uv_size": [3, 1]},
								"east": {"uv": [86, 63], "uv_size": [3, 1]},
								"south": {"uv": [86, 68], "uv_size": [3, 1]},
								"west": {"uv": [86, 69], "uv_size": [3, 1]},
								"up": {"uv": [78, 23], "uv_size": [3, 3]},
								"down": {"uv": [78, 29], "uv_size": [3, -3]}
							}
						},
						{
							"origin": [-1.89882, 32.209, 6.06492],
							"size": [2.619, 0.485, 3.201],
							"pivot": [-0.58932, 30.8995, 5.2382],
							"rotation": [0, 0, -90],
							"uv": {
								"north": {"uv": [86, 74], "uv_size": [3, 1]},
								"east": {"uv": [86, 75], "uv_size": [3, 1]},
								"south": {"uv": [87, 0], "uv_size": [3, 1]},
								"west": {"uv": [87, 1], "uv_size": [3, 1]},
								"up": {"uv": [78, 34], "uv_size": [3, 3]},
								"down": {"uv": [37, 81], "uv_size": [3, -3]}
							}
						},
						{
							"origin": [-2.06348, 29.2165, -17.99108],
							"size": [2.813, 2.813, 7.275],
							"pivot": [-0.85098, 30.817, -5.28408],
							"rotation": [0, 0, -62.5],
							"uv": {
								"north": {"uv": [77, 46], "uv_size": [3, 3]},
								"east": {"uv": [64, 0], "uv_size": [7, 3]},
								"south": {"uv": [54, 77], "uv_size": [3, 3]},
								"west": {"uv": [64, 3], "uv_size": [7, 3]},
								"up": {"uv": [47, 64], "uv_size": [3, 7]},
								"down": {"uv": [50, 71], "uv_size": [3, -7]}
							}
						},
						{
							"origin": [0.36152, 29.2165, -22.35608],
							"size": [0.388, 2.813, 3.977],
							"pivot": [-0.85098, 30.817, -5.28408],
							"rotation": [0, 0, -62.5],
							"uv": {
								"north": {"uv": [83, 86], "uv_size": [1, 3]},
								"east": {"uv": [19, 74], "uv_size": [4, 3]},
								"south": {"uv": [84, 86], "uv_size": [1, 3]},
								"west": {"uv": [74, 25], "uv_size": [4, 3]},
								"up": {"uv": [48, 84], "uv_size": [1, 4]},
								"down": {"uv": [63, 88], "uv_size": [1, -4]}
							}
						},
						{
							"origin": [-2.06348, 29.2165, -22.35608],
							"size": [0.388, 2.813, 3.977],
							"pivot": [-0.85098, 30.817, -5.28408],
							"rotation": [0, 0, -62.5],
							"uv": {
								"north": {"uv": [0, 87], "uv_size": [1, 3]},
								"east": {"uv": [74, 28], "uv_size": [4, 3]},
								"south": {"uv": [1, 87], "uv_size": [1, 3]},
								"west": {"uv": [54, 74], "uv_size": [4, 3]},
								"up": {"uv": [64, 84], "uv_size": [1, 4]},
								"down": {"uv": [65, 88], "uv_size": [1, -4]}
							}
						},
						{
							"origin": [-1.67548, 29.6045, -21.67708],
							"size": [2.037, 2.037, 0.388],
							"pivot": [-0.85098, 30.817, -5.28408],
							"rotation": [0, 0, -62.5],
							"uv": {
								"north": {"uv": [84, 62], "uv_size": [2, 2]},
								"east": {"uv": [17, 89], "uv_size": [1, 2]},
								"south": {"uv": [66, 84], "uv_size": [2, 2]},
								"west": {"uv": [89, 17], "uv_size": [1, 2]},
								"up": {"uv": [18, 89], "uv_size": [2, 1]},
								"down": {"uv": [89, 20], "uv_size": [2, -1]}
							}
						},
						{
							"origin": [-1.67548, 31.6415, -22.35608],
							"size": [2.037, 0.388, 3.977],
							"pivot": [-0.85098, 30.817, -5.28408],
							"rotation": [0, 0, -62.5],
							"uv": {
								"north": {"uv": [14, 89], "uv_size": [2, 1]},
								"east": {"uv": [84, 9], "uv_size": [4, 1]},
								"south": {"uv": [89, 14], "uv_size": [2, 1]},
								"west": {"uv": [84, 28], "uv_size": [4, 1]},
								"up": {"uv": [78, 78], "uv_size": [2, 4]},
								"down": {"uv": [2, 83], "uv_size": [2, -4]}
							}
						},
						{
							"origin": [-1.67548, 29.2165, -22.35608],
							"size": [2.037, 0.388, 3.977],
							"pivot": [-0.85098, 30.817, -5.28408],
							"rotation": [0, 0, -62.5],
							"uv": {
								"north": {"uv": [89, 15], "uv_size": [2, 1]},
								"east": {"uv": [84, 47], "uv_size": [4, 1]},
								"south": {"uv": [89, 16], "uv_size": [2, 1]},
								"west": {"uv": [84, 54], "uv_size": [4, 1]},
								"up": {"uv": [79, 5], "uv_size": [2, 4]},
								"down": {"uv": [79, 16], "uv_size": [2, -4]}
							}
						},
						{
							"origin": [-1.96648, 29.3135, -18.37908],
							"size": [2.619, 2.619, 0.388],
							"pivot": [-0.85098, 30.817, -5.28408],
							"rotation": [0, 0, -62.5],
							"uv": {
								"north": {"uv": [77, 56], "uv_size": [3, 3]},
								"east": {"uv": [85, 86], "uv_size": [1, 3]},
								"south": {"uv": [77, 62], "uv_size": [3, 3]},
								"west": {"uv": [86, 86], "uv_size": [1, 3]},
								"up": {"uv": [86, 36], "uv_size": [3, 1]},
								"down": {"uv": [86, 41], "uv_size": [3, -1]}
							}
						},
						{
							"origin": [0.3225, 27.29403, -4.31408],
							"size": [0.291, 2.88575, 0.194],
							"pivot": [1.05, 29.4644, -13.62608],
							"rotation": [0, 0, -30],
							"uv": {
								"north": {"uv": [55, 86], "uv_size": [1, 3]},
								"east": {"uv": [56, 86], "uv_size": [1, 3]},
								"south": {"uv": [86, 56], "uv_size": [1, 3]},
								"west": {"uv": [86, 59], "uv_size": [1, 3]},
								"up": {"uv": [40, 90], "uv_size": [1, 1]},
								"down": {"uv": [90, 41], "uv_size": [1, -1]}
							}
						},
						{
							"origin": [0.3225, 27.29403, -6.54508],
							"size": [0.291, 2.88575, 0.194],
							"pivot": [1.05, 29.4644, -13.62608],
							"rotation": [0, 0, -30],
							"uv": {
								"north": {"uv": [47, 86], "uv_size": [1, 3]},
								"east": {"uv": [49, 86], "uv_size": [1, 3]},
								"south": {"uv": [86, 50], "uv_size": [1, 3]},
								"west": {"uv": [54, 86], "uv_size": [1, 3]},
								"up": {"uv": [39, 90], "uv_size": [1, 1]},
								"down": {"uv": [90, 40], "uv_size": [1, -1]}
							}
						},
						{
							"origin": [0.64785, 21.72957, -14.64458],
							"size": [1.1155, 3.941, 0.291],
							"pivot": [1.27835, 23.10007, -14.49908],
							"rotation": [0, 0, 12.5],
							"uv": {
								"north": {"uv": [26, 84], "uv_size": [1, 4]},
								"east": {"uv": [27, 84], "uv_size": [1, 4]},
								"south": {"uv": [28, 84], "uv_size": [1, 4]},
								"west": {"uv": [30, 84], "uv_size": [1, 4]},
								"up": {"uv": [33, 90], "uv_size": [1, 1]},
								"down": {"uv": [90, 34], "uv_size": [1, -1]}
							}
						},
						{
							"origin": [0.64785, 21.72957, -12.68033],
							"size": [1.1155, 3.941, 0.291],
							"pivot": [1.27835, 23.10007, -14.49908],
							"rotation": [0, 0, 12.5],
							"uv": {
								"north": {"uv": [31, 84], "uv_size": [1, 4]},
								"east": {"uv": [32, 84], "uv_size": [1, 4]},
								"south": {"uv": [33, 84], "uv_size": [1, 4]},
								"west": {"uv": [37, 84], "uv_size": [1, 4]},
								"up": {"uv": [34, 90], "uv_size": [1, 1]},
								"down": {"uv": [90, 35], "uv_size": [1, -1]}
							}
						},
						{
							"origin": [0.64785, 22.10857, -4.92033],
							"size": [1.1155, 5.502, 0.291],
							"pivot": [1.27835, 23.77907, -6.73908],
							"rotation": [0, 0, 12.5],
							"uv": {
								"north": {"uv": [61, 82], "uv_size": [1, 6]},
								"east": {"uv": [72, 82], "uv_size": [1, 6]},
								"south": {"uv": [73, 82], "uv_size": [1, 6]},
								"west": {"uv": [82, 74], "uv_size": [1, 6]},
								"up": {"uv": [36, 90], "uv_size": [1, 1]},
								"down": {"uv": [90, 37], "uv_size": [1, -1]}
							}
						},
						{
							"origin": [1.13757, 25.8381, -6.86033],
							"size": [2.134, 2.134, 2.231],
							"pivot": [2.20457, 26.9051, -4.77483],
							"rotation": [0, 0, 35],
							"uv": {
								"north": {"uv": [40, 84], "uv_size": [2, 2]},
								"east": {"uv": [42, 84], "uv_size": [2, 2]},
								"south": {"uv": [84, 43], "uv_size": [2, 2]},
								"west": {"uv": [44, 84], "uv_size": [2, 2]},
								"up": {"uv": [84, 45], "uv_size": [2, 2]},
								"down": {"uv": [46, 86], "uv_size": [2, -2]}
							}
						},
						{
							"origin": [1.13757, 25.8381, -4.24133],
							"size": [2.134, 2.134, 2.619],
							"pivot": [2.20457, 26.9051, -4.77483],
							"rotation": [0, 0, 35],
							"uv": {
								"north": {"uv": [84, 50], "uv_size": [2, 2]},
								"east": {"uv": [82, 66], "uv_size": [3, 2]},
								"south": {"uv": [84, 52], "uv_size": [2, 2]},
								"west": {"uv": [78, 82], "uv_size": [3, 2]},
								"up": {"uv": [81, 82], "uv_size": [2, 3]},
								"down": {"uv": [2, 86], "uv_size": [2, -3]}
							}
						},
						{
							"origin": [1.23457, 25.9351, -4.62933],
							"size": [1.94, 1.94, 0.388],
							"pivot": [2.20457, 26.9051, -4.77483],
							"rotation": [0, 0, 35],
							"uv": {
								"north": {"uv": [84, 58], "uv_size": [2, 2]},
								"east": {"uv": [89, 4], "uv_size": [1, 2]},
								"south": {"uv": [84, 60], "uv_size": [2, 2]},
								"west": {"uv": [89, 6], "uv_size": [1, 2]},
								"up": {"uv": [8, 89], "uv_size": [2, 1]},
								"down": {"uv": [89, 9], "uv_size": [2, -1]}
							}
						},
						{
							"origin": [0.9045, 22.16453, -6.88458],
							"size": [0.291, 5.499, 2.231],
							"uv": {
								"north": {"uv": [83, 50], "uv_size": [1, 5]},
								"east": {"uv": [75, 42], "uv_size": [2, 5]},
								"south": {"uv": [52, 83], "uv_size": [1, 5]},
								"west": {"uv": [75, 56], "uv_size": [2, 5]},
								"up": {"uv": [88, 88], "uv_size": [1, 2]},
								"down": {"uv": [89, 4], "uv_size": [1, -2]}
							}
						},
						{
							"origin": [0.64785, 22.10857, -6.88458],
							"size": [1.1155, 5.502, 0.291],
							"pivot": [1.27835, 23.77907, -6.73908],
							"rotation": [0, 0, 12.5],
							"uv": {
								"north": {"uv": [29, 81], "uv_size": [1, 6]},
								"east": {"uv": [13, 82], "uv_size": [1, 6]},
								"south": {"uv": [60, 82], "uv_size": [1, 6]},
								"west": {"uv": [82, 60], "uv_size": [1, 6]},
								"up": {"uv": [35, 90], "uv_size": [1, 1]},
								"down": {"uv": [90, 36], "uv_size": [1, -1]}
							}
						}
					]
				},
				{
					"name": "magazine",
					"parent": "main",
					"pivot": [-1.08126, 22.54263, -11.86296],
					"cubes": [
						{
							"origin": [-2.30994, 15.93623, -15.96296],
							"size": [2.45, 6.675, 6.6],
							"pivot": [-1.08494, 16.77373, -13.06296],
							"rotation": [-10, 0, 0],
							"uv": {
								"north": {"uv": [63, 70], "uv_size": [2, 7]},
								"east": {"uv": [3, 48], "uv_size": [7, 7]},
								"south": {"uv": [17, 71], "uv_size": [2, 7]},
								"west": {"uv": [10, 48], "uv_size": [7, 7]},
								"up": {"uv": [27, 71], "uv_size": [2, 7]},
								"down": {"uv": [38, 78], "uv_size": [2, -7]}
							}
						},
						{
							"origin": [-2.50994, 11.505, -17.44831],
							"size": [2.85, 1.275, 7.3],
							"pivot": [-1.08494, 12.1425, -14.09831],
							"rotation": [-12.5, 0, 0],
							"uv": {
								"north": {"uv": [86, 2], "uv_size": [3, 1]},
								"east": {"uv": [78, 37], "uv_size": [7, 1]},
								"south": {"uv": [86, 3], "uv_size": [3, 1]},
								"west": {"uv": [79, 33], "uv_size": [7, 1]},
								"up": {"uv": [12, 63], "uv_size": [3, 7]},
								"down": {"uv": [63, 23], "uv_size": [3, -7]}
							}
						},
						{
							"origin": [-2.30994, 12.38926, -16.48409],
							"size": [2.45, 3.675, 6.6],
							"pivot": [-1.08494, 14.22676, -13.18409],
							"rotation": [-12.5, 0, 0],
							"uv": {
								"north": {"uv": [63, 77], "uv_size": [2, 4]},
								"east": {"uv": [3, 55], "uv_size": [7, 4]},
								"south": {"uv": [17, 78], "uv_size": [2, 4]},
								"west": {"uv": [10, 55], "uv_size": [7, 4]},
								"up": {"uv": [46, 71], "uv_size": [2, 7]},
								"down": {"uv": [48, 78], "uv_size": [2, -7]}
							}
						}
					]
				},
				{
					"name": "bullet",
					"parent": "magazine",
					"pivot": [-1.08126, 22.54263, -11.86296],
					"cubes": [
						{
							"origin": [-1.68126, 21.84263, -13.16296],
							"size": [1, 1, 4.3],
							"inflate": 0.2,
							"pivot": [-1.08126, 22.54263, -11.86296],
							"rotation": [-12.54624, 4.88119, 19.91518],
							"uv": {
								"north": {"uv": [40, 71], "uv_size": [1, 1]},
								"east": {"uv": [56, 34], "uv_size": [4, 1]},
								"south": {"uv": [74, 56], "uv_size": [1, 1]},
								"west": {"uv": [76, 19], "uv_size": [4, 1]},
								"up": {"uv": [83, 68], "uv_size": [1, 4]},
								"down": {"uv": [70, 87], "uv_size": [1, -4]}
							}
						}
					]
				},
				{
					"name": "magazine2",
					"parent": "main",
					"pivot": [-1.10626, 22.54263, -11.88796],
					"cubes": [
						{
							"origin": [-2.33494, 15.93623, -15.98796],
							"size": [2.45, 6.675, 6.6],
							"pivot": [-1.10994, 16.77373, -13.08796],
							"rotation": [-10, 0, 0],
							"uv": {
								"north": {"uv": [63, 70], "uv_size": [2, 7]},
								"east": {"uv": [3, 48], "uv_size": [7, 7]},
								"south": {"uv": [17, 71], "uv_size": [2, 7]},
								"west": {"uv": [10, 48], "uv_size": [7, 7]},
								"up": {"uv": [27, 71], "uv_size": [2, 7]},
								"down": {"uv": [38, 78], "uv_size": [2, -7]}
							}
						},
						{
							"origin": [-2.53494, 11.505, -17.47331],
							"size": [2.85, 1.275, 7.3],
							"pivot": [-1.10994, 12.1425, -14.12331],
							"rotation": [-12.5, 0, 0],
							"uv": {
								"north": {"uv": [86, 2], "uv_size": [3, 1]},
								"east": {"uv": [78, 37], "uv_size": [7, 1]},
								"south": {"uv": [86, 3], "uv_size": [3, 1]},
								"west": {"uv": [79, 33], "uv_size": [7, 1]},
								"up": {"uv": [12, 63], "uv_size": [3, 7]},
								"down": {"uv": [63, 23], "uv_size": [3, -7]}
							}
						},
						{
							"origin": [-2.33494, 12.38926, -16.50909],
							"size": [2.45, 3.675, 6.6],
							"pivot": [-1.10994, 14.22676, -13.20909],
							"rotation": [-12.5, 0, 0],
							"uv": {
								"north": {"uv": [63, 77], "uv_size": [2, 4]},
								"east": {"uv": [3, 55], "uv_size": [7, 4]},
								"south": {"uv": [17, 78], "uv_size": [2, 4]},
								"west": {"uv": [10, 55], "uv_size": [7, 4]},
								"up": {"uv": [46, 71], "uv_size": [2, 7]},
								"down": {"uv": [48, 78], "uv_size": [2, -7]}
							}
						}
					]
				},
				{
					"name": "bullet2",
					"parent": "magazine2",
					"pivot": [-1.10626, 22.54263, -11.88796],
					"cubes": [
						{
							"origin": [-1.70626, 21.84263, -13.18796],
							"size": [1, 1, 4.3],
							"inflate": 0.2,
							"pivot": [-1.10626, 22.54263, -11.88796],
							"rotation": [-12.54624, 4.88119, 19.91518],
							"uv": {
								"north": {"uv": [40, 71], "uv_size": [1, 1]},
								"east": {"uv": [56, 34], "uv_size": [4, 1]},
								"south": {"uv": [74, 56], "uv_size": [1, 1]},
								"west": {"uv": [76, 19], "uv_size": [4, 1]},
								"up": {"uv": [83, 68], "uv_size": [1, 4]},
								"down": {"uv": [70, 87], "uv_size": [1, -4]}
							}
						}
					]
				},
				{
					"name": "belt",
					"parent": "main",
					"pivot": [-1.43494, 24.01123, -11.28796],
					"cubes": [
						{
							"origin": [-2.20994, 22.61123, -15.38796],
							"size": [1.75, 2.5, 8.3],
							"pivot": [-1.43494, 24.01123, -11.28796],
							"rotation": [0, 0, 5],
							"uv": {
								"north": {"uv": [80, 74], "uv_size": [2, 3]},
								"east": {"uv": [60, 50], "uv_size": [8, 3]},
								"south": {"uv": [80, 77], "uv_size": [2, 3]},
								"west": {"uv": [60, 53], "uv_size": [8, 3]},
								"up": {"uv": [30, 67], "uv_size": [2, 8]},
								"down": {"uv": [0, 76], "uv_size": [2, -8]}
							}
						},
						{
							"origin": [-3.30994, 22.91123, -14.18796],
							"size": [2.15, 0.7, 1.9],
							"pivot": [-2.68494, 23.26123, -13.73796],
							"rotation": [0, 47.5, 0],
							"uv": {
								"north": {"uv": [34, 88], "uv_size": [2, 1]},
								"east": {"uv": [88, 41], "uv_size": [2, 1]},
								"south": {"uv": [88, 42], "uv_size": [2, 1]},
								"west": {"uv": [88, 44], "uv_size": [2, 1]},
								"up": {"uv": [84, 7], "uv_size": [2, 2]},
								"down": {"uv": [10, 86], "uv_size": [2, -2]}
							}
						},
						{
							"origin": [-4.80994, 22.91123, -13.78796],
							"size": [2.15, 0.9, 0.5],
							"pivot": [-3.73494, 23.36123, -13.53796],
							"rotation": [0, -10, 0],
							"uv": {
								"north": {"uv": [88, 45], "uv_size": [2, 1]},
								"east": {"uv": [90, 5], "uv_size": [1, 1]},
								"south": {"uv": [88, 47], "uv_size": [2, 1]},
								"west": {"uv": [6, 90], "uv_size": [1, 1]},
								"up": {"uv": [88, 48], "uv_size": [2, 1]},
								"down": {"uv": [88, 50], "uv_size": [2, -1]}
							}
						},
						{
							"origin": [-2.20994, 22.71123, -7.08796],
							"size": [1.55, 1.2, 5.4],
							"pivot": [-1.43494, 24.01123, -11.28796],
							"rotation": [0, 0, 5],
							"uv": {
								"north": {"uv": [32, 88], "uv_size": [2, 1]},
								"east": {"uv": [83, 41], "uv_size": [5, 1]},
								"south": {"uv": [88, 32], "uv_size": [2, 1]},
								"west": {"uv": [83, 42], "uv_size": [5, 1]},
								"up": {"uv": [10, 75], "uv_size": [2, 5]},
								"down": {"uv": [12, 80], "uv_size": [2, -5]}
							}
						}
					]
				},
				{
					"name": "rightarm",
					"parent": "main",
					"pivot": [-5.28494, 10.51123, 18.71204],
					"rotation": [-101.81106, -12.40003, -2.46982],
					"cubes": [
						{
							"origin": [-9.28494, -13.48877, 14.71204],
							"size": [8, 24, 8],
							"uv": {
								"north": {"uv": [0, 0], "uv_size": [8, 24]},
								"east": {"uv": [8, 0], "uv_size": [8, 24]},
								"south": {"uv": [16, 0], "uv_size": [8, 24]},
								"west": {"uv": [0, 24], "uv_size": [8, 24]},
								"up": {"uv": [41, 40], "uv_size": [8, 8]},
								"down": {"uv": [44, 20], "uv_size": [8, -8]}
							}
						}
					]
				},
				{
					"name": "leftarm",
					"parent": "main",
					"pivot": [9.71506, 10.01123, -2.68796],
					"rotation": [-119.61483, 1.67666, -38.31282],
					"cubes": [
						{
							"origin": [5.71506, -13.98877, -6.68796],
							"size": [8, 24, 8],
							"uv": {
								"north": {"uv": [24, 0], "uv_size": [8, 24]},
								"east": {"uv": [8, 24], "uv_size": [8, 24]},
								"south": {"uv": [16, 24], "uv_size": [8, 24]},
								"west": {"uv": [24, 24], "uv_size": [8, 24]},
								"up": {"uv": [44, 20], "uv_size": [8, 8]},
								"down": {"uv": [44, 36], "uv_size": [8, -8]}
							}
						}
					]
				},
				{
					"name": "scope",
					"parent": "main",
					"pivot": [-0.58494, 28.86123, 15.86204],
					"cubes": [
						{
							"origin": [-1.08494, 28.36123, 15.36204],
							"size": [1, 1, 1],
							"inflate": -0.4,
							"uv": {
								"north": {"uv": [34, 75], "uv_size": [1, 1]},
								"east": {"uv": [22, 77], "uv_size": [1, 1]},
								"south": {"uv": [77, 49], "uv_size": [1, 1]},
								"west": {"uv": [74, 78], "uv_size": [1, 1]},
								"up": {"uv": [79, 22], "uv_size": [1, 1]},
								"down": {"uv": [80, 59], "uv_size": [1, -1]}
							}
						}
					]
				},
				{
					"name": "muzzleflash",
					"parent": "main",
					"pivot": [-0.98494, 23.36123, -62.13796],
					"cubes": [
						{
							"origin": [-1.48494, 22.86123, -62.63796],
							"size": [1, 1, 1],
							"inflate": -0.4,
							"uv": {
								"north": {"uv": [34, 75], "uv_size": [1, 1]},
								"east": {"uv": [22, 77], "uv_size": [1, 1]},
								"south": {"uv": [77, 49], "uv_size": [1, 1]},
								"west": {"uv": [74, 78], "uv_size": [1, 1]},
								"up": {"uv": [79, 22], "uv_size": [1, 1]},
								"down": {"uv": [80, 59], "uv_size": [1, -1]}
							}
						}
					]
				}
			]
		}
	]
}