{
	"format_version": "1.12.0",
	"minecraft:geometry": [
		{
			"description": {
				"identifier": "geometry.unknown",
				"texture_width": 128,
				"texture_height": 128,
				"visible_bounds_width": 8,
				"visible_bounds_height": 4,
				"visible_bounds_offset": [0, 1, 0]
			},
			"bones": [
				{
					"name": "main",
					"pivot": [0, 11, 0]
				},
				{
					"name": "rightarm",
					"parent": "main",
					"pivot": [-4.3, 8.8, 21.8],
					"rotation": [-101.81106, -12.40003, -2.46982],
					"cubes": [
						{
							"origin": [-8.3, -15.2, 17.8],
							"size": [8, 24, 8],
							"uv": {
								"north": {"uv": [0, 0], "uv_size": [8, 24]},
								"east": {"uv": [8, 0], "uv_size": [8, 24]},
								"south": {"uv": [16, 0], "uv_size": [8, 24]},
								"west": {"uv": [0, 24], "uv_size": [8, 24]},
								"up": {"uv": [36, 4], "uv_size": [8, 8]},
								"down": {"uv": [36, 20], "uv_size": [8, -8]}
							}
						}
					]
				},
				{
					"name": "leftarm",
					"parent": "main",
					"pivot": [10.1, 8.4, -9.6],
					"rotation": [-119.61483, 1.67666, -38.31282],
					"cubes": [
						{
							"origin": [6.1, -15.6, -13.6],
							"size": [8, 24, 8],
							"uv": {
								"north": {"uv": [24, 0], "uv_size": [8, 24]},
								"east": {"uv": [8, 24], "uv_size": [8, 24]},
								"south": {"uv": [16, 24], "uv_size": [8, 24]},
								"west": {"uv": [24, 24], "uv_size": [8, 24]},
								"up": {"uv": [36, 20], "uv_size": [8, 8]},
								"down": {"uv": [36, 36], "uv_size": [8, -8]}
							}
						}
					]
				},
				{
					"name": "muzzleflash",
					"parent": "main",
					"pivot": [-0.1, 23.55, -56.05],
					"cubes": [
						{
							"origin": [-0.6, 23.05, -56.55],
							"size": [1, 1, 1],
							"inflate": -0.4,
							"uv": {
								"north": {"uv": [54, 11], "uv_size": [1, 1]},
								"east": {"uv": [18, 54], "uv_size": [1, 1]},
								"south": {"uv": [57, 10], "uv_size": [1, 1]},
								"west": {"uv": [3, 64], "uv_size": [1, 1]},
								"up": {"uv": [7, 64], "uv_size": [1, 1]},
								"down": {"uv": [64, 8], "uv_size": [1, -1]}
							}
						}
					]
				},
				{
					"name": "scope",
					"parent": "main",
					"pivot": [-0.2, 25.25, 1.95],
					"cubes": [
						{
							"origin": [-0.7, 24.75, 1.45],
							"size": [1, 1, 1],
							"inflate": -0.4,
							"uv": {
								"north": {"uv": [8, 64], "uv_size": [1, 1]},
								"east": {"uv": [64, 8], "uv_size": [1, 1]},
								"south": {"uv": [9, 64], "uv_size": [1, 1]},
								"west": {"uv": [64, 9], "uv_size": [1, 1]},
								"up": {"uv": [10, 64], "uv_size": [1, 1]},
								"down": {"uv": [64, 11], "uv_size": [1, -1]}
							}
						}
					]
				},
				{
					"name": "action",
					"parent": "main",
					"pivot": [-1.11305, 23.19135, -9.91607],
					"cubes": [
						{
							"origin": [-1.27925, 21.9093, -14.17015],
							"size": [0.7324, 2.4641, 7.10815],
							"uv": {
								"north": {"uv": [59, 63], "uv_size": [1, 2]},
								"east": {"uv": [49, 22], "uv_size": [7, 2]},
								"south": {"uv": [60, 63], "uv_size": [1, 2]},
								"west": {"uv": [49, 46], "uv_size": [7, 2]},
								"up": {"uv": [55, 52], "uv_size": [1, 7]},
								"down": {"uv": [0, 63], "uv_size": [1, -7]}
							}
						}
					]
				},
				{
					"name": "gun",
					"parent": "main",
					"pivot": [-0.47942, 21.03808, -3.5485],
					"cubes": [
						{
							"origin": [-1.87566, 19.23766, -5.662],
							"size": [3.4965, 4.07925, 6.0606],
							"uv": {
								"north": {"uv": [49, 48], "uv_size": [3, 4]},
								"east": {"uv": [44, 32], "uv_size": [6, 4]},
								"south": {"uv": [50, 32], "uv_size": [3, 4]},
								"west": {"uv": [40, 46], "uv_size": [6, 4]},
								"up": {"uv": [3, 48], "uv_size": [3, 6]},
								"down": {"uv": [6, 54], "uv_size": [3, -6]}
							}
						},
						{
							"origin": [-1.87566, 19.23766, 0.3986],
							"size": [3.4965, 3.2634, 4.4289],
							"uv": {
								"north": {"uv": [5, 54], "uv_size": [3, 3]},
								"east": {"uv": [51, 12], "uv_size": [4, 3]},
								"south": {"uv": [54, 8], "uv_size": [3, 3]},
								"west": {"uv": [15, 51], "uv_size": [4, 3]},
								"up": {"uv": [51, 15], "uv_size": [3, 4]},
								"down": {"uv": [19, 55], "uv_size": [3, -4]}
							}
						},
						{
							"origin": [-1.87566, 19.23766, 4.8275],
							"size": [3.4965, 2.68065, 1.51515],
							"uv": {
								"north": {"uv": [54, 31], "uv_size": [3, 3]},
								"east": {"uv": [53, 56], "uv_size": [2, 3]},
								"south": {"uv": [54, 34], "uv_size": [3, 3]},
								"west": {"uv": [56, 54], "uv_size": [2, 3]},
								"up": {"uv": [5, 57], "uv_size": [3, 2]},
								"down": {"uv": [57, 10], "uv_size": [3, -2]}
							}
						},
						{
							"origin": [-1.87566, 19.23766, 6.34265],
							"size": [3.4965, 1.1655, 2.44755],
							"uv": {
								"north": {"uv": [61, 34], "uv_size": [3, 1]},
								"east": {"uv": [63, 29], "uv_size": [2, 1]},
								"south": {"uv": [35, 61], "uv_size": [3, 1]},
								"west": {"uv": [30, 63], "uv_size": [2, 1]},
								"up": {"uv": [57, 28], "uv_size": [3, 2]},
								"down": {"uv": [57, 33], "uv_size": [3, -2]}
							}
						},
						{
							"origin": [-1.52601, 16.67356, 3.77855],
							"size": [2.7972, 2.5641, 5.01165],
							"uv": {
								"north": {"uv": [54, 37], "uv_size": [3, 3]},
								"east": {"uv": [12, 48], "uv_size": [5, 3]},
								"south": {"uv": [46, 54], "uv_size": [3, 3]},
								"west": {"uv": [17, 48], "uv_size": [5, 3]},
								"up": {"uv": [22, 48], "uv_size": [3, 5]},
								"down": {"uv": [25, 53], "uv_size": [3, -5]}
							}
						},
						{
							"origin": [-0.71016, 15.85771, -1.81585],
							"size": [1.1655, 0.2331, 3.84615],
							"uv": {
								"north": {"uv": [64, 61], "uv_size": [1, 1]},
								"east": {"uv": [59, 52], "uv_size": [4, 1]},
								"south": {"uv": [62, 64], "uv_size": [1, 1]},
								"west": {"uv": [59, 53], "uv_size": [4, 1]},
								"up": {"uv": [54, 59], "uv_size": [1, 4]},
								"down": {"uv": [55, 63], "uv_size": [1, -4]}
							}
						},
						{
							"origin": [-0.71016, 17.08165, -2.29854],
							"size": [1.1655, 0.2331, 1.28205],
							"pivot": [-0.12741, 17.1982, -2.53164],
							"rotation": [-57.5, 0, 0],
							"uv": {
								"north": {"uv": [65, 18], "uv_size": [1, 1]},
								"east": {"uv": [19, 65], "uv_size": [1, 1]},
								"south": {"uv": [65, 19], "uv_size": [1, 1]},
								"west": {"uv": [20, 65], "uv_size": [1, 1]},
								"up": {"uv": [65, 20], "uv_size": [1, 1]},
								"down": {"uv": [21, 66], "uv_size": [1, -1]}
							}
						},
						{
							"origin": [-0.71016, 16.35177, 1.69122],
							"size": [1.1655, 0.2331, 1.3986],
							"pivot": [-0.12741, 16.46832, 2.39052],
							"rotation": [50, 0, 0],
							"uv": {
								"north": {"uv": [64, 62], "uv_size": [1, 1]},
								"east": {"uv": [64, 63], "uv_size": [1, 1]},
								"south": {"uv": [64, 64], "uv_size": [1, 1]},
								"west": {"uv": [3, 65], "uv_size": [1, 1]},
								"up": {"uv": [4, 65], "uv_size": [1, 1]},
								"down": {"uv": [65, 5], "uv_size": [1, -1]}
							}
						},
						{
							"origin": [-0.71016, 16.19529, 3.27991],
							"size": [1.1655, 0.2331, 1.3986],
							"pivot": [-0.12741, 16.31184, 2.58061],
							"rotation": [70, 0, 0],
							"uv": {
								"north": {"uv": [5, 65], "uv_size": [1, 1]},
								"east": {"uv": [65, 5], "uv_size": [1, 1]},
								"south": {"uv": [6, 65], "uv_size": [1, 1]},
								"west": {"uv": [7, 65], "uv_size": [1, 1]},
								"up": {"uv": [65, 7], "uv_size": [1, 1]},
								"down": {"uv": [8, 66], "uv_size": [1, -1]}
							}
						},
						{
							"origin": [-0.71016, 18.83244, 2.77677],
							"size": [1.1655, 0.58275, 1.3986],
							"pivot": [-0.12741, 18.94899, 3.47607],
							"rotation": [75, 0, 0],
							"uv": {
								"north": {"uv": [65, 8], "uv_size": [1, 1]},
								"east": {"uv": [9, 65], "uv_size": [1, 1]},
								"south": {"uv": [65, 9], "uv_size": [1, 1]},
								"west": {"uv": [10, 65], "uv_size": [1, 1]},
								"up": {"uv": [65, 10], "uv_size": [1, 1]},
								"down": {"uv": [11, 66], "uv_size": [1, -1]}
							}
						},
						{
							"origin": [-0.68103, 18.03342, 2.34641],
							"size": [1.10723, 0.29138, 1.68997],
							"pivot": [-0.12741, 18.26652, 2.87088],
							"rotation": [107.5, 0, 0],
							"uv": {
								"north": {"uv": [65, 11], "uv_size": [1, 1]},
								"east": {"uv": [63, 49], "uv_size": [2, 1]},
								"south": {"uv": [12, 65], "uv_size": [1, 1]},
								"west": {"uv": [50, 63], "uv_size": [2, 1]},
								"up": {"uv": [63, 52], "uv_size": [1, 2]},
								"down": {"uv": [54, 65], "uv_size": [1, -2]}
							}
						},
						{
							"origin": [-0.68103, 17.74205, 2.7252],
							"size": [1.10723, 0.29138, 1.31119],
							"pivot": [-0.12741, 18.26652, 2.87088],
							"rotation": [107.5, 0, 0],
							"uv": {
								"north": {"uv": [65, 15], "uv_size": [1, 1]},
								"east": {"uv": [16, 65], "uv_size": [1, 1]},
								"south": {"uv": [65, 16], "uv_size": [1, 1]},
								"west": {"uv": [17, 65], "uv_size": [1, 1]},
								"up": {"uv": [65, 17], "uv_size": [1, 1]},
								"down": {"uv": [18, 66], "uv_size": [1, -1]}
							}
						},
						{
							"origin": [-0.56448, 18.20856, 1.7367],
							"size": [0.87413, 0.2331, 1.1655],
							"pivot": [-0.12741, 18.32511, 1.85325],
							"rotation": [92.5, 0, 0],
							"uv": {
								"north": {"uv": [65, 12], "uv_size": [1, 1]},
								"east": {"uv": [13, 65], "uv_size": [1, 1]},
								"south": {"uv": [65, 13], "uv_size": [1, 1]},
								"west": {"uv": [14, 65], "uv_size": [1, 1]},
								"up": {"uv": [65, 14], "uv_size": [1, 1]},
								"down": {"uv": [15, 66], "uv_size": [1, -1]}
							}
						},
						{
							"origin": [-0.56448, 18.18157, 0.94451],
							"size": [0.87413, 0.2331, 0.9324],
							"pivot": [-0.12741, 18.29812, 1.87691],
							"rotation": [80, 0, 0],
							"uv": {
								"north": {"uv": [65, 33], "uv_size": [1, 1]},
								"east": {"uv": [34, 65], "uv_size": [1, 1]},
								"south": {"uv": [65, 34], "uv_size": [1, 1]},
								"west": {"uv": [35, 65], "uv_size": [1, 1]},
								"up": {"uv": [65, 35], "uv_size": [1, 1]},
								"down": {"uv": [36, 66], "uv_size": [1, -1]}
							}
						},
						{
							"origin": [-0.56448, 18.18114, 0.43336],
							"size": [0.87413, 0.2331, 0.9324],
							"pivot": [-0.12741, 18.29769, 2.53126],
							"rotation": [47.5, 0, 0],
							"uv": {
								"north": {"uv": [65, 36], "uv_size": [1, 1]},
								"east": {"uv": [37, 65], "uv_size": [1, 1]},
								"south": {"uv": [65, 37], "uv_size": [1, 1]},
								"west": {"uv": [65, 38], "uv_size": [1, 1]},
								"up": {"uv": [65, 39], "uv_size": [1, 1]},
								"down": {"uv": [40, 66], "uv_size": [1, -1]}
							}
						},
						{
							"origin": [-0.68103, 18.3248, -3.58883],
							"size": [1.10723, 0.2331, 2.0979],
							"pivot": [-0.12741, 18.26652, -2.42333],
							"rotation": [-107.5, 0, 0],
							"uv": {
								"north": {"uv": [65, 32], "uv_size": [1, 1]},
								"east": {"uv": [56, 63], "uv_size": [2, 1]},
								"south": {"uv": [33, 65], "uv_size": [1, 1]},
								"west": {"uv": [63, 57], "uv_size": [2, 1]},
								"up": {"uv": [58, 63], "uv_size": [1, 2]},
								"down": {"uv": [63, 60], "uv_size": [1, -2]}
							}
						},
						{
							"origin": [-0.68103, 18.03342, -3.58883],
							"size": [1.10723, 0.29138, 1.68997],
							"pivot": [-0.12741, 18.26652, -2.42333],
							"rotation": [-107.5, 0, 0],
							"uv": {
								"north": {"uv": [65, 31], "uv_size": [1, 1]},
								"east": {"uv": [63, 50], "uv_size": [2, 1]},
								"south": {"uv": [32, 65], "uv_size": [1, 1]},
								"west": {"uv": [63, 54], "uv_size": [2, 1]},
								"up": {"uv": [55, 63], "uv_size": [1, 2]},
								"down": {"uv": [63, 57], "uv_size": [1, -2]}
							}
						},
						{
							"origin": [-0.68103, 17.74205, -3.58883],
							"size": [1.10723, 0.29138, 1.31119],
							"pivot": [-0.12741, 18.26652, -2.42333],
							"rotation": [-107.5, 0, 0],
							"uv": {
								"north": {"uv": [65, 28], "uv_size": [1, 1]},
								"east": {"uv": [29, 65], "uv_size": [1, 1]},
								"south": {"uv": [65, 29], "uv_size": [1, 1]},
								"west": {"uv": [30, 65], "uv_size": [1, 1]},
								"up": {"uv": [65, 30], "uv_size": [1, 1]},
								"down": {"uv": [31, 66], "uv_size": [1, -1]}
							}
						},
						{
							"origin": [-0.71016, 18.83244, -3.72782],
							"size": [1.1655, 0.58275, 1.3986],
							"pivot": [-0.12741, 18.94899, -3.02852],
							"rotation": [-75, 0, 0],
							"uv": {
								"north": {"uv": [25, 65], "uv_size": [1, 1]},
								"east": {"uv": [26, 65], "uv_size": [1, 1]},
								"south": {"uv": [65, 26], "uv_size": [1, 1]},
								"west": {"uv": [27, 65], "uv_size": [1, 1]},
								"up": {"uv": [65, 27], "uv_size": [1, 1]},
								"down": {"uv": [28, 66], "uv_size": [1, -1]}
							}
						},
						{
							"origin": [-0.71016, 16.19529, -4.23096],
							"size": [1.1655, 0.2331, 1.3986],
							"pivot": [-0.12741, 16.31184, -2.13306],
							"rotation": [-70, 0, 0],
							"uv": {
								"north": {"uv": [65, 21], "uv_size": [1, 1]},
								"east": {"uv": [22, 65], "uv_size": [1, 1]},
								"south": {"uv": [65, 22], "uv_size": [1, 1]},
								"west": {"uv": [23, 65], "uv_size": [1, 1]},
								"up": {"uv": [65, 23], "uv_size": [1, 1]},
								"down": {"uv": [24, 66], "uv_size": [1, -1]}
							}
						},
						{
							"origin": [-1.52601, 9.04185, 7.79593],
							"size": [2.7972, 1.74825, 3.7296],
							"uv": {
								"north": {"uv": [57, 33], "uv_size": [3, 2]},
								"east": {"uv": [53, 40], "uv_size": [4, 2]},
								"south": {"uv": [57, 35], "uv_size": [3, 2]},
								"west": {"uv": [28, 55], "uv_size": [4, 2]},
								"up": {"uv": [52, 52], "uv_size": [3, 4]},
								"down": {"uv": [53, 8], "uv_size": [3, -4]}
							}
						},
						{
							"origin": [-1.4386, 12.77145, 5.69803],
							"size": [2.62238, 1.74825, 1.1655],
							"pivot": [-0.12741, 13.64557, 6.16423],
							"rotation": [-10, 0, 0],
							"uv": {
								"north": {"uv": [57, 37], "uv_size": [3, 2]},
								"east": {"uv": [32, 63], "uv_size": [1, 2]},
								"south": {"uv": [57, 39], "uv_size": [3, 2]},
								"west": {"uv": [33, 63], "uv_size": [1, 2]},
								"up": {"uv": [61, 35], "uv_size": [3, 1]},
								"down": {"uv": [61, 37], "uv_size": [3, -1]}
							}
						},
						{
							"origin": [-1.46774, 15.10245, 4.29943],
							"size": [2.68065, 1.74825, 1.1655],
							"pivot": [-0.12741, 13.64557, 6.16423],
							"rotation": [-10, 0, 0],
							"uv": {
								"north": {"uv": [58, 10], "uv_size": [3, 2]},
								"east": {"uv": [36, 63], "uv_size": [1, 2]},
								"south": {"uv": [12, 58], "uv_size": [3, 2]},
								"west": {"uv": [37, 63], "uv_size": [1, 2]},
								"up": {"uv": [46, 61], "uv_size": [3, 1]},
								"down": {"uv": [61, 47], "uv_size": [3, -1]}
							}
						},
						{
							"origin": [-1.4386, 10.67355, 7.21318],
							"size": [2.62238, 1.74825, 1.1655],
							"pivot": [-0.12741, 13.64557, 6.16423],
							"rotation": [-10, 0, 0],
							"uv": {
								"north": {"uv": [46, 57], "uv_size": [3, 2]},
								"east": {"uv": [34, 63], "uv_size": [1, 2]},
								"south": {"uv": [56, 57], "uv_size": [3, 2]},
								"west": {"uv": [35, 63], "uv_size": [1, 2]},
								"up": {"uv": [61, 37], "uv_size": [3, 1]},
								"down": {"uv": [40, 62], "uv_size": [3, -1]}
							}
						},
						{
							"origin": [-1.49688, 9.65965, 5.96022],
							"size": [2.73893, 8.3916, 3.67132],
							"pivot": [-0.12741, 14.49648, 8.02899],
							"rotation": [25, 0, 0],
							"uv": {
								"north": {"uv": [46, 46], "uv_size": [3, 8]},
								"east": {"uv": [44, 8], "uv_size": [4, 8]},
								"south": {"uv": [0, 48], "uv_size": [3, 8]},
								"west": {"uv": [44, 16], "uv_size": [4, 8]},
								"up": {"uv": [52, 48], "uv_size": [3, 4]},
								"down": {"uv": [49, 56], "uv_size": [3, -4]}
							}
						},
						{
							"origin": [-1.90066, 22.20969, 0.3986],
							"size": [3.4965, 0.81585, 2.5641],
							"pivot": [-0.12741, 22.90899, 2.55478],
							"rotation": [-7.5, 0, 0],
							"uv": {
								"north": {"uv": [60, 38], "uv_size": [3, 1]},
								"east": {"uv": [60, 39], "uv_size": [3, 1]},
								"south": {"uv": [60, 40], "uv_size": [3, 1]},
								"west": {"uv": [60, 59], "uv_size": [3, 1]},
								"up": {"uv": [15, 54], "uv_size": [3, 3]},
								"down": {"uv": [54, 18], "uv_size": [3, -3]}
							}
						},
						{
							"origin": [-1.90066, 21.84744, 2.83145],
							"size": [3.4965, 0.81585, 2.0979],
							"pivot": [-0.12741, 22.25536, 4.1135],
							"rotation": [-14.5, 0, 0],
							"uv": {
								"north": {"uv": [60, 60], "uv_size": [3, 1]},
								"east": {"uv": [63, 15], "uv_size": [2, 1]},
								"south": {"uv": [61, 10], "uv_size": [3, 1]},
								"west": {"uv": [63, 16], "uv_size": [2, 1]},
								"up": {"uv": [56, 46], "uv_size": [3, 2]},
								"down": {"uv": [56, 54], "uv_size": [3, -2]}
							}
						},
						{
							"origin": [-1.9065, 21.58648, 4.62495],
							"size": [3.4965, 0.58275, 1.3736],
							"pivot": [-0.12741, 21.81958, 5.5658],
							"rotation": [-21.5, 0, 0],
							"uv": {
								"north": {"uv": [61, 28], "uv_size": [3, 1]},
								"east": {"uv": [64, 53], "uv_size": [1, 1]},
								"south": {"uv": [32, 61], "uv_size": [3, 1]},
								"west": {"uv": [64, 55], "uv_size": [1, 1]},
								"up": {"uv": [61, 32], "uv_size": [3, 1]},
								"down": {"uv": [61, 34], "uv_size": [3, -1]}
							}
						},
						{
							"origin": [-1.11809, 23.20884, 0.19099],
							"size": [1.98135, 1.28205, 2.7972],
							"pivot": [-0.12741, 23.00488, 2.23062],
							"rotation": [-7.5, 0, 0],
							"uv": {
								"north": {"uv": [56, 62], "uv_size": [2, 1]},
								"east": {"uv": [60, 8], "uv_size": [3, 1]},
								"south": {"uv": [58, 62], "uv_size": [2, 1]},
								"west": {"uv": [60, 9], "uv_size": [3, 1]},
								"up": {"uv": [49, 56], "uv_size": [2, 3]},
								"down": {"uv": [51, 59], "uv_size": [2, -3]}
							}
						},
						{
							"origin": [-1.11809, 23.33358, 2.83123],
							"size": [1.98135, 1.28205, 2.0979],
							"pivot": [-0.12741, 23.15875, 2.07365],
							"rotation": [-14.5, 0, 0],
							"uv": {
								"north": {"uv": [60, 62], "uv_size": [2, 1]},
								"east": {"uv": [62, 61], "uv_size": [2, 1]},
								"south": {"uv": [62, 62], "uv_size": [2, 1]},
								"west": {"uv": [0, 63], "uv_size": [2, 1]},
								"up": {"uv": [32, 59], "uv_size": [2, 2]},
								"down": {"uv": [34, 61], "uv_size": [2, -2]}
							}
						},
						{
							"origin": [-1.11809, 23.39833, 4.81002],
							"size": [1.98135, 1.6317, 4.06993],
							"pivot": [1.85394, 23.57316, 2.00964],
							"rotation": [-22, 0, 0],
							"uv": {
								"north": {"uv": [36, 59], "uv_size": [2, 2]},
								"east": {"uv": [51, 19], "uv_size": [5, 2]},
								"south": {"uv": [40, 59], "uv_size": [2, 2]},
								"west": {"uv": [22, 53], "uv_size": [5, 2]},
								"up": {"uv": [44, 50], "uv_size": [2, 5]},
								"down": {"uv": [53, 31], "uv_size": [2, -5]}
							}
						},
						{
							"origin": [-1.85066, 22.08715, 5.97762],
							"size": [3.4965, 1.54429, 3.8965],
							"pivot": [1.85394, 23.57316, 2.00964],
							"rotation": [-22, 0, 0],
							"uv": {
								"north": {"uv": [15, 57], "uv_size": [3, 2]},
								"east": {"uv": [57, 15], "uv_size": [3, 2]},
								"south": {"uv": [57, 26], "uv_size": [3, 2]},
								"west": {"uv": [28, 57], "uv_size": [3, 2]},
								"up": {"uv": [55, 11], "uv_size": [3, 3]},
								"down": {"uv": [12, 58], "uv_size": [3, -3]}
							}
						},
						{
							"origin": [-1.11809, 23.31691, -5.662],
							"size": [1.98135, 1.3986, 6.0606],
							"uv": {
								"north": {"uv": [36, 62], "uv_size": [2, 1]},
								"east": {"uv": [56, 6], "uv_size": [6, 1]},
								"south": {"uv": [40, 62], "uv_size": [2, 1]},
								"west": {"uv": [56, 7], "uv_size": [6, 1]},
								"up": {"uv": [40, 50], "uv_size": [2, 6]},
								"down": {"uv": [42, 56], "uv_size": [2, -6]}
							}
						},
						{
							"origin": [-0.76844, 24.71551, -6.47785],
							"size": [1.28205, 0.34965, 2.68065],
							"uv": {
								"north": {"uv": [65, 42], "uv_size": [1, 1]},
								"east": {"uv": [61, 47], "uv_size": [3, 1]},
								"south": {"uv": [43, 65], "uv_size": [1, 1]},
								"west": {"uv": [49, 61], "uv_size": [3, 1]},
								"up": {"uv": [29, 61], "uv_size": [1, 3]},
								"down": {"uv": [43, 64], "uv_size": [1, -3]}
							}
						},
						{
							"origin": [0.04741, 24.83206, -6.1282],
							"size": [0.52448, 0.4662, 0.81585],
							"pivot": [0.22224, 25.23999, -5.72027],
							"rotation": [0, 0, 30],
							"uv": {
								"north": {"uv": [65, 43], "uv_size": [1, 1]},
								"east": {"uv": [44, 65], "uv_size": [1, 1]},
								"south": {"uv": [65, 44], "uv_size": [1, 1]},
								"west": {"uv": [45, 65], "uv_size": [1, 1]},
								"up": {"uv": [65, 45], "uv_size": [1, 1]},
								"down": {"uv": [46, 66], "uv_size": [1, -1]}
							}
						},
						{
							"origin": [-0.85557, 24.9788, -6.1282],
							"size": [0.52448, 0.4662, 0.81585],
							"pivot": [-0.21455, 25.35758, -5.72027],
							"rotation": [0, 0, -30],
							"uv": {
								"north": {"uv": [65, 46], "uv_size": [1, 1]},
								"east": {"uv": [47, 65], "uv_size": [1, 1]},
								"south": {"uv": [65, 47], "uv_size": [1, 1]},
								"west": {"uv": [48, 65], "uv_size": [1, 1]},
								"up": {"uv": [65, 48], "uv_size": [1, 1]},
								"down": {"uv": [49, 66], "uv_size": [1, -1]}
							}
						},
						{
							"origin": [-1.80105, 23.18434, -7.0606],
							"size": [0.9324, 0.81585, 7.4592],
							"pivot": [-1.33485, 23.53399, -2.6317],
							"rotation": [0, 0, 15],
							"uv": {
								"north": {"uv": [12, 64], "uv_size": [1, 1]},
								"east": {"uv": [55, 48], "uv_size": [7, 1]},
								"south": {"uv": [64, 12], "uv_size": [1, 1]},
								"west": {"uv": [55, 49], "uv_size": [7, 1]},
								"up": {"uv": [8, 54], "uv_size": [1, 7]},
								"down": {"uv": [26, 62], "uv_size": [1, -7]}
							}
						},
						{
							"origin": [-2.07324, 23.91436, -7.0606],
							"size": [0.9324, 0.81585, 7.4592],
							"pivot": [-1.60704, 23.44816, -2.6317],
							"rotation": [0, 0, 40],
							"uv": {
								"north": {"uv": [13, 64], "uv_size": [1, 1]},
								"east": {"uv": [55, 50], "uv_size": [7, 1]},
								"south": {"uv": [64, 13], "uv_size": [1, 1]},
								"west": {"uv": [55, 51], "uv_size": [7, 1]},
								"up": {"uv": [44, 55], "uv_size": [1, 7]},
								"down": {"uv": [45, 62], "uv_size": [1, -7]}
							}
						},
						{
							"origin": [-2.07324, 24.38056, -14.17015],
							"size": [0.2331, 0.34965, 7.10955],
							"pivot": [-1.60704, 23.44816, -2.6317],
							"rotation": [0, 0, 40],
							"uv": {
								"north": {"uv": [65, 40], "uv_size": [1, 1]},
								"east": {"uv": [56, 4], "uv_size": [7, 1]},
								"south": {"uv": [41, 65], "uv_size": [1, 1]},
								"west": {"uv": [56, 5], "uv_size": [7, 1]},
								"up": {"uv": [1, 56], "uv_size": [1, 7]},
								"down": {"uv": [2, 63], "uv_size": [1, -7]}
							}
						},
						{
							"origin": [-1.79932, 23.00984, 0.24611],
							"size": [0.96154, 0.84499, 2.76806],
							"pivot": [-1.30398, 23.41776, 1.58643],
							"rotation": [-7, 1.75, 15],
							"uv": {
								"north": {"uv": [64, 37], "uv_size": [1, 1]},
								"east": {"uv": [60, 29], "uv_size": [3, 1]},
								"south": {"uv": [64, 38], "uv_size": [1, 1]},
								"west": {"uv": [60, 31], "uv_size": [3, 1]},
								"up": {"uv": [60, 32], "uv_size": [1, 3]},
								"down": {"uv": [60, 38], "uv_size": [1, -3]}
							}
						},
						{
							"origin": [-1.52314, 23.53407, 0.31276],
							"size": [0.96154, 0.81585, 2.7972],
							"pivot": [-1.0278, 23.942, 1.65309],
							"rotation": [-5.5, 4.5, 40],
							"uv": {
								"north": {"uv": [64, 35], "uv_size": [1, 1]},
								"east": {"uv": [60, 15], "uv_size": [3, 1]},
								"south": {"uv": [64, 36], "uv_size": [1, 1]},
								"west": {"uv": [60, 16], "uv_size": [3, 1]},
								"up": {"uv": [14, 60], "uv_size": [1, 3]},
								"down": {"uv": [60, 29], "uv_size": [1, -3]}
							}
						},
						{
							"origin": [-1.73063, 22.56192, 2.96413],
							"size": [0.99067, 0.84499, 2.01049],
							"pivot": [-1.15553, 23.26366, 3.89636],
							"rotation": [-14.74282, 3.79835, 14.62462],
							"uv": {
								"north": {"uv": [42, 64], "uv_size": [1, 1]},
								"east": {"uv": [63, 5], "uv_size": [2, 1]},
								"south": {"uv": [64, 42], "uv_size": [1, 1]},
								"west": {"uv": [12, 63], "uv_size": [2, 1]},
								"up": {"uv": [63, 12], "uv_size": [1, 2]},
								"down": {"uv": [14, 65], "uv_size": [1, -2]}
							}
						},
						{
							"origin": [-1.73109, 23.14945, 2.90611],
							"size": [0.99067, 0.81585, 2.0979],
							"pivot": [-1.15553, 23.26366, 3.89636],
							"rotation": [-11.70747, 9.60638, 39.23629],
							"uv": {
								"north": {"uv": [64, 39], "uv_size": [1, 1]},
								"east": {"uv": [2, 63], "uv_size": [2, 1]},
								"south": {"uv": [64, 41], "uv_size": [1, 1]},
								"west": {"uv": [63, 4], "uv_size": [2, 1]},
								"up": {"uv": [4, 63], "uv_size": [1, 2]},
								"down": {"uv": [63, 10], "uv_size": [1, -2]}
							}
						},
						{
							"origin": [-1.7063, 21.91634, 4.84684],
							"size": [0.96567, 0.84499, 3.95337],
							"pivot": [-1.17008, 22.62852, 5.83734],
							"rotation": [-21.54682, 5.53501, 14.07034],
							"uv": {
								"north": {"uv": [45, 64], "uv_size": [1, 1]},
								"east": {"uv": [58, 21], "uv_size": [5, 1]},
								"south": {"uv": [46, 64], "uv_size": [1, 1]},
								"west": {"uv": [58, 54], "uv_size": [5, 1]},
								"up": {"uv": [21, 58], "uv_size": [1, 5]},
								"down": {"uv": [22, 63], "uv_size": [1, -5]}
							}
						},
						{
							"origin": [-1.7037, 22.51085, 4.7888],
							"size": [0.96567, 0.81585, 4.01165],
							"pivot": [-1.17008, 22.62852, 5.83734],
							"rotation": [-17.28979, 13.98327, 38.09352],
							"uv": {
								"north": {"uv": [43, 64], "uv_size": [1, 1]},
								"east": {"uv": [58, 12], "uv_size": [5, 1]},
								"south": {"uv": [44, 64], "uv_size": [1, 1]},
								"west": {"uv": [58, 13], "uv_size": [5, 1]},
								"up": {"uv": [19, 58], "uv_size": [1, 5]},
								"down": {"uv": [20, 63], "uv_size": [1, -5]}
							}
						},
						{
							"origin": [0.45666, 21.91634, 4.84684],
							"size": [1.01567, 0.84499, 3.95337],
							"pivot": [0.88612, 22.62852, 5.83734],
							"rotation": [-21.54682, -5.53501, -14.07034],
							"uv": {
								"north": {"uv": [64, 52], "uv_size": [1, 1]},
								"east": {"uv": [59, 19], "uv_size": [5, 1]},
								"south": {"uv": [53, 64], "uv_size": [1, 1]},
								"west": {"uv": [59, 20], "uv_size": [5, 1]},
								"up": {"uv": [6, 59], "uv_size": [1, 5]},
								"down": {"uv": [7, 64], "uv_size": [1, -5]}
							}
						},
						{
							"origin": [0.45406, 22.51085, 4.7888],
							"size": [1.01567, 0.81585, 4.01165],
							"pivot": [0.88612, 22.62852, 5.83734],
							"rotation": [-17.28979, -13.98327, -38.09352],
							"uv": {
								"north": {"uv": [64, 51], "uv_size": [1, 1]},
								"east": {"uv": [58, 55], "uv_size": [5, 1]},
								"south": {"uv": [52, 64], "uv_size": [1, 1]},
								"west": {"uv": [58, 56], "uv_size": [5, 1]},
								"up": {"uv": [23, 58], "uv_size": [1, 5]},
								"down": {"uv": [5, 64], "uv_size": [1, -5]}
							}
						},
						{
							"origin": [0.45666, 20.41634, 8.49684],
							"size": [1.01567, 0.84499, 1.00338],
							"pivot": [0.88612, 21.12852, 9.53734],
							"rotation": [-21.54682, -5.53501, -14.07034],
							"uv": {
								"north": {"uv": [125, 55], "uv_size": [1, 1]},
								"east": {"uv": [118, 23], "uv_size": [5, 1]},
								"south": {"uv": [114, 67], "uv_size": [1, 1]},
								"west": {"uv": [118, 24], "uv_size": [6, 1]},
								"up": {"uv": [67, 62], "uv_size": [2, 5]},
								"down": {"uv": [66, 68], "uv_size": [2, -5]}
							}
						},
						{
							"origin": [0.45406, 21.01085, 8.4888],
							"size": [1.01567, 0.81585, 1.01165],
							"pivot": [0.88612, 21.12852, 9.53734],
							"rotation": [-17.28979, -13.98327, -38.09352],
							"uv": {
								"north": {"uv": [125, 54], "uv_size": [1, 1]},
								"east": {"uv": [117, 59], "uv_size": [5, 1]},
								"south": {"uv": [113, 67], "uv_size": [1, 1]},
								"west": {"uv": [117, 60], "uv_size": [6, 1]},
								"up": {"uv": [84, 61], "uv_size": [2, 5]},
								"down": {"uv": [64, 68], "uv_size": [2, -5]}
							}
						},
						{
							"origin": [-1.11809, 21.89833, 8.51002],
							"size": [1.98135, 1.6317, 1.06993],
							"pivot": [1.85394, 22.07316, 5.70964],
							"rotation": [-22, 0, 0],
							"uv": {
								"north": {"uv": [97, 62], "uv_size": [2, 2]},
								"east": {"uv": [110, 23], "uv_size": [5, 2]},
								"south": {"uv": [101, 62], "uv_size": [2, 2]},
								"west": {"uv": [81, 57], "uv_size": [6, 2]},
								"up": {"uv": [105, 53], "uv_size": [3, 5]},
								"down": {"uv": [112, 35], "uv_size": [3, -5]}
							}
						},
						{
							"origin": [-1.7037, 21.01085, 8.4888],
							"size": [0.96567, 0.81585, 1.01165],
							"pivot": [-1.17008, 21.12852, 9.53734],
							"rotation": [-17.28979, 13.98327, 38.09352],
							"uv": {
								"north": {"uv": [104, 67], "uv_size": [1, 1]},
								"east": {"uv": [117, 16], "uv_size": [5, 1]},
								"south": {"uv": [105, 67], "uv_size": [1, 1]},
								"west": {"uv": [117, 17], "uv_size": [6, 1]},
								"up": {"uv": [80, 61], "uv_size": [2, 5]},
								"down": {"uv": [79, 67], "uv_size": [2, -5]}
							}
						},
						{
							"origin": [-1.7063, 20.41634, 8.52184],
							"size": [0.96567, 0.84499, 0.97837],
							"pivot": [-1.17008, 21.12852, 9.53734],
							"rotation": [-21.54682, 5.53501, 14.07034],
							"uv": {
								"north": {"uv": [106, 67], "uv_size": [1, 1]},
								"east": {"uv": [117, 25], "uv_size": [5, 1]},
								"south": {"uv": [107, 67], "uv_size": [1, 1]},
								"west": {"uv": [117, 58], "uv_size": [6, 1]},
								"up": {"uv": [82, 61], "uv_size": [2, 5]},
								"down": {"uv": [81, 67], "uv_size": [2, -5]}
							}
						},
						{
							"origin": [0.45645, 23.14945, 2.90611],
							"size": [0.99067, 0.81585, 2.0979],
							"pivot": [0.87156, 23.26366, 3.89636],
							"rotation": [-11.70747, -9.60638, -39.23629],
							"uv": {
								"north": {"uv": [50, 64], "uv_size": [1, 1]},
								"east": {"uv": [63, 21], "uv_size": [2, 1]},
								"south": {"uv": [51, 64], "uv_size": [1, 1]},
								"west": {"uv": [22, 63], "uv_size": [2, 1]},
								"up": {"uv": [26, 63], "uv_size": [1, 2]},
								"down": {"uv": [27, 65], "uv_size": [1, -2]}
							}
						},
						{
							"origin": [0.45598, 22.56192, 2.96413],
							"size": [0.99068, 0.84499, 2.01049],
							"pivot": [0.87156, 23.26366, 3.89636],
							"rotation": [-14.74282, -3.79835, -14.62462],
							"uv": {
								"north": {"uv": [64, 48], "uv_size": [1, 1]},
								"east": {"uv": [63, 17], "uv_size": [2, 1]},
								"south": {"uv": [49, 64], "uv_size": [1, 1]},
								"west": {"uv": [19, 63], "uv_size": [2, 1]},
								"up": {"uv": [17, 63], "uv_size": [1, 2]},
								"down": {"uv": [21, 65], "uv_size": [1, -2]}
							}
						},
						{
							"origin": [0.27763, 23.53407, 0.31276],
							"size": [0.96154, 0.81585, 2.7972],
							"pivot": [0.74383, 23.942, 1.65309],
							"rotation": [-5.5, -4.5, -40],
							"uv": {
								"north": {"uv": [64, 47], "uv_size": [1, 1]},
								"east": {"uv": [61, 26], "uv_size": [3, 1]},
								"south": {"uv": [48, 64], "uv_size": [1, 1]},
								"west": {"uv": [61, 27], "uv_size": [3, 1]},
								"up": {"uv": [25, 61], "uv_size": [1, 3]},
								"down": {"uv": [28, 64], "uv_size": [1, -3]}
							}
						},
						{
							"origin": [0.55381, 23.00984, 0.24611],
							"size": [0.96154, 0.84499, 2.76806],
							"pivot": [1.02001, 23.41776, 1.58643],
							"rotation": [-7, -1.75, -15],
							"uv": {
								"north": {"uv": [64, 46], "uv_size": [1, 1]},
								"east": {"uv": [61, 11], "uv_size": [3, 1]},
								"south": {"uv": [47, 64], "uv_size": [1, 1]},
								"west": {"uv": [61, 18], "uv_size": [3, 1]},
								"up": {"uv": [8, 61], "uv_size": [1, 3]},
								"down": {"uv": [24, 64], "uv_size": [1, -3]}
							}
						},
						{
							"origin": [1.08002, 23.18434, -15.33565],
							"size": [0.4662, 0.81585, 15.73425],
							"pivot": [1.08002, 23.53399, -2.6317],
							"rotation": [0, 0, -15],
							"uv": {
								"north": {"uv": [64, 23], "uv_size": [1, 1]},
								"east": {"uv": [47, 44], "uv_size": [16, 1]},
								"south": {"uv": [24, 64], "uv_size": [1, 1]},
								"west": {"uv": [47, 45], "uv_size": [16, 1]},
								"up": {"uv": [10, 48], "uv_size": [1, 16]},
								"down": {"uv": [11, 64], "uv_size": [1, -16]}
							}
						},
						{
							"origin": [1.35222, 23.91436, -15.33565],
							"size": [0.4662, 0.81585, 15.73425],
							"pivot": [1.35222, 23.44816, -2.6317],
							"rotation": [0, 0, -40],
							"uv": {
								"north": {"uv": [64, 22], "uv_size": [1, 1]},
								"east": {"uv": [47, 42], "uv_size": [16, 1]},
								"south": {"uv": [23, 64], "uv_size": [1, 1]},
								"west": {"uv": [47, 43], "uv_size": [16, 1]},
								"up": {"uv": [48, 8], "uv_size": [1, 16]},
								"down": {"uv": [9, 64], "uv_size": [1, -16]}
							}
						},
						{
							"origin": [1.00257, 23.91436, -15.80185],
							"size": [0.81585, 0.81585, 0.4662],
							"pivot": [1.35222, 23.44816, -3.0979],
							"rotation": [0, 0, -40],
							"uv": {
								"north": {"uv": [30, 64], "uv_size": [1, 1]},
								"east": {"uv": [64, 30], "uv_size": [1, 1]},
								"south": {"uv": [31, 64], "uv_size": [1, 1]},
								"west": {"uv": [64, 32], "uv_size": [1, 1]},
								"up": {"uv": [64, 33], "uv_size": [1, 1]},
								"down": {"uv": [64, 35], "uv_size": [1, -1]}
							}
						},
						{
							"origin": [0.73037, 23.18434, -15.80185],
							"size": [0.81585, 0.81585, 0.4662],
							"pivot": [1.08002, 23.53399, -3.0979],
							"rotation": [0, 0, -15],
							"uv": {
								"north": {"uv": [25, 64], "uv_size": [1, 1]},
								"east": {"uv": [64, 26], "uv_size": [1, 1]},
								"south": {"uv": [64, 27], "uv_size": [1, 1]},
								"west": {"uv": [28, 64], "uv_size": [1, 1]},
								"up": {"uv": [64, 28], "uv_size": [1, 1]},
								"down": {"uv": [29, 65], "uv_size": [1, -1]}
							}
						},
						{
							"origin": [-2.07324, 23.91436, -15.80185],
							"size": [0.9324, 0.81585, 1.6317],
							"pivot": [-1.60704, 23.44816, -17.20045],
							"rotation": [0, 0, 40],
							"uv": {
								"north": {"uv": [64, 20], "uv_size": [1, 1]},
								"east": {"uv": [50, 62], "uv_size": [2, 1]},
								"south": {"uv": [22, 64], "uv_size": [1, 1]},
								"west": {"uv": [62, 51], "uv_size": [2, 1]},
								"up": {"uv": [52, 62], "uv_size": [1, 2]},
								"down": {"uv": [53, 64], "uv_size": [1, -2]}
							}
						},
						{
							"origin": [-1.80105, 23.18434, -15.80185],
							"size": [0.9324, 0.81585, 1.6317],
							"pivot": [-1.33485, 23.53399, -17.20045],
							"rotation": [0, 0, 15],
							"uv": {
								"north": {"uv": [64, 19], "uv_size": [1, 1]},
								"east": {"uv": [48, 62], "uv_size": [2, 1]},
								"south": {"uv": [20, 64], "uv_size": [1, 1]},
								"west": {"uv": [62, 48], "uv_size": [2, 1]},
								"up": {"uv": [42, 62], "uv_size": [1, 2]},
								"down": {"uv": [62, 51], "uv_size": [1, -2]}
							}
						},
						{
							"origin": [-1.11809, 21.91831, -7.0606],
							"size": [1.98135, 2.7972, 1.3986],
							"uv": {
								"north": {"uv": [40, 56], "uv_size": [2, 3]},
								"east": {"uv": [12, 60], "uv_size": [1, 3]},
								"south": {"uv": [42, 56], "uv_size": [2, 3]},
								"west": {"uv": [13, 60], "uv_size": [1, 3]},
								"up": {"uv": [44, 62], "uv_size": [2, 1]},
								"down": {"uv": [46, 63], "uv_size": [2, -1]}
							}
						},
						{
							"origin": [-1.87566, 21.91831, -7.0606],
							"size": [0.81585, 1.3986, 1.3986],
							"uv": {
								"north": {"uv": [64, 14], "uv_size": [1, 1]},
								"east": {"uv": [15, 64], "uv_size": [1, 1]},
								"south": {"uv": [16, 64], "uv_size": [1, 1]},
								"west": {"uv": [18, 64], "uv_size": [1, 1]},
								"up": {"uv": [64, 18], "uv_size": [1, 1]},
								"down": {"uv": [19, 65], "uv_size": [1, -1]}
							}
						},
						{
							"origin": [-1.11809, 24.48241, -14.17015],
							"size": [1.98135, 0.2331, 7.10955],
							"uv": {
								"north": {"uv": [32, 62], "uv_size": [2, 1]},
								"east": {"uv": [55, 14], "uv_size": [7, 1]},
								"south": {"uv": [34, 62], "uv_size": [2, 1]},
								"west": {"uv": [55, 30], "uv_size": [7, 1]},
								"up": {"uv": [49, 8], "uv_size": [2, 7]},
								"down": {"uv": [49, 22], "uv_size": [2, -7]}
							}
						},
						{
							"origin": [-1.11809, 23.31691, -15.80185],
							"size": [1.98135, 1.3986, 1.6317],
							"uv": {
								"north": {"uv": [52, 61], "uv_size": [2, 1]},
								"east": {"uv": [56, 61], "uv_size": [2, 1]},
								"south": {"uv": [61, 57], "uv_size": [2, 1]},
								"west": {"uv": [61, 58], "uv_size": [2, 1]},
								"up": {"uv": [24, 59], "uv_size": [2, 2]},
								"down": {"uv": [28, 61], "uv_size": [2, -2]}
							}
						},
						{
							"origin": [-0.76844, 22.61761, -17.0839],
							"size": [1.8648, 1.8648, 1.3986],
							"pivot": [-0.12741, 23.72484, -16.96735],
							"rotation": [0, 0, 45],
							"uv": {
								"north": {"uv": [42, 59], "uv_size": [2, 2]},
								"east": {"uv": [63, 38], "uv_size": [1, 2]},
								"south": {"uv": [46, 59], "uv_size": [2, 2]},
								"west": {"uv": [40, 63], "uv_size": [1, 2]},
								"up": {"uv": [63, 31], "uv_size": [2, 1]},
								"down": {"uv": [63, 41], "uv_size": [2, -1]}
							}
						},
						{
							"origin": [-0.18569, 21.56866, -21.7459],
							"size": [0.2331, 0.81585, 6.0606],
							"uv": {
								"north": {"uv": [56, 64], "uv_size": [1, 1]},
								"east": {"uv": [57, 17], "uv_size": [6, 1]},
								"south": {"uv": [64, 56], "uv_size": [1, 1]},
								"west": {"uv": [57, 41], "uv_size": [6, 1]},
								"up": {"uv": [31, 57], "uv_size": [1, 6]},
								"down": {"uv": [18, 64], "uv_size": [1, -6]}
							}
						},
						{
							"origin": [-0.65189, 22.73416, -54.613],
							"size": [1.6317, 1.6317, 37.5291],
							"pivot": [-0.12741, 23.72484, -16.96735],
							"rotation": [0, 0, 45],
							"uv": {
								"north": {"uv": [59, 46], "uv_size": [2, 2]},
								"east": {"uv": [32, 0], "uv_size": [38, 2]},
								"south": {"uv": [48, 59], "uv_size": [2, 2]},
								"west": {"uv": [32, 2], "uv_size": [38, 2]},
								"up": {"uv": [32, 4], "uv_size": [2, 38]},
								"down": {"uv": [34, 42], "uv_size": [2, -38]}
							}
						},
						{
							"origin": [1.32946, 20.98591, -48.20275],
							"size": [1.3986, 1.3986, 32.4009],
							"pivot": [-0.12741, 23.72484, -16.96735],
							"rotation": [0, 0, 45],
							"uv": {
								"north": {"uv": [57, 64], "uv_size": [1, 1]},
								"east": {"uv": [44, 24], "uv_size": [32, 1]},
								"south": {"uv": [64, 58], "uv_size": [1, 1]},
								"west": {"uv": [44, 25], "uv_size": [32, 1]},
								"up": {"uv": [38, 46], "uv_size": [1, 32]},
								"down": {"uv": [39, 78], "uv_size": [1, -32]}
							}
						},
						{
							"origin": [1.21291, 20.86936, -47.03725],
							"size": [1.6317, 1.6317, 1.3986],
							"pivot": [-0.12741, 23.72484, -16.96735],
							"rotation": [0, 0, 45],
							"uv": {
								"north": {"uv": [50, 59], "uv_size": [2, 2]},
								"east": {"uv": [41, 63], "uv_size": [1, 2]},
								"south": {"uv": [52, 59], "uv_size": [2, 2]},
								"west": {"uv": [63, 41], "uv_size": [1, 2]},
								"up": {"uv": [63, 43], "uv_size": [2, 1]},
								"down": {"uv": [44, 64], "uv_size": [2, -1]}
							}
						},
						{
							"origin": [-2.1429, 20.17521, -46.80415],
							"size": [1.6317, 1.1655, 0.9324],
							"pivot": [-0.045, 20.75796, -46.33795],
							"rotation": [0, 0, 90],
							"uv": {
								"north": {"uv": [63, 44], "uv_size": [2, 1]},
								"east": {"uv": [64, 59], "uv_size": [1, 1]},
								"south": {"uv": [63, 45], "uv_size": [2, 1]},
								"west": {"uv": [61, 64], "uv_size": [1, 1]},
								"up": {"uv": [46, 63], "uv_size": [2, 1]},
								"down": {"uv": [48, 64], "uv_size": [2, -1]}
							}
						},
						{
							"origin": [-0.45293, 24.57497, -53.6806],
							"size": [0.9324, 0.17483, 2.331],
							"pivot": [-0.045, 24.66238, -53.2144],
							"rotation": [0, 17.5, 90],
							"uv": {
								"north": {"uv": [65, 41], "uv_size": [1, 1]},
								"east": {"uv": [63, 60], "uv_size": [2, 1]},
								"south": {"uv": [42, 65], "uv_size": [1, 1]},
								"west": {"uv": [61, 63], "uv_size": [2, 1]},
								"up": {"uv": [63, 63], "uv_size": [1, 2]},
								"down": {"uv": [0, 66], "uv_size": [1, -2]}
							}
						},
						{
							"origin": [-1.87566, 18.88801, -15.80185],
							"size": [3.4965, 4.4289, 1.6317],
							"uv": {
								"north": {"uv": [51, 8], "uv_size": [3, 4]},
								"east": {"uv": [24, 55], "uv_size": [2, 4]},
								"south": {"uv": [12, 51], "uv_size": [3, 4]},
								"west": {"uv": [55, 26], "uv_size": [2, 4]},
								"up": {"uv": [56, 19], "uv_size": [3, 2]},
								"down": {"uv": [56, 24], "uv_size": [3, -2]}
							}
						},
						{
							"origin": [-1.87566, 19.23766, -14.17015],
							"size": [0.58275, 2.68065, 8.50815],
							"uv": {
								"north": {"uv": [58, 59], "uv_size": [1, 3]},
								"east": {"uv": [44, 26], "uv_size": [9, 3]},
								"south": {"uv": [59, 59], "uv_size": [1, 3]},
								"west": {"uv": [44, 29], "uv_size": [9, 3]},
								"up": {"uv": [27, 53], "uv_size": [1, 9]},
								"down": {"uv": [53, 40], "uv_size": [1, -9]}
							}
						},
						{
							"origin": [1.03809, 19.23766, -14.17015],
							"size": [0.58275, 4.07925, 8.50815],
							"uv": {
								"north": {"uv": [17, 59], "uv_size": [1, 4]},
								"east": {"uv": [38, 42], "uv_size": [9, 4]},
								"south": {"uv": [30, 59], "uv_size": [1, 4]},
								"west": {"uv": [44, 4], "uv_size": [9, 4]},
								"up": {"uv": [3, 54], "uv_size": [1, 9]},
								"down": {"uv": [4, 63], "uv_size": [1, -9]}
							}
						}
					]
				},
				{
					"name": "chamber",
					"parent": "main",
					"pivot": [-0.11375, 19.40348, -5.66036],
					"cubes": [
						{
							"origin": [-0.9296, 19.3452, -14.17015],
							"size": [1.6317, 0.11655, 1.1655],
							"uv": {
								"north": {"uv": [62, 7], "uv_size": [2, 1]},
								"east": {"uv": [11, 64], "uv_size": [1, 1]},
								"south": {"uv": [62, 14], "uv_size": [2, 1]},
								"west": {"uv": [64, 11], "uv_size": [1, 1]},
								"up": {"uv": [26, 62], "uv_size": [2, 1]},
								"down": {"uv": [62, 31], "uv_size": [2, -1]}
							}
						},
						{
							"origin": [-1.27925, 19.3452, -13.00465],
							"size": [2.331, 0.11655, 7.34265],
							"uv": {
								"north": {"uv": [60, 61], "uv_size": [2, 1]},
								"east": {"uv": [51, 21], "uv_size": [7, 1]},
								"south": {"uv": [62, 6], "uv_size": [2, 1]},
								"west": {"uv": [54, 18], "uv_size": [7, 1]},
								"up": {"uv": [28, 48], "uv_size": [2, 7]},
								"down": {"uv": [30, 55], "uv_size": [2, -7]}
							}
						}
					]
				},
				{
					"name": "pump",
					"parent": "main",
					"pivot": [-0.33134, 20.74895, -32.04893],
					"cubes": [
						{
							"origin": [0.65757, 20.4776, -40.61535],
							"size": [2.7, 2.7, 17.1],
							"pivot": [-0.41375, 23.71583, -21.96735],
							"rotation": [0, 0, 45],
							"uv": {
								"north": {"uv": [18, 55], "uv_size": [3, 3]},
								"east": {"uv": [36, 36], "uv_size": [17, 3]},
								"south": {"uv": [21, 55], "uv_size": [3, 3]},
								"west": {"uv": [36, 39], "uv_size": [17, 3]},
								"up": {"uv": [32, 42], "uv_size": [3, 17]},
								"down": {"uv": [35, 59], "uv_size": [3, -17]}
							}
						}
					]
				},
				{
					"name": "shell",
					"parent": "main",
					"pivot": [-0.2, 21, -9.375],
					"cubes": [
						{
							"origin": [-0.9, 20.3, -13.1],
							"size": [1.4, 1.4, 4.9],
							"pivot": [-0.2, 21, -10],
							"rotation": [0, 0, 45],
							"uv": {
								"north": {"uv": [65, 49], "uv_size": [1, 1]},
								"east": {"uv": [59, 22], "uv_size": [5, 1]},
								"south": {"uv": [50, 65], "uv_size": [1, 1]},
								"west": {"uv": [59, 23], "uv_size": [5, 1]},
								"up": {"uv": [15, 59], "uv_size": [1, 5]},
								"down": {"uv": [16, 64], "uv_size": [1, -5]}
							}
						},
						{
							"origin": [-1, 20.2, -8.2],
							"size": [1.6, 1.6, 0.2],
							"pivot": [-0.2, 21, -10],
							"rotation": [0, 0, 45],
							"uv": {
								"north": {"uv": [56, 59], "uv_size": [2, 2]},
								"east": {"uv": [1, 64], "uv_size": [1, 2]},
								"south": {"uv": [59, 57], "uv_size": [2, 2]},
								"west": {"uv": [2, 64], "uv_size": [1, 2]},
								"up": {"uv": [5, 64], "uv_size": [2, 1]},
								"down": {"uv": [64, 7], "uv_size": [2, -1]}
							}
						}
					]
				}
			]
		}
	]
}