{
    "s_win1300": {
        "sounds": [
            {
                "name": "pointblank:s_win1300",
                "stream": false
            }
        ]
    },
    "s_dvushka": {
        "sounds": [
            {
                "name": "pointblank:s_dvushka",
                "stream": false
            }
        ]
    },
    "s_fora": {
        "sounds": [
            {
                "name": "pointblank:s_fora",
                "stream": false
            }
        ]
    },
    "s_kora919": {
        "sounds": [
            {
                "name": "pointblank:s_kora919",
                "stream": false
            }
        ]
    },
    "s_usp": {
        "sounds": [
            {
                "name": "pointblank:s_usp",
                "stream": false
            }
        ]
    },
    "s_vss": {
        "sounds": [
            {
                "name": "pointblank:s_vss",
                "stream": false
            }
        ]
    },
    "s_akm": {
        "sounds": [
            {
                "name": "pointblank:s_akm",
                "stream": false
            }
        ]
    },
    "s_aksu": {
        "sounds": [
            {
                "name": "pointblank:s_aksu",
                "stream": false
            }
        ]
    },
    "s_sgi": {
        "sounds": [
            {
                "name": "pointblank:s_sgi",
                "stream": false
            }
        ]
    },
    "s_pkm": {
        "sounds": [
            {
                "name": "pointblank:s_pkm",
                "stream": false
            }
        ]
    },
    "s_lr300": {
        "sounds": [
            {
                "name": "pointblank:s_lr300",
                "stream": false
            }
        ]
    },
    "s_svd": {
        "sounds": [
            {
                "name": "pointblank:s_svd",
                "stream": false
            }
        ]
    },
    "s_il86": {
        "sounds": [
            {
                "name": "pointblank:s_il86",
                "stream": false
            }
        ]
    },
    "s_abakan": {
        "sounds": [
            {
                "name": "pointblank:s_abakan",
                "stream": false
            }
        ]
    },
    "s_pm": {
        "sounds": [
            {
                "name": "pointblank:s_pm",
                "stream": false
            }
        ]
    },
    "s_pb": {
        "sounds": [
            {
                "name": "pointblank:s_pb",
                "stream": false
            }
        ]
    },
    "s_as_val": {
        "sounds": [
            {
                "name": "pointblank:s_as_val",
                "stream": false
            }
        ]
    },
    "s_groza": {
        "sounds": [
            {
                "name": "pointblank:s_groza",
                "stream": false
            }
        ]
    }
}