{
  "name" : "s_fora",
  "type": "Gun",
  "maxAmmoCapacity" : 12,
  "compatibleAmmo" : ["ammocreative", "s_9x18_ammo", "s_9x18p_ammo"],
  "damage" : 5.0,
  "rpm" : 500,
  "fireModes" : ["SINGLE"],
  "fireSound" : "s_fora",
  "drawCooldownDuration" : 900,
  "aimingZoom" : 0.3,
  "gunRecoilInitialAmplitude" : 0.8,
  "shakeRecoilAmplitude" : 0.35,
  "shakeRecoilSpeed" : 2,
  "viewRecoilAmplitude" : 2,
  "inspectCooldownDuration": 4200,
  "glowingParts": [
    {
      "name": "glowy" 
    }
  ],
  "phasedReloads": [
    {
      "phase": "RELOADING",
      "condition": "reloadIterationIndex == 0",
      "duration": 3000,
      "animation": "animation.model.reloadempty",
      "shakeEffects": [
        {
          "start": 0,
          "duration": 1500,
          "initialAmplitude": 0.3,
          "rateOfAmplitudeDecay": 0.3
        },
        {
          "start": 400,
          "duration": 1000,
          "initialAmplitude": 0.3,
          "rateOfAmplitudeDecay": 0.5
        },
        {
          "start": 1330,
          "duration": 600,
          "initialAmplitude": 0.3,
          "rateOfAmplitudeDecay": 0.5
        },
        {
          "start": 2030,
          "duration": 600,
          "initialAmplitude": 0.15,
          "rateOfAmplitudeDecay": 0.3
        }
      ]
    },
    {
      "phase": "RELOADING",
      "condition": "reloadIterationIndex > 0",
      "duration": 2400,
      "animation": "animation.model.reload",						
      "shakeEffects": [
        {
          "start": 0,
          "duration": 1500,
          "initialAmplitude": 0.3,
          "rateOfAmplitudeDecay": 0.3
        },
        {
          "start": 270,
          "duration": 1000,
          "initialAmplitude": 0.3,
          "rateOfAmplitudeDecay": 0.5
        },
        {
          "start": 1030,
          "duration": 600,
          "initialAmplitude": 0.3,
          "rateOfAmplitudeDecay": 0.5
        }
      ]
    }
  ],
  "effects": [
  	{ 
		"phase": "hit_scan_acquired",
		"name": "tracer"
  	},
        { 
		"phase": "firing",
		"name": "muzzle_flash"
  	}
  ]
}