{
  "name" : "s_obrez",
  "type": "Gun",
  "maxAmmoCapacity" : 2,
  "maxAmmoPerReloadIteration" : 1,
  "compatibleAmmo" : ["ammocreative", "s_12x70_buckshot_ammo", "s_12x70_slug_ammo", "s_12x70_dart_ammo"],
  "pelletCount" : 30,
  "pelletSpread" : 0.1,
  "damage" : 2.5,
  "rpm" : 400,
  "reloadCooldownDuration" : 2500,
  "fireModes" : ["SINGLE"],
  "fireSound" : "s_dvushka",
  "drawCooldownDuration" : 1400,
  "aimingZoom" : 0.25,
  "gunRecoilInitialAmplitude" : 0.8,
  "shakeRecoilAmplitude" : 0.65,
  "shakeRecoilSpeed" : 3.5,
  "viewRecoilAmplitude" : 7,
  "inspectCooldownDuration" : 4300,
  "muzzleFlashScale" : 2.5,
  "phasedReloads": [
    {
      "phase": "PREPARING",
      "condition": "reloadIterationIndex == -1",
      "duration": 800,
      "animation": "animation.model.prepareempty",
	"shakeEffects": [
        {
            "start": 0,
            "duration": 1500,
            "initialAmplitude": 0.1,
            "rateOfAmplitudeDecay": 0.8
        },
        {
            "start": 230,
            "duration": 600,
            "initialAmplitude": 0.3,
            "rateOfAmplitudeDecay": 0.5
        }
      ]
    },
    {
      "phase": "PREPARING",
      "condition": "reloadIterationIndex >= 0",
      "duration": 800,
      "animation": "animation.model.prepareoneshot",
	"shakeEffects": [
        {
            "start": 0,
            "duration": 1500,
            "initialAmplitude": 0.1,
            "rateOfAmplitudeDecay": 0.8
        },
        {
            "start": 230,
            "duration": 600,
            "initialAmplitude": 0.3,
            "rateOfAmplitudeDecay": 0.5
        }
      ]
    },
    {
      "phase": "RELOADING",
      "condition": "reloadIterationIndex == 0",
      "duration": 1000,
      "animation": "animation.model.loadfirst",
      "shakeEffects": [
        {
          "start": 0,
          "duration": 1500,
          "initialAmplitude": 0.1,
          "rateOfAmplitudeDecay": 0.8
        },
        {
          "start": 400,
          "duration": 600,
          "initialAmplitude": 0.2,
          "rateOfAmplitudeDecay": 0.5
        }
      ]
    },
    {
      "phase": "RELOADING",
      "condition": "reloadIterationIndex == 1",
      "duration": 1000,
      "animation": "animation.model.loadsecond",						
      "shakeEffects": [
        {
          "start": 0,
          "duration": 1500,
          "initialAmplitude": 0.1,
          "rateOfAmplitudeDecay": 0.8
        },
        {
          "start": 400,
          "duration": 600,
          "initialAmplitude": 0.2,
          "rateOfAmplitudeDecay": 0.5
        }
      ]
    },
    {
      "phase": "COMPLETETING",
      "condition": "ammoCount == 1",
      "duration": 1300,
      "animation": "animation.model.finishoneshot",
      "shakeEffects": [
        {
          "start": 0,
          "duration": 1500,
          "initialAmplitude": 0.1,
          "rateOfAmplitudeDecay": 0.8
        },
        {
          "start": 270,
          "duration": 600,
          "initialAmplitude": 0.25,
          "rateOfAmplitudeDecay": 0.5
        }
      ]
    },
    {
      "phase": "COMPLETETING",
      "condition": "ammoCount == 2",
      "duration": 1300,
      "animation": "animation.model.finishfull",
      "shakeEffects": [
        {
          "start": 0,
          "duration": 1500,
          "initialAmplitude": 0.1,
          "rateOfAmplitudeDecay": 0.8
        },
        {
          "start": 270,
          "duration": 600,
          "initialAmplitude": 0.25,
          "rateOfAmplitudeDecay": 0.5
        }
      ]
    }
  ],
  "effects": [
        {
                "phase": "hit_scan_acquired",
                "name": "tracer"
        },
        {
                "phase": "firing",
                "name": "muzzle_flash"
        }
  ]
}