{
  "name" : "s_svd",
  "type": "Gun",
  "maxAmmoCapacity" : 10,
  "compatibleAmmo" : ["ammocreative", "s_762x54", "s_762x54ap", "s_762x54r"],
  "damage" : 15.0,
  "rpm" : 150,
  "fireModes" : ["SINGLE"],
  "fireSound" : "s_svd",
  "drawCooldownDuration" : 1200,
  "gunRecoilInitialAmplitude" : 1.3,
  "shakeRecoilAmplitude" : 0.35,
  "shakeRecoilSpeed" : 2,
  "viewRecoilAmplitude" : 8,
  "inspectCooldownDuration": 4270,
  "muzzleFlashScale" : 2,
  "aimingZoom" : 0.6,
  "pipScopeZoom" : 0.9,
  "bobbingOnAim" : 0.1,
  "reticleOverlay" : "textures/gui/s_pso_scope_pip.png",
  "scopeOverlay" : "textures/gui/pso_scope.png",
  "phasedReloads": [
    {
      "phase": "RELOADING",
      "condition": "reloadIterationIndex == 0",
      "duration": 3470,
      "animation": "animation.model.reloadempty",
      "shakeEffects": [
        {
          "start": 0,
          "duration": 1500,
          "initialAmplitude": 0.1,
          "rateOfAmplitudeDecay": 0.8
        },
        {
          "start": 200,
          "duration": 700,
          "initialAmplitude": 0.1,
          "rateOfAmplitudeDecay": 0.4
        },
        {
          "start": 370,
          "duration": 500,
          "initialAmplitude": 0.2,
          "rateOfAmplitudeDecay": 0.4
        },
        {
          "start": 1070,
          "duration": 1500,
          "initialAmplitude": 0.2,
          "rateOfAmplitudeDecay": 0.4
        },
        {
          "start": 1830,
          "duration": 800,
          "initialAmplitude": 0.17,
          "rateOfAmplitudeDecay": 0.3
        },
        {
          "start": 2300,
          "duration": 800,
          "initialAmplitude": 0.25,
          "rateOfAmplitudeDecay": 0.4
        },
        {
          "start": 2800,
          "duration": 1000,
          "initialAmplitude": 0.2,
          "rateOfAmplitudeDecay": 0.5
        },
        {
          "start": 2930,
          "duration": 400,
          "initialAmplitude": 0.1,
          "rateOfAmplitudeDecay": 0.4
        }
      ]
    },
    {
      "phase": "RELOADING",
      "condition": "reloadIterationIndex > 0",
      "duration": 2530,
      "animation": "animation.model.reload",						
      "shakeEffects": [
        {
          "start": 0,
          "duration": 1500,
          "initialAmplitude": 0.1,
          "rateOfAmplitudeDecay": 0.8
        },
        {
          "start": 530,
          "duration": 1500,
          "initialAmplitude": 0.2,
          "rateOfAmplitudeDecay": 0.4
        },
        {
          "start": 1370,
          "duration": 800,
          "initialAmplitude": 0.17,
          "rateOfAmplitudeDecay": 0.5
        },
        {
          "start": 1730,
          "duration": 700,
          "initialAmplitude": 0.2,
          "rateOfAmplitudeDecay": 0.3
        }
      ]
    }
  ],
  "effects": [
        {
                "phase": "hit_scan_acquired",
                "name": "tracer"
        },
        {
                "phase": "firing",
                "name": "muzzle_flash"
        }
  ]
}