{
  "name" : "s_vss",
  "type": "Gun",
  "maxAmmoCapacity" : 10,
  "compatibleAmmo" : ["ammocreative", "s_9x39", "s_9x39sp5", "s_9x39sp6"],
  "damage" : 5.0,
  "rpm" : 850,
  "fireModes" : ["SINGLE"],
  "fireSound" : "s_vss",
  "drawCooldownDuration" : 1200,
  "gunRecoilInitialAmplitude" : 0.8,
  "shakeRecoilAmplitude" : 0.35,
  "shakeRecoilSpeed" : 2,
  "viewRecoilAmplitude" : 2,
  "inspectCooldownDuration": 3700,
  "aimingZoom" : 0.6,
  "pipScopeZoom" : 0.9,
  "bobbingOnAim" : 0.1,
  "reticleOverlay" : "textures/gui/s_pso_scope_pip.png",
  "scopeOverlay" : "textures/gui/pso_scope.png",
  "phasedReloads": [
    {
      "phase": "RELOADING",
      "condition": "reloadIterationIndex == 0",
      "duration": 3200,
      "animation": "animation.model.reloadempty",
      "shakeEffects": [
        {
          "start": 0,
          "duration": 1500,
          "initialAmplitude": 0.2,
          "rateOfAmplitudeDecay": 0.8
        },
        {
          "start": 250,
          "duration": 1000,
          "initialAmplitude": 0.2,
          "rateOfAmplitudeDecay": 0.5
        },
        {
          "start": 800,
          "duration": 1000,
          "initialAmplitude": 0.15,
          "rateOfAmplitudeDecay": 0.5
        },
        {
          "start": 1100,
          "duration": 600,
          "initialAmplitude": 0.2,
          "rateOfAmplitudeDecay": 0.3
        },
        {
          "start": 1600,
          "duration": 400,
          "initialAmplitude": 0.35,
          "rateOfAmplitudeDecay": 0.3
        },
        {
          "start": 2250,
          "duration": 700,
          "initialAmplitude": 0.5,
          "rateOfAmplitudeDecay": 0.3
        }
      ]
    },
    {
      "phase": "RELOADING",
      "condition": "reloadIterationIndex > 0",
      "duration": 1900,
      "animation": "animation.model.reload",						
      "shakeEffects": [
        {
          "start": 0,
          "duration": 1500,
          "initialAmplitude": 0.2,
          "rateOfAmplitudeDecay": 0.8
        },
        {
          "start": 600,
          "duration": 1000,
          "initialAmplitude": 0.15,
          "rateOfAmplitudeDecay": 0.5
        },
        {
          "start": 900,
          "duration": 800,
          "initialAmplitude": 0.17,
          "rateOfAmplitudeDecay": 0.5
        },
        {
          "start": 1000,
          "duration": 400,
          "initialAmplitude": 0.22,
          "rateOfAmplitudeDecay": 0.6
        }
      ]
    }
  ],
  "effects": [
        {
                "phase": "hit_scan_acquired",
                "name": "tracer"
        },
        {
                "phase": "firing",
                "name": "muzzle_flash"
        }
  ]
}